[2026-08-16 18:18:50] local.ERROR: SQLSTATE[08006] [7] connection to server at "127.0.0.1", port 5432 failed: fe_sendauth: no password supplied (Connection: pgsql, SQL: select exists (select 1 from pg_class c, pg_namespace n where n.nspname = 'public' and c.relname = 'migrations' and c.relkind in ('r', 'p') and n.oid = c.relnamespace)) {"exception":"[object] (Illuminate\\Database\\QueryException(code: 7): SQLSTATE[08006] [7] connection to server at \"127.0.0.1\", port 5432 failed: fe_sendauth: no password supplied (Connection: pgsql, SQL: select exists (select 1 from pg_class c, pg_namespace n where n.nspname = 'public' and c.relname = 'migrations' and c.relkind in ('r', 'p') and n.oid = c.relnamespace)) at C:/Users/User/Downloads/wihsata final/wihsata-combined/wihsata-api/vendor/laravel/framework/src/Illuminate/Database/Connection.php:825)
[stacktrace]
#0 C:/Users/User/Downloads/wihsata final/wihsata-combined/wihsata-api/vendor/laravel/framework/src/Illuminate/Database/Connection.php(779): Illuminate/Database/Connection->runQueryCallback('select exists (...', Array, Object(Closure))
#1 C:/Users/User/Downloads/wihsata final/wihsata-combined/wihsata-api/vendor/laravel/framework/src/Illuminate/Database/Connection.php(398): Illuminate/Database/Connection->run('select exists (...', Array, Object(Closure))
#2 C:/Users/User/Downloads/wihsata final/wihsata-combined/wihsata-api/vendor/laravel/framework/src/Illuminate/Database/Connection.php(344): Illuminate/Database/Connection->select('select exists (...', Array, true)
#3 C:/Users/User/Downloads/wihsata final/wihsata-combined/wihsata-api/vendor/laravel/framework/src/Illuminate/Database/Connection.php(361): Illuminate/Database/Connection->selectOne('select exists (...', Array, true)
#4 C:/Users/User/Downloads/wihsata final/wihsata-combined/wihsata-api/vendor/laravel/framework/src/Illuminate/Database/Schema/PostgresBuilder.php(52): Illuminate/Database/Connection->scalar('select exists (...')
#5 C:/Users/User/Downloads/wihsata final/wihsata-combined/wihsata-api/vendor/laravel/framework/src/Illuminate/Database/Migrations/DatabaseMigrationRepository.php(184): Illuminate/Database/Schema/PostgresBuilder->hasTable('migrations')
#6 C:/Users/User/Downloads/wihsata final/wihsata-combined/wihsata-api/vendor/laravel/framework/src/Illuminate/Database/Migrations/Migrator.php(742): Illuminate/Database/Migrations/DatabaseMigrationRepository->repositoryExists()
#7 C:/Users/User/Downloads/wihsata final/wihsata-combined/wihsata-api/vendor/laravel/framework/src/Illuminate/Database/Console/Migrations/MigrateCommand.php(165): Illuminate/Database/Migrations/Migrator->repositoryExists()
#8 C:/Users/User/Downloads/wihsata final/wihsata-combined/wihsata-api/vendor/laravel/framework/src/Illuminate/Support/helpers.php(338): Illuminate/Database/Console/Migrations/MigrateCommand->Illuminate/Database/Console/Migrations/{closure}(1)
#9 C:/Users/User/Downloads/wihsata final/wihsata-combined/wihsata-api/vendor/laravel/framework/src/Illuminate/Database/Console/Migrations/MigrateCommand.php(165): retry(1, Object(Closure), 0, Object(Closure))
#10 C:/Users/User/Downloads/wihsata final/wihsata-combined/wihsata-api/vendor/laravel/framework/src/Illuminate/Database/Console/Migrations/MigrateCommand.php(141): Illuminate/Database/Console/Migrations/MigrateCommand->repositoryExists()
#11 C:/Users/User/Downloads/wihsata final/wihsata-combined/wihsata-api/vendor/laravel/framework/src/Illuminate/Database/Console/Migrations/MigrateCommand.php(111): Illuminate/Database/Console/Migrations/MigrateCommand->prepareDatabase()
#12 C:/Users/User/Downloads/wihsata final/wihsata-combined/wihsata-api/vendor/laravel/framework/src/Illuminate/Database/Migrations/Migrator.php(658): Illuminate/Database/Console/Migrations/MigrateCommand->Illuminate/Database/Console/Migrations/{closure}()
#13 C:/Users/User/Downloads/wihsata final/wihsata-combined/wihsata-api/vendor/laravel/framework/src/Illuminate/Database/Console/Migrations/MigrateCommand.php(110): Illuminate/Database/Migrations/Migrator->usingConnection(NULL, Object(Closure))
#14 C:/Users/User/Downloads/wihsata final/wihsata-combined/wihsata-api/vendor/laravel/framework/src/Illuminate/Database/Console/Migrations/MigrateCommand.php(89): Illuminate/Database/Console/Migrations/MigrateCommand->runMigrations()
#15 C:/Users/User/Downloads/wihsata final/wihsata-combined/wihsata-api/vendor/laravel/framework/src/Illuminate/Container/BoundMethod.php(36): Illuminate/Database/Console/Migrations/MigrateCommand->handle()
#16 C:/Users/User/Downloads/wihsata final/wihsata-combined/wihsata-api/vendor/laravel/framework/src/Illuminate/Container/Util.php(43): Illuminate/Container/BoundMethod::Illuminate/Container/{closure}()
#17 C:/Users/User/Downloads/wihsata final/wihsata-combined/wihsata-api/vendor/laravel/framework/src/Illuminate/Container/BoundMethod.php(95): Illuminate/Container/Util::unwrapIfClosure(Object(Closure))
#18 C:/Users/User/Downloads/wihsata final/wihsata-combined/wihsata-api/vendor/laravel/framework/src/Illuminate/Container/BoundMethod.php(35): Illuminate/Container/BoundMethod::callBoundMethod(Object(Illuminate/Foundation/Application), Array, Object(Closure))
#19 C:/Users/User/Downloads/wihsata final/wihsata-combined/wihsata-api/vendor/laravel/framework/src/Illuminate/Container/Container.php(696): Illuminate/Container/BoundMethod::call(Object(Illuminate/Foundation/Application), Array, Array, NULL)
#20 C:/Users/User/Downloads/wihsata final/wihsata-combined/wihsata-api/vendor/laravel/framework/src/Illuminate/Console/Command.php(213): Illuminate/Container/Container->call(Array)
#21 C:/Users/User/Downloads/wihsata final/wihsata-combined/wihsata-api/vendor/symfony/console/Command/Command.php(341): Illuminate/Console/Command->execute(Object(Symfony/Component/Console/Input/ArgvInput), Object(Illuminate/Console/OutputStyle))
#22 C:/Users/User/Downloads/wihsata final/wihsata-combined/wihsata-api/vendor/laravel/framework/src/Illuminate/Console/Command.php(182): Symfony/Component/Console/Command/Command->run(Object(Symfony/Component/Console/Input/ArgvInput), Object(Illuminate/Console/OutputStyle))
#23 C:/Users/User/Downloads/wihsata final/wihsata-combined/wihsata-api/vendor/symfony/console/Application.php(1117): Illuminate/Console/Command->run(Object(Symfony/Component/Console/Input/ArgvInput), Object(Symfony/Component/Console/Output/ConsoleOutput))
#24 C:/Users/User/Downloads/wihsata final/wihsata-combined/wihsata-api/vendor/symfony/console/Application.php(356): Symfony/Component/Console/Application->doRunCommand(Object(Illuminate/Database/Console/Migrations/MigrateCommand), Object(Symfony/Component/Console/Input/ArgvInput), Object(Symfony/Component/Console/Output/ConsoleOutput))
#25 C:/Users/User/Downloads/wihsata final/wihsata-combined/wihsata-api/vendor/symfony/console/Application.php(195): Symfony/Component/Console/Application->doRun(Object(Symfony/Component/Console/Input/ArgvInput), Object(Symfony/Component/Console/Output/ConsoleOutput))
#26 C:/Users/User/Downloads/wihsata final/wihsata-combined/wihsata-api/vendor/laravel/framework/src/Illuminate/Foundation/Console/Kernel.php(198): Symfony/Component/Console/Application->run(Object(Symfony/Component/Console/Input/ArgvInput), Object(Symfony/Component/Console/Output/ConsoleOutput))
#27 C:/Users/User/Downloads/wihsata final/wihsata-combined/wihsata-api/vendor/laravel/framework/src/Illuminate/Foundation/Application.php(1235): Illuminate/Foundation/Console/Kernel->handle(Object(Symfony/Component/Console/Input/ArgvInput), Object(Symfony/Component/Console/Output/ConsoleOutput))
#28 C:/Users/User/Downloads/wihsata final/wihsata-combined/wihsata-api/artisan(16): Illuminate/Foundation/Application->handleCommand(Object(Symfony/Component/Console/Input/ArgvInput))
#29 {main}

[previous exception] [object] (PDOException(code: 7): SQLSTATE[08006] [7] connection to server at \"127.0.0.1\", port 5432 failed: fe_sendauth: no password supplied at C:/Users/User/Downloads/wihsata final/wihsata-combined/wihsata-api/vendor/laravel/framework/src/Illuminate/Database/Connectors/Connector.php:66)
[stacktrace]
#0 C:/Users/User/Downloads/wihsata final/wihsata-combined/wihsata-api/vendor/laravel/framework/src/Illuminate/Database/Connectors/Connector.php(66): PDO->__construct('pgsql:host=127....', 'postgres', Object(SensitiveParameterValue), Array)
#1 C:/Users/User/Downloads/wihsata final/wihsata-combined/wihsata-api/vendor/laravel/framework/src/Illuminate/Database/Connectors/Connector.php(44): Illuminate/Database/Connectors/Connector->createPdoConnection('pgsql:host=127....', 'postgres', Object(SensitiveParameterValue), Array)
#2 C:/Users/User/Downloads/wihsata final/wihsata-combined/wihsata-api/vendor/laravel/framework/src/Illuminate/Database/Connectors/PostgresConnector.php(35): Illuminate/Database/Connectors/Connector->createConnection('pgsql:host=127....', Array, Array)
#3 C:/Users/User/Downloads/wihsata final/wihsata-combined/wihsata-api/vendor/laravel/framework/src/Illuminate/Database/Connectors/ConnectionFactory.php(185): Illuminate/Database/Connectors/PostgresConnector->connect(Array)
#4 [internal function]: Illuminate/Database/Connectors/ConnectionFactory->Illuminate/Database/Connectors/{closure}()
#5 C:/Users/User/Downloads/wihsata final/wihsata-combined/wihsata-api/vendor/laravel/framework/src/Illuminate/Database/Connection.php(1231): call_user_func(Object(Closure))
#6 C:/Users/User/Downloads/wihsata final/wihsata-combined/wihsata-api/vendor/laravel/framework/src/Illuminate/Database/Connection.php(1267): Illuminate/Database/Connection->getPdo()
#7 C:/Users/User/Downloads/wihsata final/wihsata-combined/wihsata-api/vendor/laravel/framework/src/Illuminate/Database/Connection.php(512): Illuminate/Database/Connection->getReadPdo()
#8 C:/Users/User/Downloads/wihsata final/wihsata-combined/wihsata-api/vendor/laravel/framework/src/Illuminate/Database/Connection.php(407): Illuminate/Database/Connection->getPdoForSelect(true)
#9 C:/Users/User/Downloads/wihsata final/wihsata-combined/wihsata-api/vendor/laravel/framework/src/Illuminate/Database/Connection.php(812): Illuminate/Database/Connection->Illuminate/Database/{closure}('select exists (...', Array)
#10 C:/Users/User/Downloads/wihsata final/wihsata-combined/wihsata-api/vendor/laravel/framework/src/Illuminate/Database/Connection.php(779): Illuminate/Database/Connection->runQueryCallback('select exists (...', Array, Object(Closure))
#11 C:/Users/User/Downloads/wihsata final/wihsata-combined/wihsata-api/vendor/laravel/framework/src/Illuminate/Database/Connection.php(398): Illuminate/Database/Connection->run('select exists (...', Array, Object(Closure))
#12 C:/Users/User/Downloads/wihsata final/wihsata-combined/wihsata-api/vendor/laravel/framework/src/Illuminate/Database/Connection.php(344): Illuminate/Database/Connection->select('select exists (...', Array, true)
#13 C:/Users/User/Downloads/wihsata final/wihsata-combined/wihsata-api/vendor/laravel/framework/src/Illuminate/Database/Connection.php(361): Illuminate/Database/Connection->selectOne('select exists (...', Array, true)
#14 C:/Users/User/Downloads/wihsata final/wihsata-combined/wihsata-api/vendor/laravel/framework/src/Illuminate/Database/Schema/PostgresBuilder.php(52): Illuminate/Database/Connection->scalar('select exists (...')
#15 C:/Users/User/Downloads/wihsata final/wihsata-combined/wihsata-api/vendor/laravel/framework/src/Illuminate/Database/Migrations/DatabaseMigrationRepository.php(184): Illuminate/Database/Schema/PostgresBuilder->hasTable('migrations')
#16 C:/Users/User/Downloads/wihsata final/wihsata-combined/wihsata-api/vendor/laravel/framework/src/Illuminate/Database/Migrations/Migrator.php(742): Illuminate/Database/Migrations/DatabaseMigrationRepository->repositoryExists()
#17 C:/Users/User/Downloads/wihsata final/wihsata-combined/wihsata-api/vendor/laravel/framework/src/Illuminate/Database/Console/Migrations/MigrateCommand.php(165): Illuminate/Database/Migrations/Migrator->repositoryExists()
#18 C:/Users/User/Downloads/wihsata final/wihsata-combined/wihsata-api/vendor/laravel/framework/src/Illuminate/Support/helpers.php(338): Illuminate/Database/Console/Migrations/MigrateCommand->Illuminate/Database/Console/Migrations/{closure}(1)
#19 C:/Users/User/Downloads/wihsata final/wihsata-combined/wihsata-api/vendor/laravel/framework/src/Illuminate/Database/Console/Migrations/MigrateCommand.php(165): retry(1, Object(Closure), 0, Object(Closure))
#20 C:/Users/User/Downloads/wihsata final/wihsata-combined/wihsata-api/vendor/laravel/framework/src/Illuminate/Database/Console/Migrations/MigrateCommand.php(141): Illuminate/Database/Console/Migrations/MigrateCommand->repositoryExists()
#21 C:/Users/User/Downloads/wihsata final/wihsata-combined/wihsata-api/vendor/laravel/framework/src/Illuminate/Database/Console/Migrations/MigrateCommand.php(111): Illuminate/Database/Console/Migrations/MigrateCommand->prepareDatabase()
#22 C:/Users/User/Downloads/wihsata final/wihsata-combined/wihsata-api/vendor/laravel/framework/src/Illuminate/Database/Migrations/Migrator.php(658): Illuminate/Database/Console/Migrations/MigrateCommand->Illuminate/Database/Console/Migrations/{closure}()
#23 C:/Users/User/Downloads/wihsata final/wihsata-combined/wihsata-api/vendor/laravel/framework/src/Illuminate/Database/Console/Migrations/MigrateCommand.php(110): Illuminate/Database/Migrations/Migrator->usingConnection(NULL, Object(Closure))
#24 C:/Users/User/Downloads/wihsata final/wihsata-combined/wihsata-api/vendor/laravel/framework/src/Illuminate/Database/Console/Migrations/MigrateCommand.php(89): Illuminate/Database/Console/Migrations/MigrateCommand->runMigrations()
#25 C:/Users/User/Downloads/wihsata final/wihsata-combined/wihsata-api/vendor/laravel/framework/src/Illuminate/Container/BoundMethod.php(36): Illuminate/Database/Console/Migrations/MigrateCommand->handle()
#26 C:/Users/User/Downloads/wihsata final/wihsata-combined/wihsata-api/vendor/laravel/framework/src/Illuminate/Container/Util.php(43): Illuminate/Container/BoundMethod::Illuminate/Container/{closure}()
#27 C:/Users/User/Downloads/wihsata final/wihsata-combined/wihsata-api/vendor/laravel/framework/src/Illuminate/Container/BoundMethod.php(95): Illuminate/Container/Util::unwrapIfClosure(Object(Closure))
#28 C:/Users/User/Downloads/wihsata final/wihsata-combined/wihsata-api/vendor/laravel/framework/src/Illuminate/Container/BoundMethod.php(35): Illuminate/Container/BoundMethod::callBoundMethod(Object(Illuminate/Foundation/Application), Array, Object(Closure))
#29 C:/Users/User/Downloads/wihsata final/wihsata-combined/wihsata-api/vendor/laravel/framework/src/Illuminate/Container/Container.php(696): Illuminate/Container/BoundMethod::call(Object(Illuminate/Foundation/Application), Array, Array, NULL)
#30 C:/Users/User/Downloads/wihsata final/wihsata-combined/wihsata-api/vendor/laravel/framework/src/Illuminate/Console/Command.php(213): Illuminate/Container/Container->call(Array)
#31 C:/Users/User/Downloads/wihsata final/wihsata-combined/wihsata-api/vendor/symfony/console/Command/Command.php(341): Illuminate/Console/Command->execute(Object(Symfony/Component/Console/Input/ArgvInput), Object(Illuminate/Console/OutputStyle))
#32 C:/Users/User/Downloads/wihsata final/wihsata-combined/wihsata-api/vendor/laravel/framework/src/Illuminate/Console/Command.php(182): Symfony/Component/Console/Command/Command->run(Object(Symfony/Component/Console/Input/ArgvInput), Object(Illuminate/Console/OutputStyle))
#33 C:/Users/User/Downloads/wihsata final/wihsata-combined/wihsata-api/vendor/symfony/console/Application.php(1117): Illuminate/Console/Command->run(Object(Symfony/Component/Console/Input/ArgvInput), Object(Symfony/Component/Console/Output/ConsoleOutput))
#34 C:/Users/User/Downloads/wihsata final/wihsata-combined/wihsata-api/vendor/symfony/console/Application.php(356): Symfony/Component/Console/Application->doRunCommand(Object(Illuminate/Database/Console/Migrations/MigrateCommand), Object(Symfony/Component/Console/Input/ArgvInput), Object(Symfony/Component/Console/Output/ConsoleOutput))
#35 C:/Users/User/Downloads/wihsata final/wihsata-combined/wihsata-api/vendor/symfony/console/Application.php(195): Symfony/Component/Console/Application->doRun(Object(Symfony/Component/Console/Input/ArgvInput), Object(Symfony/Component/Console/Output/ConsoleOutput))
#36 C:/Users/User/Downloads/wihsata final/wihsata-combined/wihsata-api/vendor/laravel/framework/src/Illuminate/Foundation/Console/Kernel.php(198): Symfony/Component/Console/Application->run(Object(Symfony/Component/Console/Input/ArgvInput), Object(Symfony/Component/Console/Output/ConsoleOutput))
#37 C:/Users/User/Downloads/wihsata final/wihsata-combined/wihsata-api/vendor/laravel/framework/src/Illuminate/Foundation/Application.php(1235): Illuminate/Foundation/Console/Kernel->handle(Object(Symfony/Component/Console/Input/ArgvInput), Object(Symfony/Component/Console/Output/ConsoleOutput))
#38 C:/Users/User/Downloads/wihsata final/wihsata-combined/wihsata-api/artisan(16): Illuminate/Foundation/Application->handleCommand(Object(Symfony/Component/Console/Input/ArgvInput))
#39 {main}
"} 
[2026-08-16 19:27:03] local.ERROR: SQLSTATE[08006] [7] connection to server at "127.0.0.1", port 5432 failed: FATAL:  password authentication failed for user "neondb_owner" (Connection: pgsql, SQL: select exists (select 1 from pg_class c, pg_namespace n where n.nspname = 'public' and c.relname = 'migrations' and c.relkind in ('r', 'p') and n.oid = c.relnamespace)) {"exception":"[object] (Illuminate\\Database\\QueryException(code: 7): SQLSTATE[08006] [7] connection to server at \"127.0.0.1\", port 5432 failed: FATAL:  password authentication failed for user \"neondb_owner\" (Connection: pgsql, SQL: select exists (select 1 from pg_class c, pg_namespace n where n.nspname = 'public' and c.relname = 'migrations' and c.relkind in ('r', 'p') and n.oid = c.relnamespace)) at C:/Users/User/Downloads/wihsata final/wihsata-combined/wihsata-api/vendor/laravel/framework/src/Illuminate/Database/Connection.php:825)
[stacktrace]
#0 C:/Users/User/Downloads/wihsata final/wihsata-combined/wihsata-api/vendor/laravel/framework/src/Illuminate/Database/Connection.php(779): Illuminate/Database/Connection->runQueryCallback('select exists (...', Array, Object(Closure))
#1 C:/Users/User/Downloads/wihsata final/wihsata-combined/wihsata-api/vendor/laravel/framework/src/Illuminate/Database/Connection.php(398): Illuminate/Database/Connection->run('select exists (...', Array, Object(Closure))
#2 C:/Users/User/Downloads/wihsata final/wihsata-combined/wihsata-api/vendor/laravel/framework/src/Illuminate/Database/Connection.php(344): Illuminate/Database/Connection->select('select exists (...', Array, true)
#3 C:/Users/User/Downloads/wihsata final/wihsata-combined/wihsata-api/vendor/laravel/framework/src/Illuminate/Database/Connection.php(361): Illuminate/Database/Connection->selectOne('select exists (...', Array, true)
#4 C:/Users/User/Downloads/wihsata final/wihsata-combined/wihsata-api/vendor/laravel/framework/src/Illuminate/Database/Schema/PostgresBuilder.php(52): Illuminate/Database/Connection->scalar('select exists (...')
#5 C:/Users/User/Downloads/wihsata final/wihsata-combined/wihsata-api/vendor/laravel/framework/src/Illuminate/Database/Migrations/DatabaseMigrationRepository.php(184): Illuminate/Database/Schema/PostgresBuilder->hasTable('migrations')
#6 C:/Users/User/Downloads/wihsata final/wihsata-combined/wihsata-api/vendor/laravel/framework/src/Illuminate/Database/Migrations/Migrator.php(742): Illuminate/Database/Migrations/DatabaseMigrationRepository->repositoryExists()
#7 C:/Users/User/Downloads/wihsata final/wihsata-combined/wihsata-api/vendor/laravel/framework/src/Illuminate/Database/Console/Migrations/MigrateCommand.php(165): Illuminate/Database/Migrations/Migrator->repositoryExists()
#8 C:/Users/User/Downloads/wihsata final/wihsata-combined/wihsata-api/vendor/laravel/framework/src/Illuminate/Support/helpers.php(338): Illuminate/Database/Console/Migrations/MigrateCommand->Illuminate/Database/Console/Migrations/{closure}(1)
#9 C:/Users/User/Downloads/wihsata final/wihsata-combined/wihsata-api/vendor/laravel/framework/src/Illuminate/Database/Console/Migrations/MigrateCommand.php(165): retry(1, Object(Closure), 0, Object(Closure))
#10 C:/Users/User/Downloads/wihsata final/wihsata-combined/wihsata-api/vendor/laravel/framework/src/Illuminate/Database/Console/Migrations/MigrateCommand.php(141): Illuminate/Database/Console/Migrations/MigrateCommand->repositoryExists()
#11 C:/Users/User/Downloads/wihsata final/wihsata-combined/wihsata-api/vendor/laravel/framework/src/Illuminate/Database/Console/Migrations/MigrateCommand.php(111): Illuminate/Database/Console/Migrations/MigrateCommand->prepareDatabase()
#12 C:/Users/User/Downloads/wihsata final/wihsata-combined/wihsata-api/vendor/laravel/framework/src/Illuminate/Database/Migrations/Migrator.php(658): Illuminate/Database/Console/Migrations/MigrateCommand->Illuminate/Database/Console/Migrations/{closure}()
#13 C:/Users/User/Downloads/wihsata final/wihsata-combined/wihsata-api/vendor/laravel/framework/src/Illuminate/Database/Console/Migrations/MigrateCommand.php(110): Illuminate/Database/Migrations/Migrator->usingConnection(NULL, Object(Closure))
#14 C:/Users/User/Downloads/wihsata final/wihsata-combined/wihsata-api/vendor/laravel/framework/src/Illuminate/Database/Console/Migrations/MigrateCommand.php(89): Illuminate/Database/Console/Migrations/MigrateCommand->runMigrations()
#15 C:/Users/User/Downloads/wihsata final/wihsata-combined/wihsata-api/vendor/laravel/framework/src/Illuminate/Container/BoundMethod.php(36): Illuminate/Database/Console/Migrations/MigrateCommand->handle()
#16 C:/Users/User/Downloads/wihsata final/wihsata-combined/wihsata-api/vendor/laravel/framework/src/Illuminate/Container/Util.php(43): Illuminate/Container/BoundMethod::Illuminate/Container/{closure}()
#17 C:/Users/User/Downloads/wihsata final/wihsata-combined/wihsata-api/vendor/laravel/framework/src/Illuminate/Container/BoundMethod.php(95): Illuminate/Container/Util::unwrapIfClosure(Object(Closure))
#18 C:/Users/User/Downloads/wihsata final/wihsata-combined/wihsata-api/vendor/laravel/framework/src/Illuminate/Container/BoundMethod.php(35): Illuminate/Container/BoundMethod::callBoundMethod(Object(Illuminate/Foundation/Application), Array, Object(Closure))
#19 C:/Users/User/Downloads/wihsata final/wihsata-combined/wihsata-api/vendor/laravel/framework/src/Illuminate/Container/Container.php(696): Illuminate/Container/BoundMethod::call(Object(Illuminate/Foundation/Application), Array, Array, NULL)
#20 C:/Users/User/Downloads/wihsata final/wihsata-combined/wihsata-api/vendor/laravel/framework/src/Illuminate/Console/Command.php(213): Illuminate/Container/Container->call(Array)
#21 C:/Users/User/Downloads/wihsata final/wihsata-combined/wihsata-api/vendor/symfony/console/Command/Command.php(341): Illuminate/Console/Command->execute(Object(Symfony/Component/Console/Input/ArgvInput), Object(Illuminate/Console/OutputStyle))
#22 C:/Users/User/Downloads/wihsata final/wihsata-combined/wihsata-api/vendor/laravel/framework/src/Illuminate/Console/Command.php(182): Symfony/Component/Console/Command/Command->run(Object(Symfony/Component/Console/Input/ArgvInput), Object(Illuminate/Console/OutputStyle))
#23 C:/Users/User/Downloads/wihsata final/wihsata-combined/wihsata-api/vendor/symfony/console/Application.php(1117): Illuminate/Console/Command->run(Object(Symfony/Component/Console/Input/ArgvInput), Object(Symfony/Component/Console/Output/ConsoleOutput))
#24 C:/Users/User/Downloads/wihsata final/wihsata-combined/wihsata-api/vendor/symfony/console/Application.php(356): Symfony/Component/Console/Application->doRunCommand(Object(Illuminate/Database/Console/Migrations/MigrateCommand), Object(Symfony/Component/Console/Input/ArgvInput), Object(Symfony/Component/Console/Output/ConsoleOutput))
#25 C:/Users/User/Downloads/wihsata final/wihsata-combined/wihsata-api/vendor/symfony/console/Application.php(195): Symfony/Component/Console/Application->doRun(Object(Symfony/Component/Console/Input/ArgvInput), Object(Symfony/Component/Console/Output/ConsoleOutput))
#26 C:/Users/User/Downloads/wihsata final/wihsata-combined/wihsata-api/vendor/laravel/framework/src/Illuminate/Foundation/Console/Kernel.php(198): Symfony/Component/Console/Application->run(Object(Symfony/Component/Console/Input/ArgvInput), Object(Symfony/Component/Console/Output/ConsoleOutput))
#27 C:/Users/User/Downloads/wihsata final/wihsata-combined/wihsata-api/vendor/laravel/framework/src/Illuminate/Foundation/Application.php(1235): Illuminate/Foundation/Console/Kernel->handle(Object(Symfony/Component/Console/Input/ArgvInput), Object(Symfony/Component/Console/Output/ConsoleOutput))
#28 C:/Users/User/Downloads/wihsata final/wihsata-combined/wihsata-api/artisan(16): Illuminate/Foundation/Application->handleCommand(Object(Symfony/Component/Console/Input/ArgvInput))
#29 {main}

[previous exception] [object] (PDOException(code: 7): SQLSTATE[08006] [7] connection to server at \"127.0.0.1\", port 5432 failed: FATAL:  password authentication failed for user \"neondb_owner\" at C:/Users/User/Downloads/wihsata final/wihsata-combined/wihsata-api/vendor/laravel/framework/src/Illuminate/Database/Connectors/Connector.php:66)
[stacktrace]
#0 C:/Users/User/Downloads/wihsata final/wihsata-combined/wihsata-api/vendor/laravel/framework/src/Illuminate/Database/Connectors/Connector.php(66): PDO->__construct('pgsql:host=127....', 'neondb_owner', Object(SensitiveParameterValue), Array)
#1 C:/Users/User/Downloads/wihsata final/wihsata-combined/wihsata-api/vendor/laravel/framework/src/Illuminate/Database/Connectors/Connector.php(44): Illuminate/Database/Connectors/Connector->createPdoConnection('pgsql:host=127....', 'neondb_owner', Object(SensitiveParameterValue), Array)
#2 C:/Users/User/Downloads/wihsata final/wihsata-combined/wihsata-api/vendor/laravel/framework/src/Illuminate/Database/Connectors/PostgresConnector.php(35): Illuminate/Database/Connectors/Connector->createConnection('pgsql:host=127....', Array, Array)
#3 C:/Users/User/Downloads/wihsata final/wihsata-combined/wihsata-api/vendor/laravel/framework/src/Illuminate/Database/Connectors/ConnectionFactory.php(185): Illuminate/Database/Connectors/PostgresConnector->connect(Array)
#4 [internal function]: Illuminate/Database/Connectors/ConnectionFactory->Illuminate/Database/Connectors/{closure}()
#5 C:/Users/User/Downloads/wihsata final/wihsata-combined/wihsata-api/vendor/laravel/framework/src/Illuminate/Database/Connection.php(1231): call_user_func(Object(Closure))
#6 C:/Users/User/Downloads/wihsata final/wihsata-combined/wihsata-api/vendor/laravel/framework/src/Illuminate/Database/Connection.php(1267): Illuminate/Database/Connection->getPdo()
#7 C:/Users/User/Downloads/wihsata final/wihsata-combined/wihsata-api/vendor/laravel/framework/src/Illuminate/Database/Connection.php(512): Illuminate/Database/Connection->getReadPdo()
#8 C:/Users/User/Downloads/wihsata final/wihsata-combined/wihsata-api/vendor/laravel/framework/src/Illuminate/Database/Connection.php(407): Illuminate/Database/Connection->getPdoForSelect(true)
#9 C:/Users/User/Downloads/wihsata final/wihsata-combined/wihsata-api/vendor/laravel/framework/src/Illuminate/Database/Connection.php(812): Illuminate/Database/Connection->Illuminate/Database/{closure}('select exists (...', Array)
#10 C:/Users/User/Downloads/wihsata final/wihsata-combined/wihsata-api/vendor/laravel/framework/src/Illuminate/Database/Connection.php(779): Illuminate/Database/Connection->runQueryCallback('select exists (...', Array, Object(Closure))
#11 C:/Users/User/Downloads/wihsata final/wihsata-combined/wihsata-api/vendor/laravel/framework/src/Illuminate/Database/Connection.php(398): Illuminate/Database/Connection->run('select exists (...', Array, Object(Closure))
#12 C:/Users/User/Downloads/wihsata final/wihsata-combined/wihsata-api/vendor/laravel/framework/src/Illuminate/Database/Connection.php(344): Illuminate/Database/Connection->select('select exists (...', Array, true)
#13 C:/Users/User/Downloads/wihsata final/wihsata-combined/wihsata-api/vendor/laravel/framework/src/Illuminate/Database/Connection.php(361): Illuminate/Database/Connection->selectOne('select exists (...', Array, true)
#14 C:/Users/User/Downloads/wihsata final/wihsata-combined/wihsata-api/vendor/laravel/framework/src/Illuminate/Database/Schema/PostgresBuilder.php(52): Illuminate/Database/Connection->scalar('select exists (...')
#15 C:/Users/User/Downloads/wihsata final/wihsata-combined/wihsata-api/vendor/laravel/framework/src/Illuminate/Database/Migrations/DatabaseMigrationRepository.php(184): Illuminate/Database/Schema/PostgresBuilder->hasTable('migrations')
#16 C:/Users/User/Downloads/wihsata final/wihsata-combined/wihsata-api/vendor/laravel/framework/src/Illuminate/Database/Migrations/Migrator.php(742): Illuminate/Database/Migrations/DatabaseMigrationRepository->repositoryExists()
#17 C:/Users/User/Downloads/wihsata final/wihsata-combined/wihsata-api/vendor/laravel/framework/src/Illuminate/Database/Console/Migrations/MigrateCommand.php(165): Illuminate/Database/Migrations/Migrator->repositoryExists()
#18 C:/Users/User/Downloads/wihsata final/wihsata-combined/wihsata-api/vendor/laravel/framework/src/Illuminate/Support/helpers.php(338): Illuminate/Database/Console/Migrations/MigrateCommand->Illuminate/Database/Console/Migrations/{closure}(1)
#19 C:/Users/User/Downloads/wihsata final/wihsata-combined/wihsata-api/vendor/laravel/framework/src/Illuminate/Database/Console/Migrations/MigrateCommand.php(165): retry(1, Object(Closure), 0, Object(Closure))
#20 C:/Users/User/Downloads/wihsata final/wihsata-combined/wihsata-api/vendor/laravel/framework/src/Illuminate/Database/Console/Migrations/MigrateCommand.php(141): Illuminate/Database/Console/Migrations/MigrateCommand->repositoryExists()
#21 C:/Users/User/Downloads/wihsata final/wihsata-combined/wihsata-api/vendor/laravel/framework/src/Illuminate/Database/Console/Migrations/MigrateCommand.php(111): Illuminate/Database/Console/Migrations/MigrateCommand->prepareDatabase()
#22 C:/Users/User/Downloads/wihsata final/wihsata-combined/wihsata-api/vendor/laravel/framework/src/Illuminate/Database/Migrations/Migrator.php(658): Illuminate/Database/Console/Migrations/MigrateCommand->Illuminate/Database/Console/Migrations/{closure}()
#23 C:/Users/User/Downloads/wihsata final/wihsata-combined/wihsata-api/vendor/laravel/framework/src/Illuminate/Database/Console/Migrations/MigrateCommand.php(110): Illuminate/Database/Migrations/Migrator->usingConnection(NULL, Object(Closure))
#24 C:/Users/User/Downloads/wihsata final/wihsata-combined/wihsata-api/vendor/laravel/framework/src/Illuminate/Database/Console/Migrations/MigrateCommand.php(89): Illuminate/Database/Console/Migrations/MigrateCommand->runMigrations()
#25 C:/Users/User/Downloads/wihsata final/wihsata-combined/wihsata-api/vendor/laravel/framework/src/Illuminate/Container/BoundMethod.php(36): Illuminate/Database/Console/Migrations/MigrateCommand->handle()
#26 C:/Users/User/Downloads/wihsata final/wihsata-combined/wihsata-api/vendor/laravel/framework/src/Illuminate/Container/Util.php(43): Illuminate/Container/BoundMethod::Illuminate/Container/{closure}()
#27 C:/Users/User/Downloads/wihsata final/wihsata-combined/wihsata-api/vendor/laravel/framework/src/Illuminate/Container/BoundMethod.php(95): Illuminate/Container/Util::unwrapIfClosure(Object(Closure))
#28 C:/Users/User/Downloads/wihsata final/wihsata-combined/wihsata-api/vendor/laravel/framework/src/Illuminate/Container/BoundMethod.php(35): Illuminate/Container/BoundMethod::callBoundMethod(Object(Illuminate/Foundation/Application), Array, Object(Closure))
#29 C:/Users/User/Downloads/wihsata final/wihsata-combined/wihsata-api/vendor/laravel/framework/src/Illuminate/Container/Container.php(696): Illuminate/Container/BoundMethod::call(Object(Illuminate/Foundation/Application), Array, Array, NULL)
#30 C:/Users/User/Downloads/wihsata final/wihsata-combined/wihsata-api/vendor/laravel/framework/src/Illuminate/Console/Command.php(213): Illuminate/Container/Container->call(Array)
#31 C:/Users/User/Downloads/wihsata final/wihsata-combined/wihsata-api/vendor/symfony/console/Command/Command.php(341): Illuminate/Console/Command->execute(Object(Symfony/Component/Console/Input/ArgvInput), Object(Illuminate/Console/OutputStyle))
#32 C:/Users/User/Downloads/wihsata final/wihsata-combined/wihsata-api/vendor/laravel/framework/src/Illuminate/Console/Command.php(182): Symfony/Component/Console/Command/Command->run(Object(Symfony/Component/Console/Input/ArgvInput), Object(Illuminate/Console/OutputStyle))
#33 C:/Users/User/Downloads/wihsata final/wihsata-combined/wihsata-api/vendor/symfony/console/Application.php(1117): Illuminate/Console/Command->run(Object(Symfony/Component/Console/Input/ArgvInput), Object(Symfony/Component/Console/Output/ConsoleOutput))
#34 C:/Users/User/Downloads/wihsata final/wihsata-combined/wihsata-api/vendor/symfony/console/Application.php(356): Symfony/Component/Console/Application->doRunCommand(Object(Illuminate/Database/Console/Migrations/MigrateCommand), Object(Symfony/Component/Console/Input/ArgvInput), Object(Symfony/Component/Console/Output/ConsoleOutput))
#35 C:/Users/User/Downloads/wihsata final/wihsata-combined/wihsata-api/vendor/symfony/console/Application.php(195): Symfony/Component/Console/Application->doRun(Object(Symfony/Component/Console/Input/ArgvInput), Object(Symfony/Component/Console/Output/ConsoleOutput))
#36 C:/Users/User/Downloads/wihsata final/wihsata-combined/wihsata-api/vendor/laravel/framework/src/Illuminate/Foundation/Console/Kernel.php(198): Symfony/Component/Console/Application->run(Object(Symfony/Component/Console/Input/ArgvInput), Object(Symfony/Component/Console/Output/ConsoleOutput))
#37 C:/Users/User/Downloads/wihsata final/wihsata-combined/wihsata-api/vendor/laravel/framework/src/Illuminate/Foundation/Application.php(1235): Illuminate/Foundation/Console/Kernel->handle(Object(Symfony/Component/Console/Input/ArgvInput), Object(Symfony/Component/Console/Output/ConsoleOutput))
#38 C:/Users/User/Downloads/wihsata final/wihsata-combined/wihsata-api/artisan(16): Illuminate/Foundation/Application->handleCommand(Object(Symfony/Component/Console/Input/ArgvInput))
#39 {main}
"} 
[2026-08-16 19:29:41] local.ERROR: SQLSTATE[42P01]: Undefined table: 7 ERROR:  relation "cache" does not exist
LINE 1: delete from "cache"
                    ^ (Connection: pgsql, SQL: delete from "cache") {"exception":"[object] (Illuminate\\Database\\QueryException(code: 42P01): SQLSTATE[42P01]: Undefined table: 7 ERROR:  relation \"cache\" does not exist
LINE 1: delete from \"cache\"
                    ^ (Connection: pgsql, SQL: delete from \"cache\") at C:/Users/User/Downloads/wihsata final/wihsata-combined/wihsata-api/vendor/laravel/framework/src/Illuminate/Database/Connection.php:825)
[stacktrace]
#0 C:/Users/User/Downloads/wihsata final/wihsata-combined/wihsata-api/vendor/laravel/framework/src/Illuminate/Database/Connection.php(779): Illuminate/Database/Connection->runQueryCallback('delete from \"ca...', Array, Object(Closure))
#1 C:/Users/User/Downloads/wihsata final/wihsata-combined/wihsata-api/vendor/laravel/framework/src/Illuminate/Database/Connection.php(584): Illuminate/Database/Connection->run('delete from \"ca...', Array, Object(Closure))
#2 C:/Users/User/Downloads/wihsata final/wihsata-combined/wihsata-api/vendor/laravel/framework/src/Illuminate/Database/Connection.php(548): Illuminate/Database/Connection->affectingStatement('delete from \"ca...', Array)
#3 C:/Users/User/Downloads/wihsata final/wihsata-combined/wihsata-api/vendor/laravel/framework/src/Illuminate/Database/Query/Builder.php(4024): Illuminate/Database/Connection->delete('delete from \"ca...', Array)
#4 C:/Users/User/Downloads/wihsata final/wihsata-combined/wihsata-api/vendor/laravel/framework/src/Illuminate/Cache/DatabaseStore.php(422): Illuminate/Database/Query/Builder->delete()
#5 C:/Users/User/Downloads/wihsata final/wihsata-combined/wihsata-api/vendor/laravel/framework/src/Illuminate/Cache/Repository.php(792): Illuminate/Cache/DatabaseStore->flush()
#6 C:/Users/User/Downloads/wihsata final/wihsata-combined/wihsata-api/vendor/laravel/framework/src/Illuminate/Cache/Console/ClearCommand.php(69): Illuminate/Cache/Repository->__call('flush', Array)
#7 C:/Users/User/Downloads/wihsata final/wihsata-combined/wihsata-api/vendor/laravel/framework/src/Illuminate/Container/BoundMethod.php(36): Illuminate/Cache/Console/ClearCommand->handle()
#8 C:/Users/User/Downloads/wihsata final/wihsata-combined/wihsata-api/vendor/laravel/framework/src/Illuminate/Container/Util.php(43): Illuminate/Container/BoundMethod::Illuminate/Container/{closure}()
#9 C:/Users/User/Downloads/wihsata final/wihsata-combined/wihsata-api/vendor/laravel/framework/src/Illuminate/Container/BoundMethod.php(95): Illuminate/Container/Util::unwrapIfClosure(Object(Closure))
#10 C:/Users/User/Downloads/wihsata final/wihsata-combined/wihsata-api/vendor/laravel/framework/src/Illuminate/Container/BoundMethod.php(35): Illuminate/Container/BoundMethod::callBoundMethod(Object(Illuminate/Foundation/Application), Array, Object(Closure))
#11 C:/Users/User/Downloads/wihsata final/wihsata-combined/wihsata-api/vendor/laravel/framework/src/Illuminate/Container/Container.php(696): Illuminate/Container/BoundMethod::call(Object(Illuminate/Foundation/Application), Array, Array, NULL)
#12 C:/Users/User/Downloads/wihsata final/wihsata-combined/wihsata-api/vendor/laravel/framework/src/Illuminate/Console/Command.php(213): Illuminate/Container/Container->call(Array)
#13 C:/Users/User/Downloads/wihsata final/wihsata-combined/wihsata-api/vendor/symfony/console/Command/Command.php(341): Illuminate/Console/Command->execute(Object(Symfony/Component/Console/Input/ArgvInput), Object(Illuminate/Console/OutputStyle))
#14 C:/Users/User/Downloads/wihsata final/wihsata-combined/wihsata-api/vendor/laravel/framework/src/Illuminate/Console/Command.php(182): Symfony/Component/Console/Command/Command->run(Object(Symfony/Component/Console/Input/ArgvInput), Object(Illuminate/Console/OutputStyle))
#15 C:/Users/User/Downloads/wihsata final/wihsata-combined/wihsata-api/vendor/symfony/console/Application.php(1117): Illuminate/Console/Command->run(Object(Symfony/Component/Console/Input/ArgvInput), Object(Symfony/Component/Console/Output/ConsoleOutput))
#16 C:/Users/User/Downloads/wihsata final/wihsata-combined/wihsata-api/vendor/symfony/console/Application.php(356): Symfony/Component/Console/Application->doRunCommand(Object(Illuminate/Cache/Console/ClearCommand), Object(Symfony/Component/Console/Input/ArgvInput), Object(Symfony/Component/Console/Output/ConsoleOutput))
#17 C:/Users/User/Downloads/wihsata final/wihsata-combined/wihsata-api/vendor/symfony/console/Application.php(195): Symfony/Component/Console/Application->doRun(Object(Symfony/Component/Console/Input/ArgvInput), Object(Symfony/Component/Console/Output/ConsoleOutput))
#18 C:/Users/User/Downloads/wihsata final/wihsata-combined/wihsata-api/vendor/laravel/framework/src/Illuminate/Foundation/Console/Kernel.php(198): Symfony/Component/Console/Application->run(Object(Symfony/Component/Console/Input/ArgvInput), Object(Symfony/Component/Console/Output/ConsoleOutput))
#19 C:/Users/User/Downloads/wihsata final/wihsata-combined/wihsata-api/vendor/laravel/framework/src/Illuminate/Foundation/Application.php(1235): Illuminate/Foundation/Console/Kernel->handle(Object(Symfony/Component/Console/Input/ArgvInput), Object(Symfony/Component/Console/Output/ConsoleOutput))
#20 C:/Users/User/Downloads/wihsata final/wihsata-combined/wihsata-api/artisan(16): Illuminate/Foundation/Application->handleCommand(Object(Symfony/Component/Console/Input/ArgvInput))
#21 {main}

[previous exception] [object] (PDOException(code: 42P01): SQLSTATE[42P01]: Undefined table: 7 ERROR:  relation \"cache\" does not exist
LINE 1: delete from \"cache\"
                    ^ at C:/Users/User/Downloads/wihsata final/wihsata-combined/wihsata-api/vendor/laravel/framework/src/Illuminate/Database/Connection.php:596)
[stacktrace]
#0 C:/Users/User/Downloads/wihsata final/wihsata-combined/wihsata-api/vendor/laravel/framework/src/Illuminate/Database/Connection.php(596): PDOStatement->execute()
#1 C:/Users/User/Downloads/wihsata final/wihsata-combined/wihsata-api/vendor/laravel/framework/src/Illuminate/Database/Connection.php(812): Illuminate/Database/Connection->Illuminate/Database/{closure}('delete from \"ca...', Array)
#2 C:/Users/User/Downloads/wihsata final/wihsata-combined/wihsata-api/vendor/laravel/framework/src/Illuminate/Database/Connection.php(779): Illuminate/Database/Connection->runQueryCallback('delete from \"ca...', Array, Object(Closure))
#3 C:/Users/User/Downloads/wihsata final/wihsata-combined/wihsata-api/vendor/laravel/framework/src/Illuminate/Database/Connection.php(584): Illuminate/Database/Connection->run('delete from \"ca...', Array, Object(Closure))
#4 C:/Users/User/Downloads/wihsata final/wihsata-combined/wihsata-api/vendor/laravel/framework/src/Illuminate/Database/Connection.php(548): Illuminate/Database/Connection->affectingStatement('delete from \"ca...', Array)
#5 C:/Users/User/Downloads/wihsata final/wihsata-combined/wihsata-api/vendor/laravel/framework/src/Illuminate/Database/Query/Builder.php(4024): Illuminate/Database/Connection->delete('delete from \"ca...', Array)
#6 C:/Users/User/Downloads/wihsata final/wihsata-combined/wihsata-api/vendor/laravel/framework/src/Illuminate/Cache/DatabaseStore.php(422): Illuminate/Database/Query/Builder->delete()
#7 C:/Users/User/Downloads/wihsata final/wihsata-combined/wihsata-api/vendor/laravel/framework/src/Illuminate/Cache/Repository.php(792): Illuminate/Cache/DatabaseStore->flush()
#8 C:/Users/User/Downloads/wihsata final/wihsata-combined/wihsata-api/vendor/laravel/framework/src/Illuminate/Cache/Console/ClearCommand.php(69): Illuminate/Cache/Repository->__call('flush', Array)
#9 C:/Users/User/Downloads/wihsata final/wihsata-combined/wihsata-api/vendor/laravel/framework/src/Illuminate/Container/BoundMethod.php(36): Illuminate/Cache/Console/ClearCommand->handle()
#10 C:/Users/User/Downloads/wihsata final/wihsata-combined/wihsata-api/vendor/laravel/framework/src/Illuminate/Container/Util.php(43): Illuminate/Container/BoundMethod::Illuminate/Container/{closure}()
#11 C:/Users/User/Downloads/wihsata final/wihsata-combined/wihsata-api/vendor/laravel/framework/src/Illuminate/Container/BoundMethod.php(95): Illuminate/Container/Util::unwrapIfClosure(Object(Closure))
#12 C:/Users/User/Downloads/wihsata final/wihsata-combined/wihsata-api/vendor/laravel/framework/src/Illuminate/Container/BoundMethod.php(35): Illuminate/Container/BoundMethod::callBoundMethod(Object(Illuminate/Foundation/Application), Array, Object(Closure))
#13 C:/Users/User/Downloads/wihsata final/wihsata-combined/wihsata-api/vendor/laravel/framework/src/Illuminate/Container/Container.php(696): Illuminate/Container/BoundMethod::call(Object(Illuminate/Foundation/Application), Array, Array, NULL)
#14 C:/Users/User/Downloads/wihsata final/wihsata-combined/wihsata-api/vendor/laravel/framework/src/Illuminate/Console/Command.php(213): Illuminate/Container/Container->call(Array)
#15 C:/Users/User/Downloads/wihsata final/wihsata-combined/wihsata-api/vendor/symfony/console/Command/Command.php(341): Illuminate/Console/Command->execute(Object(Symfony/Component/Console/Input/ArgvInput), Object(Illuminate/Console/OutputStyle))
#16 C:/Users/User/Downloads/wihsata final/wihsata-combined/wihsata-api/vendor/laravel/framework/src/Illuminate/Console/Command.php(182): Symfony/Component/Console/Command/Command->run(Object(Symfony/Component/Console/Input/ArgvInput), Object(Illuminate/Console/OutputStyle))
#17 C:/Users/User/Downloads/wihsata final/wihsata-combined/wihsata-api/vendor/symfony/console/Application.php(1117): Illuminate/Console/Command->run(Object(Symfony/Component/Console/Input/ArgvInput), Object(Symfony/Component/Console/Output/ConsoleOutput))
#18 C:/Users/User/Downloads/wihsata final/wihsata-combined/wihsata-api/vendor/symfony/console/Application.php(356): Symfony/Component/Console/Application->doRunCommand(Object(Illuminate/Cache/Console/ClearCommand), Object(Symfony/Component/Console/Input/ArgvInput), Object(Symfony/Component/Console/Output/ConsoleOutput))
#19 C:/Users/User/Downloads/wihsata final/wihsata-combined/wihsata-api/vendor/symfony/console/Application.php(195): Symfony/Component/Console/Application->doRun(Object(Symfony/Component/Console/Input/ArgvInput), Object(Symfony/Component/Console/Output/ConsoleOutput))
#20 C:/Users/User/Downloads/wihsata final/wihsata-combined/wihsata-api/vendor/laravel/framework/src/Illuminate/Foundation/Console/Kernel.php(198): Symfony/Component/Console/Application->run(Object(Symfony/Component/Console/Input/ArgvInput), Object(Symfony/Component/Console/Output/ConsoleOutput))
#21 C:/Users/User/Downloads/wihsata final/wihsata-combined/wihsata-api/vendor/laravel/framework/src/Illuminate/Foundation/Application.php(1235): Illuminate/Foundation/Console/Kernel->handle(Object(Symfony/Component/Console/Input/ArgvInput), Object(Symfony/Component/Console/Output/ConsoleOutput))
#22 C:/Users/User/Downloads/wihsata final/wihsata-combined/wihsata-api/artisan(16): Illuminate/Foundation/Application->handleCommand(Object(Symfony/Component/Console/Input/ArgvInput))
#23 {main}
"} 
[2026-08-16 19:34:45] local.ERROR: SQLSTATE[23502]: Not null violation: 7 ERROR:  null value in column "ai_generation_reset_at" of relation "subscriptions" violates not-null constraint
DETAIL:  Failing row contains (a28420bb-48ae-4e76-9f31-b5b8bc973354, a28420ba-eb7e-45ad-a6cf-7c9f79d99f26, demo, active, null, 0, null, 0, 2026-08-16 19:34:45, 2026-08-16 19:34:45). (Connection: pgsql, SQL: insert into "subscriptions" ("tier", "user_id", "id", "updated_at", "created_at") values (demo, a28420ba-eb7e-45ad-a6cf-7c9f79d99f26, a28420bb-48ae-4e76-9f31-b5b8bc973354, 2026-08-16 19:34:45, 2026-08-16 19:34:45)) {"exception":"[object] (Illuminate\\Database\\QueryException(code: 23502): SQLSTATE[23502]: Not null violation: 7 ERROR:  null value in column \"ai_generation_reset_at\" of relation \"subscriptions\" violates not-null constraint
DETAIL:  Failing row contains (a28420bb-48ae-4e76-9f31-b5b8bc973354, a28420ba-eb7e-45ad-a6cf-7c9f79d99f26, demo, active, null, 0, null, 0, 2026-08-16 19:34:45, 2026-08-16 19:34:45). (Connection: pgsql, SQL: insert into \"subscriptions\" (\"tier\", \"user_id\", \"id\", \"updated_at\", \"created_at\") values (demo, a28420ba-eb7e-45ad-a6cf-7c9f79d99f26, a28420bb-48ae-4e76-9f31-b5b8bc973354, 2026-08-16 19:34:45, 2026-08-16 19:34:45)) at C:/Users/User/Downloads/wihsata final/wihsata-combined/wihsata-api/vendor/laravel/framework/src/Illuminate/Database/Connection.php:825)
[stacktrace]
#0 C:/Users/User/Downloads/wihsata final/wihsata-combined/wihsata-api/vendor/laravel/framework/src/Illuminate/Database/Connection.php(779): Illuminate/Database/Connection->runQueryCallback('insert into \"su...', Array, Object(Closure))
#1 C:/Users/User/Downloads/wihsata final/wihsata-combined/wihsata-api/vendor/laravel/framework/src/Illuminate/Database/Connection.php(560): Illuminate/Database/Connection->run('insert into \"su...', Array, Object(Closure))
#2 C:/Users/User/Downloads/wihsata final/wihsata-combined/wihsata-api/vendor/laravel/framework/src/Illuminate/Database/Connection.php(524): Illuminate/Database/Connection->statement('insert into \"su...', Array)
#3 C:/Users/User/Downloads/wihsata final/wihsata-combined/wihsata-api/vendor/laravel/framework/src/Illuminate/Database/Query/Builder.php(3717): Illuminate/Database/Connection->insert('insert into \"su...', Array)
#4 C:/Users/User/Downloads/wihsata final/wihsata-combined/wihsata-api/vendor/laravel/framework/src/Illuminate/Database/Eloquent/Builder.php(2120): Illuminate/Database/Query/Builder->insert(Array)
#5 C:/Users/User/Downloads/wihsata final/wihsata-combined/wihsata-api/vendor/laravel/framework/src/Illuminate/Database/Eloquent/Model.php(1335): Illuminate/Database/Eloquent/Builder->__call('insert', Array)
#6 C:/Users/User/Downloads/wihsata final/wihsata-combined/wihsata-api/vendor/laravel/framework/src/Illuminate/Database/Eloquent/Model.php(1163): Illuminate/Database/Eloquent/Model->performInsert(Object(Illuminate/Database/Eloquent/Builder))
#7 C:/Users/User/Downloads/wihsata final/wihsata-combined/wihsata-api/vendor/laravel/framework/src/Illuminate/Database/Eloquent/Relations/HasOneOrMany.php(371): Illuminate/Database/Eloquent/Model->save()
#8 C:/Users/User/Downloads/wihsata final/wihsata-combined/wihsata-api/vendor/laravel/framework/src/Illuminate/Support/helpers.php(399): Illuminate/Database/Eloquent/Relations/HasOneOrMany->Illuminate/Database/Eloquent/Relations/{closure}(Object(App/Models/Subscription))
#9 C:/Users/User/Downloads/wihsata final/wihsata-combined/wihsata-api/vendor/laravel/framework/src/Illuminate/Database/Eloquent/Relations/HasOneOrMany.php(368): tap(Object(App/Models/Subscription), Object(Closure))
#10 C:/Users/User/Downloads/wihsata final/wihsata-combined/wihsata-api/app/Models/User.php(88): Illuminate/Database/Eloquent/Relations/HasOneOrMany->create(Array)
#11 C:/Users/User/Downloads/wihsata final/wihsata-combined/wihsata-api/vendor/laravel/framework/src/Illuminate/Events/Dispatcher.php(459): App/Models/User::App/Models/{closure}(Object(App/Models/User))
#12 C:/Users/User/Downloads/wihsata final/wihsata-combined/wihsata-api/vendor/laravel/framework/src/Illuminate/Events/Dispatcher.php(287): Illuminate/Events/Dispatcher->Illuminate/Events/{closure}('eloquent.create...', Array)
#13 C:/Users/User/Downloads/wihsata final/wihsata-combined/wihsata-api/vendor/laravel/framework/src/Illuminate/Events/Dispatcher.php(267): Illuminate/Events/Dispatcher->invokeListeners('eloquent.create...', Array, false)
#14 C:/Users/User/Downloads/wihsata final/wihsata-combined/wihsata-api/vendor/laravel/framework/src/Illuminate/Database/Eloquent/Concerns/HasEvents.php(224): Illuminate/Events/Dispatcher->dispatch('eloquent.create...', Array)
#15 C:/Users/User/Downloads/wihsata final/wihsata-combined/wihsata-api/vendor/laravel/framework/src/Illuminate/Database/Eloquent/Model.php(1345): Illuminate/Database/Eloquent/Model->fireModelEvent('created', false)
#16 C:/Users/User/Downloads/wihsata final/wihsata-combined/wihsata-api/vendor/laravel/framework/src/Illuminate/Database/Eloquent/Model.php(1163): Illuminate/Database/Eloquent/Model->performInsert(Object(Illuminate/Database/Eloquent/Builder))
#17 C:/Users/User/Downloads/wihsata final/wihsata-combined/wihsata-api/vendor/laravel/framework/src/Illuminate/Database/Eloquent/Builder.php(1128): Illuminate/Database/Eloquent/Model->save()
#18 C:/Users/User/Downloads/wihsata final/wihsata-combined/wihsata-api/vendor/laravel/framework/src/Illuminate/Support/helpers.php(399): Illuminate/Database/Eloquent/Builder->Illuminate/Database/Eloquent/{closure}(Object(App/Models/User))
#19 C:/Users/User/Downloads/wihsata final/wihsata-combined/wihsata-api/vendor/laravel/framework/src/Illuminate/Database/Eloquent/Builder.php(1127): tap(Object(App/Models/User), Object(Closure))
#20 C:/Users/User/Downloads/wihsata final/wihsata-combined/wihsata-api/vendor/laravel/framework/src/Illuminate/Database/Eloquent/Builder.php(634): Illuminate/Database/Eloquent/Builder->create(Array)
#21 C:/Users/User/Downloads/wihsata final/wihsata-combined/wihsata-api/vendor/laravel/framework/src/Illuminate/Database/Eloquent/Builder.php(1864): Illuminate/Database/Eloquent/Builder->Illuminate/Database/Eloquent/{closure}()
#22 C:/Users/User/Downloads/wihsata final/wihsata-combined/wihsata-api/vendor/laravel/framework/src/Illuminate/Database/Eloquent/Builder.php(634): Illuminate/Database/Eloquent/Builder->withSavepointIfNeeded(Object(Closure))
#23 C:/Users/User/Downloads/wihsata final/wihsata-combined/wihsata-api/vendor/laravel/framework/src/Illuminate/Database/Eloquent/Builder.php(621): Illuminate/Database/Eloquent/Builder->createOrFirst(Array, Array)
#24 C:/Users/User/Downloads/wihsata final/wihsata-combined/wihsata-api/vendor/laravel/framework/src/Illuminate/Support/Traits/ForwardsCalls.php(23): Illuminate/Database/Eloquent/Builder->firstOrCreate(Array, Array)
#25 C:/Users/User/Downloads/wihsata final/wihsata-combined/wihsata-api/vendor/laravel/framework/src/Illuminate/Database/Eloquent/Model.php(2372): Illuminate/Database/Eloquent/Model->forwardCallTo(Object(Illuminate/Database/Eloquent/Builder), 'firstOrCreate', Array)
#26 C:/Users/User/Downloads/wihsata final/wihsata-combined/wihsata-api/vendor/laravel/framework/src/Illuminate/Database/Eloquent/Model.php(2384): Illuminate/Database/Eloquent/Model->__call('firstOrCreate', Array)
#27 C:/Users/User/Downloads/wihsata final/wihsata-combined/wihsata-api/database/seeders/SuperAdminSeeder.php(22): Illuminate/Database/Eloquent/Model::__callStatic('firstOrCreate', Array)
#28 C:/Users/User/Downloads/wihsata final/wihsata-combined/wihsata-api/vendor/laravel/framework/src/Illuminate/Container/BoundMethod.php(36): Database/Seeders/SuperAdminSeeder->run()
#29 C:/Users/User/Downloads/wihsata final/wihsata-combined/wihsata-api/vendor/laravel/framework/src/Illuminate/Container/Util.php(43): Illuminate/Container/BoundMethod::Illuminate/Container/{closure}()
#30 C:/Users/User/Downloads/wihsata final/wihsata-combined/wihsata-api/vendor/laravel/framework/src/Illuminate/Container/BoundMethod.php(95): Illuminate/Container/Util::unwrapIfClosure(Object(Closure))
#31 C:/Users/User/Downloads/wihsata final/wihsata-combined/wihsata-api/vendor/laravel/framework/src/Illuminate/Container/BoundMethod.php(35): Illuminate/Container/BoundMethod::callBoundMethod(Object(Illuminate/Foundation/Application), Array, Object(Closure))
#32 C:/Users/User/Downloads/wihsata final/wihsata-combined/wihsata-api/vendor/laravel/framework/src/Illuminate/Container/Container.php(696): Illuminate/Container/BoundMethod::call(Object(Illuminate/Foundation/Application), Array, Array, NULL)
#33 C:/Users/User/Downloads/wihsata final/wihsata-combined/wihsata-api/vendor/laravel/framework/src/Illuminate/Database/Seeder.php(188): Illuminate/Container/Container->call(Array, Array)
#34 C:/Users/User/Downloads/wihsata final/wihsata-combined/wihsata-api/vendor/laravel/framework/src/Illuminate/Database/Seeder.php(197): Illuminate/Database/Seeder->Illuminate/Database/{closure}()
#35 C:/Users/User/Downloads/wihsata final/wihsata-combined/wihsata-api/vendor/laravel/framework/src/Illuminate/Database/Console/Seeds/SeedCommand.php(70): Illuminate/Database/Seeder->__invoke()
#36 C:/Users/User/Downloads/wihsata final/wihsata-combined/wihsata-api/vendor/laravel/framework/src/Illuminate/Database/Eloquent/Concerns/GuardsAttributes.php(155): Illuminate/Database/Console/Seeds/SeedCommand->Illuminate/Database/Console/Seeds/{closure}()
#37 C:/Users/User/Downloads/wihsata final/wihsata-combined/wihsata-api/vendor/laravel/framework/src/Illuminate/Database/Console/Seeds/SeedCommand.php(69): Illuminate/Database/Eloquent/Model::unguarded(Object(Closure))
#38 C:/Users/User/Downloads/wihsata final/wihsata-combined/wihsata-api/vendor/laravel/framework/src/Illuminate/Container/BoundMethod.php(36): Illuminate/Database/Console/Seeds/SeedCommand->handle()
#39 C:/Users/User/Downloads/wihsata final/wihsata-combined/wihsata-api/vendor/laravel/framework/src/Illuminate/Container/Util.php(43): Illuminate/Container/BoundMethod::Illuminate/Container/{closure}()
#40 C:/Users/User/Downloads/wihsata final/wihsata-combined/wihsata-api/vendor/laravel/framework/src/Illuminate/Container/BoundMethod.php(95): Illuminate/Container/Util::unwrapIfClosure(Object(Closure))
#41 C:/Users/User/Downloads/wihsata final/wihsata-combined/wihsata-api/vendor/laravel/framework/src/Illuminate/Container/BoundMethod.php(35): Illuminate/Container/BoundMethod::callBoundMethod(Object(Illuminate/Foundation/Application), Array, Object(Closure))
#42 C:/Users/User/Downloads/wihsata final/wihsata-combined/wihsata-api/vendor/laravel/framework/src/Illuminate/Container/Container.php(696): Illuminate/Container/BoundMethod::call(Object(Illuminate/Foundation/Application), Array, Array, NULL)
#43 C:/Users/User/Downloads/wihsata final/wihsata-combined/wihsata-api/vendor/laravel/framework/src/Illuminate/Console/Command.php(213): Illuminate/Container/Container->call(Array)
#44 C:/Users/User/Downloads/wihsata final/wihsata-combined/wihsata-api/vendor/symfony/console/Command/Command.php(341): Illuminate/Console/Command->execute(Object(Symfony/Component/Console/Input/ArgvInput), Object(Illuminate/Console/OutputStyle))
#45 C:/Users/User/Downloads/wihsata final/wihsata-combined/wihsata-api/vendor/laravel/framework/src/Illuminate/Console/Command.php(182): Symfony/Component/Console/Command/Command->run(Object(Symfony/Component/Console/Input/ArgvInput), Object(Illuminate/Console/OutputStyle))
#46 C:/Users/User/Downloads/wihsata final/wihsata-combined/wihsata-api/vendor/symfony/console/Application.php(1117): Illuminate/Console/Command->run(Object(Symfony/Component/Console/Input/ArgvInput), Object(Symfony/Component/Console/Output/ConsoleOutput))
#47 C:/Users/User/Downloads/wihsata final/wihsata-combined/wihsata-api/vendor/symfony/console/Application.php(356): Symfony/Component/Console/Application->doRunCommand(Object(Illuminate/Database/Console/Seeds/SeedCommand), Object(Symfony/Component/Console/Input/ArgvInput), Object(Symfony/Component/Console/Output/ConsoleOutput))
#48 C:/Users/User/Downloads/wihsata final/wihsata-combined/wihsata-api/vendor/symfony/console/Application.php(195): Symfony/Component/Console/Application->doRun(Object(Symfony/Component/Console/Input/ArgvInput), Object(Symfony/Component/Console/Output/ConsoleOutput))
#49 C:/Users/User/Downloads/wihsata final/wihsata-combined/wihsata-api/vendor/laravel/framework/src/Illuminate/Foundation/Console/Kernel.php(198): Symfony/Component/Console/Application->run(Object(Symfony/Component/Console/Input/ArgvInput), Object(Symfony/Component/Console/Output/ConsoleOutput))
#50 C:/Users/User/Downloads/wihsata final/wihsata-combined/wihsata-api/vendor/laravel/framework/src/Illuminate/Foundation/Application.php(1235): Illuminate/Foundation/Console/Kernel->handle(Object(Symfony/Component/Console/Input/ArgvInput), Object(Symfony/Component/Console/Output/ConsoleOutput))
#51 C:/Users/User/Downloads/wihsata final/wihsata-combined/wihsata-api/artisan(16): Illuminate/Foundation/Application->handleCommand(Object(Symfony/Component/Console/Input/ArgvInput))
#52 {main}

[previous exception] [object] (PDOException(code: 23502): SQLSTATE[23502]: Not null violation: 7 ERROR:  null value in column \"ai_generation_reset_at\" of relation \"subscriptions\" violates not-null constraint
DETAIL:  Failing row contains (a28420bb-48ae-4e76-9f31-b5b8bc973354, a28420ba-eb7e-45ad-a6cf-7c9f79d99f26, demo, active, null, 0, null, 0, 2026-08-16 19:34:45, 2026-08-16 19:34:45). at C:/Users/User/Downloads/wihsata final/wihsata-combined/wihsata-api/vendor/laravel/framework/src/Illuminate/Database/Connection.php:571)
[stacktrace]
#0 C:/Users/User/Downloads/wihsata final/wihsata-combined/wihsata-api/vendor/laravel/framework/src/Illuminate/Database/Connection.php(571): PDOStatement->execute()
#1 C:/Users/User/Downloads/wihsata final/wihsata-combined/wihsata-api/vendor/laravel/framework/src/Illuminate/Database/Connection.php(812): Illuminate/Database/Connection->Illuminate/Database/{closure}('insert into \"su...', Array)
#2 C:/Users/User/Downloads/wihsata final/wihsata-combined/wihsata-api/vendor/laravel/framework/src/Illuminate/Database/Connection.php(779): Illuminate/Database/Connection->runQueryCallback('insert into \"su...', Array, Object(Closure))
#3 C:/Users/User/Downloads/wihsata final/wihsata-combined/wihsata-api/vendor/laravel/framework/src/Illuminate/Database/Connection.php(560): Illuminate/Database/Connection->run('insert into \"su...', Array, Object(Closure))
#4 C:/Users/User/Downloads/wihsata final/wihsata-combined/wihsata-api/vendor/laravel/framework/src/Illuminate/Database/Connection.php(524): Illuminate/Database/Connection->statement('insert into \"su...', Array)
#5 C:/Users/User/Downloads/wihsata final/wihsata-combined/wihsata-api/vendor/laravel/framework/src/Illuminate/Database/Query/Builder.php(3717): Illuminate/Database/Connection->insert('insert into \"su...', Array)
#6 C:/Users/User/Downloads/wihsata final/wihsata-combined/wihsata-api/vendor/laravel/framework/src/Illuminate/Database/Eloquent/Builder.php(2120): Illuminate/Database/Query/Builder->insert(Array)
#7 C:/Users/User/Downloads/wihsata final/wihsata-combined/wihsata-api/vendor/laravel/framework/src/Illuminate/Database/Eloquent/Model.php(1335): Illuminate/Database/Eloquent/Builder->__call('insert', Array)
#8 C:/Users/User/Downloads/wihsata final/wihsata-combined/wihsata-api/vendor/laravel/framework/src/Illuminate/Database/Eloquent/Model.php(1163): Illuminate/Database/Eloquent/Model->performInsert(Object(Illuminate/Database/Eloquent/Builder))
#9 C:/Users/User/Downloads/wihsata final/wihsata-combined/wihsata-api/vendor/laravel/framework/src/Illuminate/Database/Eloquent/Relations/HasOneOrMany.php(371): Illuminate/Database/Eloquent/Model->save()
#10 C:/Users/User/Downloads/wihsata final/wihsata-combined/wihsata-api/vendor/laravel/framework/src/Illuminate/Support/helpers.php(399): Illuminate/Database/Eloquent/Relations/HasOneOrMany->Illuminate/Database/Eloquent/Relations/{closure}(Object(App/Models/Subscription))
#11 C:/Users/User/Downloads/wihsata final/wihsata-combined/wihsata-api/vendor/laravel/framework/src/Illuminate/Database/Eloquent/Relations/HasOneOrMany.php(368): tap(Object(App/Models/Subscription), Object(Closure))
#12 C:/Users/User/Downloads/wihsata final/wihsata-combined/wihsata-api/app/Models/User.php(88): Illuminate/Database/Eloquent/Relations/HasOneOrMany->create(Array)
#13 C:/Users/User/Downloads/wihsata final/wihsata-combined/wihsata-api/vendor/laravel/framework/src/Illuminate/Events/Dispatcher.php(459): App/Models/User::App/Models/{closure}(Object(App/Models/User))
#14 C:/Users/User/Downloads/wihsata final/wihsata-combined/wihsata-api/vendor/laravel/framework/src/Illuminate/Events/Dispatcher.php(287): Illuminate/Events/Dispatcher->Illuminate/Events/{closure}('eloquent.create...', Array)
#15 C:/Users/User/Downloads/wihsata final/wihsata-combined/wihsata-api/vendor/laravel/framework/src/Illuminate/Events/Dispatcher.php(267): Illuminate/Events/Dispatcher->invokeListeners('eloquent.create...', Array, false)
#16 C:/Users/User/Downloads/wihsata final/wihsata-combined/wihsata-api/vendor/laravel/framework/src/Illuminate/Database/Eloquent/Concerns/HasEvents.php(224): Illuminate/Events/Dispatcher->dispatch('eloquent.create...', Array)
#17 C:/Users/User/Downloads/wihsata final/wihsata-combined/wihsata-api/vendor/laravel/framework/src/Illuminate/Database/Eloquent/Model.php(1345): Illuminate/Database/Eloquent/Model->fireModelEvent('created', false)
#18 C:/Users/User/Downloads/wihsata final/wihsata-combined/wihsata-api/vendor/laravel/framework/src/Illuminate/Database/Eloquent/Model.php(1163): Illuminate/Database/Eloquent/Model->performInsert(Object(Illuminate/Database/Eloquent/Builder))
#19 C:/Users/User/Downloads/wihsata final/wihsata-combined/wihsata-api/vendor/laravel/framework/src/Illuminate/Database/Eloquent/Builder.php(1128): Illuminate/Database/Eloquent/Model->save()
#20 C:/Users/User/Downloads/wihsata final/wihsata-combined/wihsata-api/vendor/laravel/framework/src/Illuminate/Support/helpers.php(399): Illuminate/Database/Eloquent/Builder->Illuminate/Database/Eloquent/{closure}(Object(App/Models/User))
#21 C:/Users/User/Downloads/wihsata final/wihsata-combined/wihsata-api/vendor/laravel/framework/src/Illuminate/Database/Eloquent/Builder.php(1127): tap(Object(App/Models/User), Object(Closure))
#22 C:/Users/User/Downloads/wihsata final/wihsata-combined/wihsata-api/vendor/laravel/framework/src/Illuminate/Database/Eloquent/Builder.php(634): Illuminate/Database/Eloquent/Builder->create(Array)
#23 C:/Users/User/Downloads/wihsata final/wihsata-combined/wihsata-api/vendor/laravel/framework/src/Illuminate/Database/Eloquent/Builder.php(1864): Illuminate/Database/Eloquent/Builder->Illuminate/Database/Eloquent/{closure}()
#24 C:/Users/User/Downloads/wihsata final/wihsata-combined/wihsata-api/vendor/laravel/framework/src/Illuminate/Database/Eloquent/Builder.php(634): Illuminate/Database/Eloquent/Builder->withSavepointIfNeeded(Object(Closure))
#25 C:/Users/User/Downloads/wihsata final/wihsata-combined/wihsata-api/vendor/laravel/framework/src/Illuminate/Database/Eloquent/Builder.php(621): Illuminate/Database/Eloquent/Builder->createOrFirst(Array, Array)
#26 C:/Users/User/Downloads/wihsata final/wihsata-combined/wihsata-api/vendor/laravel/framework/src/Illuminate/Support/Traits/ForwardsCalls.php(23): Illuminate/Database/Eloquent/Builder->firstOrCreate(Array, Array)
#27 C:/Users/User/Downloads/wihsata final/wihsata-combined/wihsata-api/vendor/laravel/framework/src/Illuminate/Database/Eloquent/Model.php(2372): Illuminate/Database/Eloquent/Model->forwardCallTo(Object(Illuminate/Database/Eloquent/Builder), 'firstOrCreate', Array)
#28 C:/Users/User/Downloads/wihsata final/wihsata-combined/wihsata-api/vendor/laravel/framework/src/Illuminate/Database/Eloquent/Model.php(2384): Illuminate/Database/Eloquent/Model->__call('firstOrCreate', Array)
#29 C:/Users/User/Downloads/wihsata final/wihsata-combined/wihsata-api/database/seeders/SuperAdminSeeder.php(22): Illuminate/Database/Eloquent/Model::__callStatic('firstOrCreate', Array)
#30 C:/Users/User/Downloads/wihsata final/wihsata-combined/wihsata-api/vendor/laravel/framework/src/Illuminate/Container/BoundMethod.php(36): Database/Seeders/SuperAdminSeeder->run()
#31 C:/Users/User/Downloads/wihsata final/wihsata-combined/wihsata-api/vendor/laravel/framework/src/Illuminate/Container/Util.php(43): Illuminate/Container/BoundMethod::Illuminate/Container/{closure}()
#32 C:/Users/User/Downloads/wihsata final/wihsata-combined/wihsata-api/vendor/laravel/framework/src/Illuminate/Container/BoundMethod.php(95): Illuminate/Container/Util::unwrapIfClosure(Object(Closure))
#33 C:/Users/User/Downloads/wihsata final/wihsata-combined/wihsata-api/vendor/laravel/framework/src/Illuminate/Container/BoundMethod.php(35): Illuminate/Container/BoundMethod::callBoundMethod(Object(Illuminate/Foundation/Application), Array, Object(Closure))
#34 C:/Users/User/Downloads/wihsata final/wihsata-combined/wihsata-api/vendor/laravel/framework/src/Illuminate/Container/Container.php(696): Illuminate/Container/BoundMethod::call(Object(Illuminate/Foundation/Application), Array, Array, NULL)
#35 C:/Users/User/Downloads/wihsata final/wihsata-combined/wihsata-api/vendor/laravel/framework/src/Illuminate/Database/Seeder.php(188): Illuminate/Container/Container->call(Array, Array)
#36 C:/Users/User/Downloads/wihsata final/wihsata-combined/wihsata-api/vendor/laravel/framework/src/Illuminate/Database/Seeder.php(197): Illuminate/Database/Seeder->Illuminate/Database/{closure}()
#37 C:/Users/User/Downloads/wihsata final/wihsata-combined/wihsata-api/vendor/laravel/framework/src/Illuminate/Database/Console/Seeds/SeedCommand.php(70): Illuminate/Database/Seeder->__invoke()
#38 C:/Users/User/Downloads/wihsata final/wihsata-combined/wihsata-api/vendor/laravel/framework/src/Illuminate/Database/Eloquent/Concerns/GuardsAttributes.php(155): Illuminate/Database/Console/Seeds/SeedCommand->Illuminate/Database/Console/Seeds/{closure}()
#39 C:/Users/User/Downloads/wihsata final/wihsata-combined/wihsata-api/vendor/laravel/framework/src/Illuminate/Database/Console/Seeds/SeedCommand.php(69): Illuminate/Database/Eloquent/Model::unguarded(Object(Closure))
#40 C:/Users/User/Downloads/wihsata final/wihsata-combined/wihsata-api/vendor/laravel/framework/src/Illuminate/Container/BoundMethod.php(36): Illuminate/Database/Console/Seeds/SeedCommand->handle()
#41 C:/Users/User/Downloads/wihsata final/wihsata-combined/wihsata-api/vendor/laravel/framework/src/Illuminate/Container/Util.php(43): Illuminate/Container/BoundMethod::Illuminate/Container/{closure}()
#42 C:/Users/User/Downloads/wihsata final/wihsata-combined/wihsata-api/vendor/laravel/framework/src/Illuminate/Container/BoundMethod.php(95): Illuminate/Container/Util::unwrapIfClosure(Object(Closure))
#43 C:/Users/User/Downloads/wihsata final/wihsata-combined/wihsata-api/vendor/laravel/framework/src/Illuminate/Container/BoundMethod.php(35): Illuminate/Container/BoundMethod::callBoundMethod(Object(Illuminate/Foundation/Application), Array, Object(Closure))
#44 C:/Users/User/Downloads/wihsata final/wihsata-combined/wihsata-api/vendor/laravel/framework/src/Illuminate/Container/Container.php(696): Illuminate/Container/BoundMethod::call(Object(Illuminate/Foundation/Application), Array, Array, NULL)
#45 C:/Users/User/Downloads/wihsata final/wihsata-combined/wihsata-api/vendor/laravel/framework/src/Illuminate/Console/Command.php(213): Illuminate/Container/Container->call(Array)
#46 C:/Users/User/Downloads/wihsata final/wihsata-combined/wihsata-api/vendor/symfony/console/Command/Command.php(341): Illuminate/Console/Command->execute(Object(Symfony/Component/Console/Input/ArgvInput), Object(Illuminate/Console/OutputStyle))
#47 C:/Users/User/Downloads/wihsata final/wihsata-combined/wihsata-api/vendor/laravel/framework/src/Illuminate/Console/Command.php(182): Symfony/Component/Console/Command/Command->run(Object(Symfony/Component/Console/Input/ArgvInput), Object(Illuminate/Console/OutputStyle))
#48 C:/Users/User/Downloads/wihsata final/wihsata-combined/wihsata-api/vendor/symfony/console/Application.php(1117): Illuminate/Console/Command->run(Object(Symfony/Component/Console/Input/ArgvInput), Object(Symfony/Component/Console/Output/ConsoleOutput))
#49 C:/Users/User/Downloads/wihsata final/wihsata-combined/wihsata-api/vendor/symfony/console/Application.php(356): Symfony/Component/Console/Application->doRunCommand(Object(Illuminate/Database/Console/Seeds/SeedCommand), Object(Symfony/Component/Console/Input/ArgvInput), Object(Symfony/Component/Console/Output/ConsoleOutput))
#50 C:/Users/User/Downloads/wihsata final/wihsata-combined/wihsata-api/vendor/symfony/console/Application.php(195): Symfony/Component/Console/Application->doRun(Object(Symfony/Component/Console/Input/ArgvInput), Object(Symfony/Component/Console/Output/ConsoleOutput))
#51 C:/Users/User/Downloads/wihsata final/wihsata-combined/wihsata-api/vendor/laravel/framework/src/Illuminate/Foundation/Console/Kernel.php(198): Symfony/Component/Console/Application->run(Object(Symfony/Component/Console/Input/ArgvInput), Object(Symfony/Component/Console/Output/ConsoleOutput))
#52 C:/Users/User/Downloads/wihsata final/wihsata-combined/wihsata-api/vendor/laravel/framework/src/Illuminate/Foundation/Application.php(1235): Illuminate/Foundation/Console/Kernel->handle(Object(Symfony/Component/Console/Input/ArgvInput), Object(Symfony/Component/Console/Output/ConsoleOutput))
#53 C:/Users/User/Downloads/wihsata final/wihsata-combined/wihsata-api/artisan(16): Illuminate/Foundation/Application->handleCommand(Object(Symfony/Component/Console/Input/ArgvInput))
#54 {main}
"} 
[2026-08-16 19:48:10] local.ERROR: SQLSTATE[23505]: Unique violation: 7 ERROR:  duplicate key value violates unique constraint "users_email_unique"
DETAIL:  Key (email)=(nucaaeon@gmail.com) already exists. (Connection: pgsql, SQL: insert into "users" ("id", "full_name", "username", "email", "email_verified_at", "password", "avatar_url", "bio", "home_city", "role", "created_at", "updated_at") values (890f3884-134c-4290-9b84-b0b0dc713bd5, Nuca, ?, nucaaeon@gmail.com, 2026-08-01 07:07:07.912825+00, $2a$10$xS7iCTwWD08CKEahXTnw0e2FUTfXEnDySrAxYRmCTGpgrCNTmH28S, ?, ?, ?, admin, 2026-08-01 07:06:12.959671+00, 2026-08-01 07:11:26.390967+00)) {"exception":"[object] (Illuminate\\Database\\UniqueConstraintViolationException(code: 23505): SQLSTATE[23505]: Unique violation: 7 ERROR:  duplicate key value violates unique constraint \"users_email_unique\"
DETAIL:  Key (email)=(nucaaeon@gmail.com) already exists. (Connection: pgsql, SQL: insert into \"users\" (\"id\", \"full_name\", \"username\", \"email\", \"email_verified_at\", \"password\", \"avatar_url\", \"bio\", \"home_city\", \"role\", \"created_at\", \"updated_at\") values (890f3884-134c-4290-9b84-b0b0dc713bd5, Nuca, ?, nucaaeon@gmail.com, 2026-08-01 07:07:07.912825+00, $2a$10$xS7iCTwWD08CKEahXTnw0e2FUTfXEnDySrAxYRmCTGpgrCNTmH28S, ?, ?, ?, admin, 2026-08-01 07:06:12.959671+00, 2026-08-01 07:11:26.390967+00)) at C:/Users/User/Downloads/wihsata final/wihsata-combined/wihsata-api/vendor/laravel/framework/src/Illuminate/Database/Connection.php:820)
[stacktrace]
#0 C:/Users/User/Downloads/wihsata final/wihsata-combined/wihsata-api/vendor/laravel/framework/src/Illuminate/Database/Connection.php(779): Illuminate/Database/Connection->runQueryCallback('insert into \"us...', Array, Object(Closure))
#1 C:/Users/User/Downloads/wihsata final/wihsata-combined/wihsata-api/vendor/laravel/framework/src/Illuminate/Database/Connection.php(560): Illuminate/Database/Connection->run('insert into \"us...', Array, Object(Closure))
#2 C:/Users/User/Downloads/wihsata final/wihsata-combined/wihsata-api/vendor/laravel/framework/src/Illuminate/Database/Connection.php(524): Illuminate/Database/Connection->statement('insert into \"us...', Array)
#3 C:/Users/User/Downloads/wihsata final/wihsata-combined/wihsata-api/vendor/laravel/framework/src/Illuminate/Database/Query/Builder.php(3717): Illuminate/Database/Connection->insert('insert into \"us...', Array)
#4 C:/Users/User/Downloads/wihsata final/wihsata-combined/wihsata-api/vendor/laravel/framework/src/Illuminate/Database/Query/Builder.php(3869): Illuminate/Database/Query/Builder->insert(Array)
#5 C:/Users/User/Downloads/wihsata final/wihsata-combined/wihsata-api/app/Console/Commands/ImportSupabaseData.php(128): Illuminate/Database/Query/Builder->updateOrInsert(Array, Array)
#6 C:/Users/User/Downloads/wihsata final/wihsata-combined/wihsata-api/app/Console/Commands/ImportSupabaseData.php(55): App/Console/Commands/ImportSupabaseData->importUsers()
#7 C:/Users/User/Downloads/wihsata final/wihsata-combined/wihsata-api/vendor/laravel/framework/src/Illuminate/Database/Concerns/ManagesTransactions.php(32): App/Console/Commands/ImportSupabaseData->App/Console/Commands/{closure}(Object(Illuminate/Database/PostgresConnection))
#8 C:/Users/User/Downloads/wihsata final/wihsata-combined/wihsata-api/vendor/laravel/framework/src/Illuminate/Database/DatabaseManager.php(495): Illuminate/Database/Connection->transaction(Object(Closure))
#9 C:/Users/User/Downloads/wihsata final/wihsata-combined/wihsata-api/vendor/laravel/framework/src/Illuminate/Support/Facades/Facade.php(361): Illuminate/Database/DatabaseManager->__call('transaction', Array)
#10 C:/Users/User/Downloads/wihsata final/wihsata-combined/wihsata-api/app/Console/Commands/ImportSupabaseData.php(86): Illuminate/Support/Facades/Facade::__callStatic('transaction', Array)
#11 C:/Users/User/Downloads/wihsata final/wihsata-combined/wihsata-api/vendor/laravel/framework/src/Illuminate/Container/BoundMethod.php(36): App/Console/Commands/ImportSupabaseData->handle()
#12 C:/Users/User/Downloads/wihsata final/wihsata-combined/wihsata-api/vendor/laravel/framework/src/Illuminate/Container/Util.php(43): Illuminate/Container/BoundMethod::Illuminate/Container/{closure}()
#13 C:/Users/User/Downloads/wihsata final/wihsata-combined/wihsata-api/vendor/laravel/framework/src/Illuminate/Container/BoundMethod.php(95): Illuminate/Container/Util::unwrapIfClosure(Object(Closure))
#14 C:/Users/User/Downloads/wihsata final/wihsata-combined/wihsata-api/vendor/laravel/framework/src/Illuminate/Container/BoundMethod.php(35): Illuminate/Container/BoundMethod::callBoundMethod(Object(Illuminate/Foundation/Application), Array, Object(Closure))
#15 C:/Users/User/Downloads/wihsata final/wihsata-combined/wihsata-api/vendor/laravel/framework/src/Illuminate/Container/Container.php(696): Illuminate/Container/BoundMethod::call(Object(Illuminate/Foundation/Application), Array, Array, NULL)
#16 C:/Users/User/Downloads/wihsata final/wihsata-combined/wihsata-api/vendor/laravel/framework/src/Illuminate/Console/Command.php(213): Illuminate/Container/Container->call(Array)
#17 C:/Users/User/Downloads/wihsata final/wihsata-combined/wihsata-api/vendor/symfony/console/Command/Command.php(341): Illuminate/Console/Command->execute(Object(Symfony/Component/Console/Input/ArgvInput), Object(Illuminate/Console/OutputStyle))
#18 C:/Users/User/Downloads/wihsata final/wihsata-combined/wihsata-api/vendor/laravel/framework/src/Illuminate/Console/Command.php(182): Symfony/Component/Console/Command/Command->run(Object(Symfony/Component/Console/Input/ArgvInput), Object(Illuminate/Console/OutputStyle))
#19 C:/Users/User/Downloads/wihsata final/wihsata-combined/wihsata-api/vendor/symfony/console/Application.php(1117): Illuminate/Console/Command->run(Object(Symfony/Component/Console/Input/ArgvInput), Object(Symfony/Component/Console/Output/ConsoleOutput))
#20 C:/Users/User/Downloads/wihsata final/wihsata-combined/wihsata-api/vendor/symfony/console/Application.php(356): Symfony/Component/Console/Application->doRunCommand(Object(App/Console/Commands/ImportSupabaseData), Object(Symfony/Component/Console/Input/ArgvInput), Object(Symfony/Component/Console/Output/ConsoleOutput))
#21 C:/Users/User/Downloads/wihsata final/wihsata-combined/wihsata-api/vendor/symfony/console/Application.php(195): Symfony/Component/Console/Application->doRun(Object(Symfony/Component/Console/Input/ArgvInput), Object(Symfony/Component/Console/Output/ConsoleOutput))
#22 C:/Users/User/Downloads/wihsata final/wihsata-combined/wihsata-api/vendor/laravel/framework/src/Illuminate/Foundation/Console/Kernel.php(198): Symfony/Component/Console/Application->run(Object(Symfony/Component/Console/Input/ArgvInput), Object(Symfony/Component/Console/Output/ConsoleOutput))
#23 C:/Users/User/Downloads/wihsata final/wihsata-combined/wihsata-api/vendor/laravel/framework/src/Illuminate/Foundation/Application.php(1235): Illuminate/Foundation/Console/Kernel->handle(Object(Symfony/Component/Console/Input/ArgvInput), Object(Symfony/Component/Console/Output/ConsoleOutput))
#24 C:/Users/User/Downloads/wihsata final/wihsata-combined/wihsata-api/artisan(16): Illuminate/Foundation/Application->handleCommand(Object(Symfony/Component/Console/Input/ArgvInput))
#25 {main}

[previous exception] [object] (PDOException(code: 23505): SQLSTATE[23505]: Unique violation: 7 ERROR:  duplicate key value violates unique constraint \"users_email_unique\"
DETAIL:  Key (email)=(nucaaeon@gmail.com) already exists. at C:/Users/User/Downloads/wihsata final/wihsata-combined/wihsata-api/vendor/laravel/framework/src/Illuminate/Database/Connection.php:571)
[stacktrace]
#0 C:/Users/User/Downloads/wihsata final/wihsata-combined/wihsata-api/vendor/laravel/framework/src/Illuminate/Database/Connection.php(571): PDOStatement->execute()
#1 C:/Users/User/Downloads/wihsata final/wihsata-combined/wihsata-api/vendor/laravel/framework/src/Illuminate/Database/Connection.php(812): Illuminate/Database/Connection->Illuminate/Database/{closure}('insert into \"us...', Array)
#2 C:/Users/User/Downloads/wihsata final/wihsata-combined/wihsata-api/vendor/laravel/framework/src/Illuminate/Database/Connection.php(779): Illuminate/Database/Connection->runQueryCallback('insert into \"us...', Array, Object(Closure))
#3 C:/Users/User/Downloads/wihsata final/wihsata-combined/wihsata-api/vendor/laravel/framework/src/Illuminate/Database/Connection.php(560): Illuminate/Database/Connection->run('insert into \"us...', Array, Object(Closure))
#4 C:/Users/User/Downloads/wihsata final/wihsata-combined/wihsata-api/vendor/laravel/framework/src/Illuminate/Database/Connection.php(524): Illuminate/Database/Connection->statement('insert into \"us...', Array)
#5 C:/Users/User/Downloads/wihsata final/wihsata-combined/wihsata-api/vendor/laravel/framework/src/Illuminate/Database/Query/Builder.php(3717): Illuminate/Database/Connection->insert('insert into \"us...', Array)
#6 C:/Users/User/Downloads/wihsata final/wihsata-combined/wihsata-api/vendor/laravel/framework/src/Illuminate/Database/Query/Builder.php(3869): Illuminate/Database/Query/Builder->insert(Array)
#7 C:/Users/User/Downloads/wihsata final/wihsata-combined/wihsata-api/app/Console/Commands/ImportSupabaseData.php(128): Illuminate/Database/Query/Builder->updateOrInsert(Array, Array)
#8 C:/Users/User/Downloads/wihsata final/wihsata-combined/wihsata-api/app/Console/Commands/ImportSupabaseData.php(55): App/Console/Commands/ImportSupabaseData->importUsers()
#9 C:/Users/User/Downloads/wihsata final/wihsata-combined/wihsata-api/vendor/laravel/framework/src/Illuminate/Database/Concerns/ManagesTransactions.php(32): App/Console/Commands/ImportSupabaseData->App/Console/Commands/{closure}(Object(Illuminate/Database/PostgresConnection))
#10 C:/Users/User/Downloads/wihsata final/wihsata-combined/wihsata-api/vendor/laravel/framework/src/Illuminate/Database/DatabaseManager.php(495): Illuminate/Database/Connection->transaction(Object(Closure))
#11 C:/Users/User/Downloads/wihsata final/wihsata-combined/wihsata-api/vendor/laravel/framework/src/Illuminate/Support/Facades/Facade.php(361): Illuminate/Database/DatabaseManager->__call('transaction', Array)
#12 C:/Users/User/Downloads/wihsata final/wihsata-combined/wihsata-api/app/Console/Commands/ImportSupabaseData.php(86): Illuminate/Support/Facades/Facade::__callStatic('transaction', Array)
#13 C:/Users/User/Downloads/wihsata final/wihsata-combined/wihsata-api/vendor/laravel/framework/src/Illuminate/Container/BoundMethod.php(36): App/Console/Commands/ImportSupabaseData->handle()
#14 C:/Users/User/Downloads/wihsata final/wihsata-combined/wihsata-api/vendor/laravel/framework/src/Illuminate/Container/Util.php(43): Illuminate/Container/BoundMethod::Illuminate/Container/{closure}()
#15 C:/Users/User/Downloads/wihsata final/wihsata-combined/wihsata-api/vendor/laravel/framework/src/Illuminate/Container/BoundMethod.php(95): Illuminate/Container/Util::unwrapIfClosure(Object(Closure))
#16 C:/Users/User/Downloads/wihsata final/wihsata-combined/wihsata-api/vendor/laravel/framework/src/Illuminate/Container/BoundMethod.php(35): Illuminate/Container/BoundMethod::callBoundMethod(Object(Illuminate/Foundation/Application), Array, Object(Closure))
#17 C:/Users/User/Downloads/wihsata final/wihsata-combined/wihsata-api/vendor/laravel/framework/src/Illuminate/Container/Container.php(696): Illuminate/Container/BoundMethod::call(Object(Illuminate/Foundation/Application), Array, Array, NULL)
#18 C:/Users/User/Downloads/wihsata final/wihsata-combined/wihsata-api/vendor/laravel/framework/src/Illuminate/Console/Command.php(213): Illuminate/Container/Container->call(Array)
#19 C:/Users/User/Downloads/wihsata final/wihsata-combined/wihsata-api/vendor/symfony/console/Command/Command.php(341): Illuminate/Console/Command->execute(Object(Symfony/Component/Console/Input/ArgvInput), Object(Illuminate/Console/OutputStyle))
#20 C:/Users/User/Downloads/wihsata final/wihsata-combined/wihsata-api/vendor/laravel/framework/src/Illuminate/Console/Command.php(182): Symfony/Component/Console/Command/Command->run(Object(Symfony/Component/Console/Input/ArgvInput), Object(Illuminate/Console/OutputStyle))
#21 C:/Users/User/Downloads/wihsata final/wihsata-combined/wihsata-api/vendor/symfony/console/Application.php(1117): Illuminate/Console/Command->run(Object(Symfony/Component/Console/Input/ArgvInput), Object(Symfony/Component/Console/Output/ConsoleOutput))
#22 C:/Users/User/Downloads/wihsata final/wihsata-combined/wihsata-api/vendor/symfony/console/Application.php(356): Symfony/Component/Console/Application->doRunCommand(Object(App/Console/Commands/ImportSupabaseData), Object(Symfony/Component/Console/Input/ArgvInput), Object(Symfony/Component/Console/Output/ConsoleOutput))
#23 C:/Users/User/Downloads/wihsata final/wihsata-combined/wihsata-api/vendor/symfony/console/Application.php(195): Symfony/Component/Console/Application->doRun(Object(Symfony/Component/Console/Input/ArgvInput), Object(Symfony/Component/Console/Output/ConsoleOutput))
#24 C:/Users/User/Downloads/wihsata final/wihsata-combined/wihsata-api/vendor/laravel/framework/src/Illuminate/Foundation/Console/Kernel.php(198): Symfony/Component/Console/Application->run(Object(Symfony/Component/Console/Input/ArgvInput), Object(Symfony/Component/Console/Output/ConsoleOutput))
#25 C:/Users/User/Downloads/wihsata final/wihsata-combined/wihsata-api/vendor/laravel/framework/src/Illuminate/Foundation/Application.php(1235): Illuminate/Foundation/Console/Kernel->handle(Object(Symfony/Component/Console/Input/ArgvInput), Object(Symfony/Component/Console/Output/ConsoleOutput))
#26 C:/Users/User/Downloads/wihsata final/wihsata-combined/wihsata-api/artisan(16): Illuminate/Foundation/Application->handleCommand(Object(Symfony/Component/Console/Input/ArgvInput))
#27 {main}
"} 
[2026-08-16 20:16:23] local.ERROR: This password does not use the Bcrypt algorithm. {"exception":"[object] (RuntimeException(code: 0): This password does not use the Bcrypt algorithm. at C:/Users/User/Downloads/wihsata final/wihsata-combined/wihsata-api/vendor/laravel/framework/src/Illuminate/Hashing/BcryptHasher.php:76)
[stacktrace]
#0 C:/Users/User/Downloads/wihsata final/wihsata-combined/wihsata-api/vendor/laravel/framework/src/Illuminate/Hashing/HashManager.php(76): Illuminate/Hashing/BcryptHasher->check(Object(SensitiveParameterValue), '$2a$10$8rChM6RI...', Array)
#1 C:/Users/User/Downloads/wihsata final/wihsata-combined/wihsata-api/vendor/laravel/framework/src/Illuminate/Auth/EloquentUserProvider.php(159): Illuminate/Hashing/HashManager->check(Object(SensitiveParameterValue), '$2a$10$8rChM6RI...')
#2 C:/Users/User/Downloads/wihsata final/wihsata-combined/wihsata-api/vendor/laravel/framework/src/Illuminate/Auth/SessionGuard.php(482): Illuminate/Auth/EloquentUserProvider->validateCredentials(Object(App/Models/User), Object(SensitiveParameterValue))
#3 C:/Users/User/Downloads/wihsata final/wihsata-combined/wihsata-api/vendor/laravel/framework/src/Illuminate/Auth/SessionGuard.php(420): Illuminate/Auth/SessionGuard->hasValidCredentials(Object(App/Models/User), Array)
#4 C:/Users/User/Downloads/wihsata final/wihsata-combined/wihsata-api/vendor/laravel/framework/src/Illuminate/Support/Timebox.php(34): Illuminate/Auth/SessionGuard->Illuminate/Auth/{closure}(Object(Illuminate/Support/Timebox))
#5 C:/Users/User/Downloads/wihsata final/wihsata-combined/wihsata-api/vendor/laravel/framework/src/Illuminate/Auth/SessionGuard.php(412): Illuminate/Support/Timebox->call(Object(Closure), 200000)
#6 C:/Users/User/Downloads/wihsata final/wihsata-combined/wihsata-api/vendor/laravel/framework/src/Illuminate/Auth/AuthManager.php(340): Illuminate/Auth/SessionGuard->attempt(Array, true)
#7 C:/Users/User/Downloads/wihsata final/wihsata-combined/wihsata-api/vendor/laravel/framework/src/Illuminate/Support/Facades/Facade.php(361): Illuminate/Auth/AuthManager->__call('attempt', Array)
#8 C:/Users/User/Downloads/wihsata final/wihsata-combined/wihsata-api/app/Http/Controllers/Auth/LoginController.php(17): Illuminate/Support/Facades/Facade::__callStatic('attempt', Array)
#9 C:/Users/User/Downloads/wihsata final/wihsata-combined/wihsata-api/vendor/laravel/framework/src/Illuminate/Routing/ControllerDispatcher.php(47): App/Http/Controllers/Auth/LoginController->__invoke(Object(App/Http/Requests/Auth/LoginRequest))
#10 C:/Users/User/Downloads/wihsata final/wihsata-combined/wihsata-api/vendor/laravel/framework/src/Illuminate/Routing/Route.php(266): Illuminate/Routing/ControllerDispatcher->dispatch(Object(Illuminate/Routing/Route), Object(App/Http/Controllers/Auth/LoginController), '__invoke')
#11 C:/Users/User/Downloads/wihsata final/wihsata-combined/wihsata-api/vendor/laravel/framework/src/Illuminate/Routing/Route.php(212): Illuminate/Routing/Route->runController()
#12 C:/Users/User/Downloads/wihsata final/wihsata-combined/wihsata-api/vendor/laravel/framework/src/Illuminate/Routing/Router.php(808): Illuminate/Routing/Route->run()
#13 C:/Users/User/Downloads/wihsata final/wihsata-combined/wihsata-api/vendor/laravel/framework/src/Illuminate/Pipeline/Pipeline.php(170): Illuminate/Routing/Router->Illuminate/Routing/{closure}(Object(Illuminate/Http/Request))
#14 C:/Users/User/Downloads/wihsata final/wihsata-combined/wihsata-api/vendor/laravel/framework/src/Illuminate/Routing/Middleware/SubstituteBindings.php(51): Illuminate/Pipeline/Pipeline->Illuminate/Pipeline/{closure}(Object(Illuminate/Http/Request))
#15 C:/Users/User/Downloads/wihsata final/wihsata-combined/wihsata-api/vendor/laravel/framework/src/Illuminate/Pipeline/Pipeline.php(209): Illuminate/Routing/Middleware/SubstituteBindings->handle(Object(Illuminate/Http/Request), Object(Closure))
#16 C:/Users/User/Downloads/wihsata final/wihsata-combined/wihsata-api/vendor/laravel/sanctum/src/Http/Middleware/EnsureFrontendRequestsAreStateful.php(26): Illuminate/Pipeline/Pipeline->Illuminate/Pipeline/{closure}(Object(Illuminate/Http/Request))
#17 C:/Users/User/Downloads/wihsata final/wihsata-combined/wihsata-api/vendor/laravel/framework/src/Illuminate/Pipeline/Pipeline.php(170): Laravel/Sanctum/Http/Middleware/EnsureFrontendRequestsAreStateful->Laravel/Sanctum/Http/Middleware/{closure}(Object(Illuminate/Http/Request))
#18 C:/Users/User/Downloads/wihsata final/wihsata-combined/wihsata-api/vendor/laravel/framework/src/Illuminate/Pipeline/Pipeline.php(127): Illuminate/Pipeline/Pipeline->Illuminate/Pipeline/{closure}(Object(Illuminate/Http/Request))
#19 C:/Users/User/Downloads/wihsata final/wihsata-combined/wihsata-api/vendor/laravel/sanctum/src/Http/Middleware/EnsureFrontendRequestsAreStateful.php(25): Illuminate/Pipeline/Pipeline->then(Object(Closure))
#20 C:/Users/User/Downloads/wihsata final/wihsata-combined/wihsata-api/vendor/laravel/framework/src/Illuminate/Pipeline/Pipeline.php(209): Laravel/Sanctum/Http/Middleware/EnsureFrontendRequestsAreStateful->handle(Object(Illuminate/Http/Request), Object(Closure))
#21 C:/Users/User/Downloads/wihsata final/wihsata-combined/wihsata-api/vendor/laravel/framework/src/Illuminate/Http/Middleware/HandleCors.php(62): Illuminate/Pipeline/Pipeline->Illuminate/Pipeline/{closure}(Object(Illuminate/Http/Request))
#22 C:/Users/User/Downloads/wihsata final/wihsata-combined/wihsata-api/vendor/laravel/framework/src/Illuminate/Pipeline/Pipeline.php(209): Illuminate/Http/Middleware/HandleCors->handle(Object(Illuminate/Http/Request), Object(Closure))
#23 C:/Users/User/Downloads/wihsata final/wihsata-combined/wihsata-api/vendor/laravel/framework/src/Illuminate/Pipeline/Pipeline.php(127): Illuminate/Pipeline/Pipeline->Illuminate/Pipeline/{closure}(Object(Illuminate/Http/Request))
#24 C:/Users/User/Downloads/wihsata final/wihsata-combined/wihsata-api/vendor/laravel/framework/src/Illuminate/Routing/Router.php(807): Illuminate/Pipeline/Pipeline->then(Object(Closure))
#25 C:/Users/User/Downloads/wihsata final/wihsata-combined/wihsata-api/vendor/laravel/framework/src/Illuminate/Routing/Router.php(786): Illuminate/Routing/Router->runRouteWithinStack(Object(Illuminate/Routing/Route), Object(Illuminate/Http/Request))
#26 C:/Users/User/Downloads/wihsata final/wihsata-combined/wihsata-api/vendor/laravel/framework/src/Illuminate/Routing/Router.php(750): Illuminate/Routing/Router->runRoute(Object(Illuminate/Http/Request), Object(Illuminate/Routing/Route))
#27 C:/Users/User/Downloads/wihsata final/wihsata-combined/wihsata-api/vendor/laravel/framework/src/Illuminate/Routing/Router.php(739): Illuminate/Routing/Router->dispatchToRoute(Object(Illuminate/Http/Request))
#28 C:/Users/User/Downloads/wihsata final/wihsata-combined/wihsata-api/vendor/laravel/framework/src/Illuminate/Foundation/Http/Kernel.php(201): Illuminate/Routing/Router->dispatch(Object(Illuminate/Http/Request))
#29 C:/Users/User/Downloads/wihsata final/wihsata-combined/wihsata-api/vendor/laravel/framework/src/Illuminate/Pipeline/Pipeline.php(170): Illuminate/Foundation/Http/Kernel->Illuminate/Foundation/Http/{closure}(Object(Illuminate/Http/Request))
#30 C:/Users/User/Downloads/wihsata final/wihsata-combined/wihsata-api/vendor/laravel/framework/src/Illuminate/Foundation/Http/Middleware/TransformsRequest.php(21): Illuminate/Pipeline/Pipeline->Illuminate/Pipeline/{closure}(Object(Illuminate/Http/Request))
#31 C:/Users/User/Downloads/wihsata final/wihsata-combined/wihsata-api/vendor/laravel/framework/src/Illuminate/Foundation/Http/Middleware/ConvertEmptyStringsToNull.php(31): Illuminate/Foundation/Http/Middleware/TransformsRequest->handle(Object(Illuminate/Http/Request), Object(Closure))
#32 C:/Users/User/Downloads/wihsata final/wihsata-combined/wihsata-api/vendor/laravel/framework/src/Illuminate/Pipeline/Pipeline.php(209): Illuminate/Foundation/Http/Middleware/ConvertEmptyStringsToNull->handle(Object(Illuminate/Http/Request), Object(Closure))
#33 C:/Users/User/Downloads/wihsata final/wihsata-combined/wihsata-api/vendor/laravel/framework/src/Illuminate/Foundation/Http/Middleware/TransformsRequest.php(21): Illuminate/Pipeline/Pipeline->Illuminate/Pipeline/{closure}(Object(Illuminate/Http/Request))
#34 C:/Users/User/Downloads/wihsata final/wihsata-combined/wihsata-api/vendor/laravel/framework/src/Illuminate/Foundation/Http/Middleware/TrimStrings.php(51): Illuminate/Foundation/Http/Middleware/TransformsRequest->handle(Object(Illuminate/Http/Request), Object(Closure))
#35 C:/Users/User/Downloads/wihsata final/wihsata-combined/wihsata-api/vendor/laravel/framework/src/Illuminate/Pipeline/Pipeline.php(209): Illuminate/Foundation/Http/Middleware/TrimStrings->handle(Object(Illuminate/Http/Request), Object(Closure))
#36 C:/Users/User/Downloads/wihsata final/wihsata-combined/wihsata-api/vendor/laravel/framework/src/Illuminate/Http/Middleware/ValidatePostSize.php(27): Illuminate/Pipeline/Pipeline->Illuminate/Pipeline/{closure}(Object(Illuminate/Http/Request))
#37 C:/Users/User/Downloads/wihsata final/wihsata-combined/wihsata-api/vendor/laravel/framework/src/Illuminate/Pipeline/Pipeline.php(209): Illuminate/Http/Middleware/ValidatePostSize->handle(Object(Illuminate/Http/Request), Object(Closure))
#38 C:/Users/User/Downloads/wihsata final/wihsata-combined/wihsata-api/vendor/laravel/framework/src/Illuminate/Foundation/Http/Middleware/PreventRequestsDuringMaintenance.php(110): Illuminate/Pipeline/Pipeline->Illuminate/Pipeline/{closure}(Object(Illuminate/Http/Request))
#39 C:/Users/User/Downloads/wihsata final/wihsata-combined/wihsata-api/vendor/laravel/framework/src/Illuminate/Pipeline/Pipeline.php(209): Illuminate/Foundation/Http/Middleware/PreventRequestsDuringMaintenance->handle(Object(Illuminate/Http/Request), Object(Closure))
#40 C:/Users/User/Downloads/wihsata final/wihsata-combined/wihsata-api/vendor/laravel/framework/src/Illuminate/Http/Middleware/HandleCors.php(62): Illuminate/Pipeline/Pipeline->Illuminate/Pipeline/{closure}(Object(Illuminate/Http/Request))
#41 C:/Users/User/Downloads/wihsata final/wihsata-combined/wihsata-api/vendor/laravel/framework/src/Illuminate/Pipeline/Pipeline.php(209): Illuminate/Http/Middleware/HandleCors->handle(Object(Illuminate/Http/Request), Object(Closure))
#42 C:/Users/User/Downloads/wihsata final/wihsata-combined/wihsata-api/vendor/laravel/framework/src/Illuminate/Http/Middleware/TrustProxies.php(58): Illuminate/Pipeline/Pipeline->Illuminate/Pipeline/{closure}(Object(Illuminate/Http/Request))
#43 C:/Users/User/Downloads/wihsata final/wihsata-combined/wihsata-api/vendor/laravel/framework/src/Illuminate/Pipeline/Pipeline.php(209): Illuminate/Http/Middleware/TrustProxies->handle(Object(Illuminate/Http/Request), Object(Closure))
#44 C:/Users/User/Downloads/wihsata final/wihsata-combined/wihsata-api/vendor/laravel/framework/src/Illuminate/Foundation/Http/Middleware/InvokeDeferredCallbacks.php(22): Illuminate/Pipeline/Pipeline->Illuminate/Pipeline/{closure}(Object(Illuminate/Http/Request))
#45 C:/Users/User/Downloads/wihsata final/wihsata-combined/wihsata-api/vendor/laravel/framework/src/Illuminate/Pipeline/Pipeline.php(209): Illuminate/Foundation/Http/Middleware/InvokeDeferredCallbacks->handle(Object(Illuminate/Http/Request), Object(Closure))
#46 C:/Users/User/Downloads/wihsata final/wihsata-combined/wihsata-api/vendor/laravel/framework/src/Illuminate/Pipeline/Pipeline.php(127): Illuminate/Pipeline/Pipeline->Illuminate/Pipeline/{closure}(Object(Illuminate/Http/Request))
#47 C:/Users/User/Downloads/wihsata final/wihsata-combined/wihsata-api/vendor/laravel/framework/src/Illuminate/Foundation/Http/Kernel.php(176): Illuminate/Pipeline/Pipeline->then(Object(Closure))
#48 C:/Users/User/Downloads/wihsata final/wihsata-combined/wihsata-api/vendor/laravel/framework/src/Illuminate/Foundation/Http/Kernel.php(145): Illuminate/Foundation/Http/Kernel->sendRequestThroughRouter(Object(Illuminate/Http/Request))
#49 C:/Users/User/Downloads/wihsata final/wihsata-combined/wihsata-api/vendor/laravel/framework/src/Illuminate/Foundation/Application.php(1220): Illuminate/Foundation/Http/Kernel->handle(Object(Illuminate/Http/Request))
#50 C:/Users/User/Downloads/wihsata final/wihsata-combined/wihsata-api/public/index.php(17): Illuminate/Foundation/Application->handleRequest(Object(Illuminate/Http/Request))
#51 C:/Users/User/Downloads/wihsata final/wihsata-combined/wihsata-api/vendor/laravel/framework/src/Illuminate/Foundation/resources/server.php(23): require_once('C://Users//User//D...')
#52 {main}
"} 
[2026-08-16 20:24:04] local.ERROR: This password does not use the Bcrypt algorithm. {"exception":"[object] (RuntimeException(code: 0): This password does not use the Bcrypt algorithm. at C:/Users/User/Downloads/wihsata final/wihsata-combined/wihsata-api/vendor/laravel/framework/src/Illuminate/Hashing/BcryptHasher.php:76)
[stacktrace]
#0 C:/Users/User/Downloads/wihsata final/wihsata-combined/wihsata-api/vendor/laravel/framework/src/Illuminate/Hashing/HashManager.php(76): Illuminate/Hashing/BcryptHasher->check(Object(SensitiveParameterValue), 'riska2026', Array)
#1 C:/Users/User/Downloads/wihsata final/wihsata-combined/wihsata-api/vendor/laravel/framework/src/Illuminate/Auth/EloquentUserProvider.php(159): Illuminate/Hashing/HashManager->check(Object(SensitiveParameterValue), 'riska2026')
#2 C:/Users/User/Downloads/wihsata final/wihsata-combined/wihsata-api/vendor/laravel/framework/src/Illuminate/Auth/SessionGuard.php(482): Illuminate/Auth/EloquentUserProvider->validateCredentials(Object(App/Models/User), Object(SensitiveParameterValue))
#3 C:/Users/User/Downloads/wihsata final/wihsata-combined/wihsata-api/vendor/laravel/framework/src/Illuminate/Auth/SessionGuard.php(420): Illuminate/Auth/SessionGuard->hasValidCredentials(Object(App/Models/User), Array)
#4 C:/Users/User/Downloads/wihsata final/wihsata-combined/wihsata-api/vendor/laravel/framework/src/Illuminate/Support/Timebox.php(34): Illuminate/Auth/SessionGuard->Illuminate/Auth/{closure}(Object(Illuminate/Support/Timebox))
#5 C:/Users/User/Downloads/wihsata final/wihsata-combined/wihsata-api/vendor/laravel/framework/src/Illuminate/Auth/SessionGuard.php(412): Illuminate/Support/Timebox->call(Object(Closure), 200000)
#6 C:/Users/User/Downloads/wihsata final/wihsata-combined/wihsata-api/vendor/laravel/framework/src/Illuminate/Auth/AuthManager.php(340): Illuminate/Auth/SessionGuard->attempt(Array, true)
#7 C:/Users/User/Downloads/wihsata final/wihsata-combined/wihsata-api/vendor/laravel/framework/src/Illuminate/Support/Facades/Facade.php(361): Illuminate/Auth/AuthManager->__call('attempt', Array)
#8 C:/Users/User/Downloads/wihsata final/wihsata-combined/wihsata-api/app/Http/Controllers/Auth/LoginController.php(17): Illuminate/Support/Facades/Facade::__callStatic('attempt', Array)
#9 C:/Users/User/Downloads/wihsata final/wihsata-combined/wihsata-api/vendor/laravel/framework/src/Illuminate/Routing/ControllerDispatcher.php(47): App/Http/Controllers/Auth/LoginController->__invoke(Object(App/Http/Requests/Auth/LoginRequest))
#10 C:/Users/User/Downloads/wihsata final/wihsata-combined/wihsata-api/vendor/laravel/framework/src/Illuminate/Routing/Route.php(266): Illuminate/Routing/ControllerDispatcher->dispatch(Object(Illuminate/Routing/Route), Object(App/Http/Controllers/Auth/LoginController), '__invoke')
#11 C:/Users/User/Downloads/wihsata final/wihsata-combined/wihsata-api/vendor/laravel/framework/src/Illuminate/Routing/Route.php(212): Illuminate/Routing/Route->runController()
#12 C:/Users/User/Downloads/wihsata final/wihsata-combined/wihsata-api/vendor/laravel/framework/src/Illuminate/Routing/Router.php(808): Illuminate/Routing/Route->run()
#13 C:/Users/User/Downloads/wihsata final/wihsata-combined/wihsata-api/vendor/laravel/framework/src/Illuminate/Pipeline/Pipeline.php(170): Illuminate/Routing/Router->Illuminate/Routing/{closure}(Object(Illuminate/Http/Request))
#14 C:/Users/User/Downloads/wihsata final/wihsata-combined/wihsata-api/vendor/laravel/framework/src/Illuminate/Routing/Middleware/SubstituteBindings.php(51): Illuminate/Pipeline/Pipeline->Illuminate/Pipeline/{closure}(Object(Illuminate/Http/Request))
#15 C:/Users/User/Downloads/wihsata final/wihsata-combined/wihsata-api/vendor/laravel/framework/src/Illuminate/Pipeline/Pipeline.php(209): Illuminate/Routing/Middleware/SubstituteBindings->handle(Object(Illuminate/Http/Request), Object(Closure))
#16 C:/Users/User/Downloads/wihsata final/wihsata-combined/wihsata-api/vendor/laravel/sanctum/src/Http/Middleware/EnsureFrontendRequestsAreStateful.php(26): Illuminate/Pipeline/Pipeline->Illuminate/Pipeline/{closure}(Object(Illuminate/Http/Request))
#17 C:/Users/User/Downloads/wihsata final/wihsata-combined/wihsata-api/vendor/laravel/framework/src/Illuminate/Pipeline/Pipeline.php(170): Laravel/Sanctum/Http/Middleware/EnsureFrontendRequestsAreStateful->Laravel/Sanctum/Http/Middleware/{closure}(Object(Illuminate/Http/Request))
#18 C:/Users/User/Downloads/wihsata final/wihsata-combined/wihsata-api/vendor/laravel/framework/src/Illuminate/Pipeline/Pipeline.php(127): Illuminate/Pipeline/Pipeline->Illuminate/Pipeline/{closure}(Object(Illuminate/Http/Request))
#19 C:/Users/User/Downloads/wihsata final/wihsata-combined/wihsata-api/vendor/laravel/sanctum/src/Http/Middleware/EnsureFrontendRequestsAreStateful.php(25): Illuminate/Pipeline/Pipeline->then(Object(Closure))
#20 C:/Users/User/Downloads/wihsata final/wihsata-combined/wihsata-api/vendor/laravel/framework/src/Illuminate/Pipeline/Pipeline.php(209): Laravel/Sanctum/Http/Middleware/EnsureFrontendRequestsAreStateful->handle(Object(Illuminate/Http/Request), Object(Closure))
#21 C:/Users/User/Downloads/wihsata final/wihsata-combined/wihsata-api/vendor/laravel/framework/src/Illuminate/Http/Middleware/HandleCors.php(62): Illuminate/Pipeline/Pipeline->Illuminate/Pipeline/{closure}(Object(Illuminate/Http/Request))
#22 C:/Users/User/Downloads/wihsata final/wihsata-combined/wihsata-api/vendor/laravel/framework/src/Illuminate/Pipeline/Pipeline.php(209): Illuminate/Http/Middleware/HandleCors->handle(Object(Illuminate/Http/Request), Object(Closure))
#23 C:/Users/User/Downloads/wihsata final/wihsata-combined/wihsata-api/vendor/laravel/framework/src/Illuminate/Pipeline/Pipeline.php(127): Illuminate/Pipeline/Pipeline->Illuminate/Pipeline/{closure}(Object(Illuminate/Http/Request))
#24 C:/Users/User/Downloads/wihsata final/wihsata-combined/wihsata-api/vendor/laravel/framework/src/Illuminate/Routing/Router.php(807): Illuminate/Pipeline/Pipeline->then(Object(Closure))
#25 C:/Users/User/Downloads/wihsata final/wihsata-combined/wihsata-api/vendor/laravel/framework/src/Illuminate/Routing/Router.php(786): Illuminate/Routing/Router->runRouteWithinStack(Object(Illuminate/Routing/Route), Object(Illuminate/Http/Request))
#26 C:/Users/User/Downloads/wihsata final/wihsata-combined/wihsata-api/vendor/laravel/framework/src/Illuminate/Routing/Router.php(750): Illuminate/Routing/Router->runRoute(Object(Illuminate/Http/Request), Object(Illuminate/Routing/Route))
#27 C:/Users/User/Downloads/wihsata final/wihsata-combined/wihsata-api/vendor/laravel/framework/src/Illuminate/Routing/Router.php(739): Illuminate/Routing/Router->dispatchToRoute(Object(Illuminate/Http/Request))
#28 C:/Users/User/Downloads/wihsata final/wihsata-combined/wihsata-api/vendor/laravel/framework/src/Illuminate/Foundation/Http/Kernel.php(201): Illuminate/Routing/Router->dispatch(Object(Illuminate/Http/Request))
#29 C:/Users/User/Downloads/wihsata final/wihsata-combined/wihsata-api/vendor/laravel/framework/src/Illuminate/Pipeline/Pipeline.php(170): Illuminate/Foundation/Http/Kernel->Illuminate/Foundation/Http/{closure}(Object(Illuminate/Http/Request))
#30 C:/Users/User/Downloads/wihsata final/wihsata-combined/wihsata-api/vendor/laravel/framework/src/Illuminate/Foundation/Http/Middleware/TransformsRequest.php(21): Illuminate/Pipeline/Pipeline->Illuminate/Pipeline/{closure}(Object(Illuminate/Http/Request))
#31 C:/Users/User/Downloads/wihsata final/wihsata-combined/wihsata-api/vendor/laravel/framework/src/Illuminate/Foundation/Http/Middleware/ConvertEmptyStringsToNull.php(31): Illuminate/Foundation/Http/Middleware/TransformsRequest->handle(Object(Illuminate/Http/Request), Object(Closure))
#32 C:/Users/User/Downloads/wihsata final/wihsata-combined/wihsata-api/vendor/laravel/framework/src/Illuminate/Pipeline/Pipeline.php(209): Illuminate/Foundation/Http/Middleware/ConvertEmptyStringsToNull->handle(Object(Illuminate/Http/Request), Object(Closure))
#33 C:/Users/User/Downloads/wihsata final/wihsata-combined/wihsata-api/vendor/laravel/framework/src/Illuminate/Foundation/Http/Middleware/TransformsRequest.php(21): Illuminate/Pipeline/Pipeline->Illuminate/Pipeline/{closure}(Object(Illuminate/Http/Request))
#34 C:/Users/User/Downloads/wihsata final/wihsata-combined/wihsata-api/vendor/laravel/framework/src/Illuminate/Foundation/Http/Middleware/TrimStrings.php(51): Illuminate/Foundation/Http/Middleware/TransformsRequest->handle(Object(Illuminate/Http/Request), Object(Closure))
#35 C:/Users/User/Downloads/wihsata final/wihsata-combined/wihsata-api/vendor/laravel/framework/src/Illuminate/Pipeline/Pipeline.php(209): Illuminate/Foundation/Http/Middleware/TrimStrings->handle(Object(Illuminate/Http/Request), Object(Closure))
#36 C:/Users/User/Downloads/wihsata final/wihsata-combined/wihsata-api/vendor/laravel/framework/src/Illuminate/Http/Middleware/ValidatePostSize.php(27): Illuminate/Pipeline/Pipeline->Illuminate/Pipeline/{closure}(Object(Illuminate/Http/Request))
#37 C:/Users/User/Downloads/wihsata final/wihsata-combined/wihsata-api/vendor/laravel/framework/src/Illuminate/Pipeline/Pipeline.php(209): Illuminate/Http/Middleware/ValidatePostSize->handle(Object(Illuminate/Http/Request), Object(Closure))
#38 C:/Users/User/Downloads/wihsata final/wihsata-combined/wihsata-api/vendor/laravel/framework/src/Illuminate/Foundation/Http/Middleware/PreventRequestsDuringMaintenance.php(110): Illuminate/Pipeline/Pipeline->Illuminate/Pipeline/{closure}(Object(Illuminate/Http/Request))
#39 C:/Users/User/Downloads/wihsata final/wihsata-combined/wihsata-api/vendor/laravel/framework/src/Illuminate/Pipeline/Pipeline.php(209): Illuminate/Foundation/Http/Middleware/PreventRequestsDuringMaintenance->handle(Object(Illuminate/Http/Request), Object(Closure))
#40 C:/Users/User/Downloads/wihsata final/wihsata-combined/wihsata-api/vendor/laravel/framework/src/Illuminate/Http/Middleware/HandleCors.php(62): Illuminate/Pipeline/Pipeline->Illuminate/Pipeline/{closure}(Object(Illuminate/Http/Request))
#41 C:/Users/User/Downloads/wihsata final/wihsata-combined/wihsata-api/vendor/laravel/framework/src/Illuminate/Pipeline/Pipeline.php(209): Illuminate/Http/Middleware/HandleCors->handle(Object(Illuminate/Http/Request), Object(Closure))
#42 C:/Users/User/Downloads/wihsata final/wihsata-combined/wihsata-api/vendor/laravel/framework/src/Illuminate/Http/Middleware/TrustProxies.php(58): Illuminate/Pipeline/Pipeline->Illuminate/Pipeline/{closure}(Object(Illuminate/Http/Request))
#43 C:/Users/User/Downloads/wihsata final/wihsata-combined/wihsata-api/vendor/laravel/framework/src/Illuminate/Pipeline/Pipeline.php(209): Illuminate/Http/Middleware/TrustProxies->handle(Object(Illuminate/Http/Request), Object(Closure))
#44 C:/Users/User/Downloads/wihsata final/wihsata-combined/wihsata-api/vendor/laravel/framework/src/Illuminate/Foundation/Http/Middleware/InvokeDeferredCallbacks.php(22): Illuminate/Pipeline/Pipeline->Illuminate/Pipeline/{closure}(Object(Illuminate/Http/Request))
#45 C:/Users/User/Downloads/wihsata final/wihsata-combined/wihsata-api/vendor/laravel/framework/src/Illuminate/Pipeline/Pipeline.php(209): Illuminate/Foundation/Http/Middleware/InvokeDeferredCallbacks->handle(Object(Illuminate/Http/Request), Object(Closure))
#46 C:/Users/User/Downloads/wihsata final/wihsata-combined/wihsata-api/vendor/laravel/framework/src/Illuminate/Pipeline/Pipeline.php(127): Illuminate/Pipeline/Pipeline->Illuminate/Pipeline/{closure}(Object(Illuminate/Http/Request))
#47 C:/Users/User/Downloads/wihsata final/wihsata-combined/wihsata-api/vendor/laravel/framework/src/Illuminate/Foundation/Http/Kernel.php(176): Illuminate/Pipeline/Pipeline->then(Object(Closure))
#48 C:/Users/User/Downloads/wihsata final/wihsata-combined/wihsata-api/vendor/laravel/framework/src/Illuminate/Foundation/Http/Kernel.php(145): Illuminate/Foundation/Http/Kernel->sendRequestThroughRouter(Object(Illuminate/Http/Request))
#49 C:/Users/User/Downloads/wihsata final/wihsata-combined/wihsata-api/vendor/laravel/framework/src/Illuminate/Foundation/Application.php(1220): Illuminate/Foundation/Http/Kernel->handle(Object(Illuminate/Http/Request))
#50 C:/Users/User/Downloads/wihsata final/wihsata-combined/wihsata-api/public/index.php(17): Illuminate/Foundation/Application->handleRequest(Object(Illuminate/Http/Request))
#51 C:/Users/User/Downloads/wihsata final/wihsata-combined/wihsata-api/vendor/laravel/framework/src/Illuminate/Foundation/resources/server.php(23): require_once('C://Users//User//D...')
#52 {main}
"} 
[2026-08-16 20:26:58] local.ERROR: Session store not set on request. {"userId":"3cca89b0-6e1d-41df-8d65-4818f1380bf6","exception":"[object] (RuntimeException(code: 0): Session store not set on request. at C:/Users/User/Downloads/wihsata final/wihsata-combined/wihsata-api/vendor/laravel/framework/src/Illuminate/Http/Request.php:577)
[stacktrace]
#0 C:/Users/User/Downloads/wihsata final/wihsata-combined/wihsata-api/app/Http/Controllers/Auth/LoginController.php(33): Illuminate/Http/Request->session()
#1 C:/Users/User/Downloads/wihsata final/wihsata-combined/wihsata-api/vendor/laravel/framework/src/Illuminate/Routing/ControllerDispatcher.php(47): App/Http/Controllers/Auth/LoginController->__invoke(Object(App/Http/Requests/Auth/LoginRequest))
#2 C:/Users/User/Downloads/wihsata final/wihsata-combined/wihsata-api/vendor/laravel/framework/src/Illuminate/Routing/Route.php(266): Illuminate/Routing/ControllerDispatcher->dispatch(Object(Illuminate/Routing/Route), Object(App/Http/Controllers/Auth/LoginController), '__invoke')
#3 C:/Users/User/Downloads/wihsata final/wihsata-combined/wihsata-api/vendor/laravel/framework/src/Illuminate/Routing/Route.php(212): Illuminate/Routing/Route->runController()
#4 C:/Users/User/Downloads/wihsata final/wihsata-combined/wihsata-api/vendor/laravel/framework/src/Illuminate/Routing/Router.php(808): Illuminate/Routing/Route->run()
#5 C:/Users/User/Downloads/wihsata final/wihsata-combined/wihsata-api/vendor/laravel/framework/src/Illuminate/Pipeline/Pipeline.php(170): Illuminate/Routing/Router->Illuminate/Routing/{closure}(Object(Illuminate/Http/Request))
#6 C:/Users/User/Downloads/wihsata final/wihsata-combined/wihsata-api/vendor/laravel/framework/src/Illuminate/Routing/Middleware/SubstituteBindings.php(51): Illuminate/Pipeline/Pipeline->Illuminate/Pipeline/{closure}(Object(Illuminate/Http/Request))
#7 C:/Users/User/Downloads/wihsata final/wihsata-combined/wihsata-api/vendor/laravel/framework/src/Illuminate/Pipeline/Pipeline.php(209): Illuminate/Routing/Middleware/SubstituteBindings->handle(Object(Illuminate/Http/Request), Object(Closure))
#8 C:/Users/User/Downloads/wihsata final/wihsata-combined/wihsata-api/vendor/laravel/sanctum/src/Http/Middleware/EnsureFrontendRequestsAreStateful.php(26): Illuminate/Pipeline/Pipeline->Illuminate/Pipeline/{closure}(Object(Illuminate/Http/Request))
#9 C:/Users/User/Downloads/wihsata final/wihsata-combined/wihsata-api/vendor/laravel/framework/src/Illuminate/Pipeline/Pipeline.php(170): Laravel/Sanctum/Http/Middleware/EnsureFrontendRequestsAreStateful->Laravel/Sanctum/Http/Middleware/{closure}(Object(Illuminate/Http/Request))
#10 C:/Users/User/Downloads/wihsata final/wihsata-combined/wihsata-api/vendor/laravel/framework/src/Illuminate/Pipeline/Pipeline.php(127): Illuminate/Pipeline/Pipeline->Illuminate/Pipeline/{closure}(Object(Illuminate/Http/Request))
#11 C:/Users/User/Downloads/wihsata final/wihsata-combined/wihsata-api/vendor/laravel/sanctum/src/Http/Middleware/EnsureFrontendRequestsAreStateful.php(25): Illuminate/Pipeline/Pipeline->then(Object(Closure))
#12 C:/Users/User/Downloads/wihsata final/wihsata-combined/wihsata-api/vendor/laravel/framework/src/Illuminate/Pipeline/Pipeline.php(209): Laravel/Sanctum/Http/Middleware/EnsureFrontendRequestsAreStateful->handle(Object(Illuminate/Http/Request), Object(Closure))
#13 C:/Users/User/Downloads/wihsata final/wihsata-combined/wihsata-api/vendor/laravel/framework/src/Illuminate/Http/Middleware/HandleCors.php(62): Illuminate/Pipeline/Pipeline->Illuminate/Pipeline/{closure}(Object(Illuminate/Http/Request))
#14 C:/Users/User/Downloads/wihsata final/wihsata-combined/wihsata-api/vendor/laravel/framework/src/Illuminate/Pipeline/Pipeline.php(209): Illuminate/Http/Middleware/HandleCors->handle(Object(Illuminate/Http/Request), Object(Closure))
#15 C:/Users/User/Downloads/wihsata final/wihsata-combined/wihsata-api/vendor/laravel/framework/src/Illuminate/Pipeline/Pipeline.php(127): Illuminate/Pipeline/Pipeline->Illuminate/Pipeline/{closure}(Object(Illuminate/Http/Request))
#16 C:/Users/User/Downloads/wihsata final/wihsata-combined/wihsata-api/vendor/laravel/framework/src/Illuminate/Routing/Router.php(807): Illuminate/Pipeline/Pipeline->then(Object(Closure))
#17 C:/Users/User/Downloads/wihsata final/wihsata-combined/wihsata-api/vendor/laravel/framework/src/Illuminate/Routing/Router.php(786): Illuminate/Routing/Router->runRouteWithinStack(Object(Illuminate/Routing/Route), Object(Illuminate/Http/Request))
#18 C:/Users/User/Downloads/wihsata final/wihsata-combined/wihsata-api/vendor/laravel/framework/src/Illuminate/Routing/Router.php(750): Illuminate/Routing/Router->runRoute(Object(Illuminate/Http/Request), Object(Illuminate/Routing/Route))
#19 C:/Users/User/Downloads/wihsata final/wihsata-combined/wihsata-api/vendor/laravel/framework/src/Illuminate/Routing/Router.php(739): Illuminate/Routing/Router->dispatchToRoute(Object(Illuminate/Http/Request))
#20 C:/Users/User/Downloads/wihsata final/wihsata-combined/wihsata-api/vendor/laravel/framework/src/Illuminate/Foundation/Http/Kernel.php(201): Illuminate/Routing/Router->dispatch(Object(Illuminate/Http/Request))
#21 C:/Users/User/Downloads/wihsata final/wihsata-combined/wihsata-api/vendor/laravel/framework/src/Illuminate/Pipeline/Pipeline.php(170): Illuminate/Foundation/Http/Kernel->Illuminate/Foundation/Http/{closure}(Object(Illuminate/Http/Request))
#22 C:/Users/User/Downloads/wihsata final/wihsata-combined/wihsata-api/vendor/laravel/framework/src/Illuminate/Foundation/Http/Middleware/TransformsRequest.php(21): Illuminate/Pipeline/Pipeline->Illuminate/Pipeline/{closure}(Object(Illuminate/Http/Request))
#23 C:/Users/User/Downloads/wihsata final/wihsata-combined/wihsata-api/vendor/laravel/framework/src/Illuminate/Foundation/Http/Middleware/ConvertEmptyStringsToNull.php(31): Illuminate/Foundation/Http/Middleware/TransformsRequest->handle(Object(Illuminate/Http/Request), Object(Closure))
#24 C:/Users/User/Downloads/wihsata final/wihsata-combined/wihsata-api/vendor/laravel/framework/src/Illuminate/Pipeline/Pipeline.php(209): Illuminate/Foundation/Http/Middleware/ConvertEmptyStringsToNull->handle(Object(Illuminate/Http/Request), Object(Closure))
#25 C:/Users/User/Downloads/wihsata final/wihsata-combined/wihsata-api/vendor/laravel/framework/src/Illuminate/Foundation/Http/Middleware/TransformsRequest.php(21): Illuminate/Pipeline/Pipeline->Illuminate/Pipeline/{closure}(Object(Illuminate/Http/Request))
#26 C:/Users/User/Downloads/wihsata final/wihsata-combined/wihsata-api/vendor/laravel/framework/src/Illuminate/Foundation/Http/Middleware/TrimStrings.php(51): Illuminate/Foundation/Http/Middleware/TransformsRequest->handle(Object(Illuminate/Http/Request), Object(Closure))
#27 C:/Users/User/Downloads/wihsata final/wihsata-combined/wihsata-api/vendor/laravel/framework/src/Illuminate/Pipeline/Pipeline.php(209): Illuminate/Foundation/Http/Middleware/TrimStrings->handle(Object(Illuminate/Http/Request), Object(Closure))
#28 C:/Users/User/Downloads/wihsata final/wihsata-combined/wihsata-api/vendor/laravel/framework/src/Illuminate/Http/Middleware/ValidatePostSize.php(27): Illuminate/Pipeline/Pipeline->Illuminate/Pipeline/{closure}(Object(Illuminate/Http/Request))
#29 C:/Users/User/Downloads/wihsata final/wihsata-combined/wihsata-api/vendor/laravel/framework/src/Illuminate/Pipeline/Pipeline.php(209): Illuminate/Http/Middleware/ValidatePostSize->handle(Object(Illuminate/Http/Request), Object(Closure))
#30 C:/Users/User/Downloads/wihsata final/wihsata-combined/wihsata-api/vendor/laravel/framework/src/Illuminate/Foundation/Http/Middleware/PreventRequestsDuringMaintenance.php(110): Illuminate/Pipeline/Pipeline->Illuminate/Pipeline/{closure}(Object(Illuminate/Http/Request))
#31 C:/Users/User/Downloads/wihsata final/wihsata-combined/wihsata-api/vendor/laravel/framework/src/Illuminate/Pipeline/Pipeline.php(209): Illuminate/Foundation/Http/Middleware/PreventRequestsDuringMaintenance->handle(Object(Illuminate/Http/Request), Object(Closure))
#32 C:/Users/User/Downloads/wihsata final/wihsata-combined/wihsata-api/vendor/laravel/framework/src/Illuminate/Http/Middleware/HandleCors.php(62): Illuminate/Pipeline/Pipeline->Illuminate/Pipeline/{closure}(Object(Illuminate/Http/Request))
#33 C:/Users/User/Downloads/wihsata final/wihsata-combined/wihsata-api/vendor/laravel/framework/src/Illuminate/Pipeline/Pipeline.php(209): Illuminate/Http/Middleware/HandleCors->handle(Object(Illuminate/Http/Request), Object(Closure))
#34 C:/Users/User/Downloads/wihsata final/wihsata-combined/wihsata-api/vendor/laravel/framework/src/Illuminate/Http/Middleware/TrustProxies.php(58): Illuminate/Pipeline/Pipeline->Illuminate/Pipeline/{closure}(Object(Illuminate/Http/Request))
#35 C:/Users/User/Downloads/wihsata final/wihsata-combined/wihsata-api/vendor/laravel/framework/src/Illuminate/Pipeline/Pipeline.php(209): Illuminate/Http/Middleware/TrustProxies->handle(Object(Illuminate/Http/Request), Object(Closure))
#36 C:/Users/User/Downloads/wihsata final/wihsata-combined/wihsata-api/vendor/laravel/framework/src/Illuminate/Foundation/Http/Middleware/InvokeDeferredCallbacks.php(22): Illuminate/Pipeline/Pipeline->Illuminate/Pipeline/{closure}(Object(Illuminate/Http/Request))
#37 C:/Users/User/Downloads/wihsata final/wihsata-combined/wihsata-api/vendor/laravel/framework/src/Illuminate/Pipeline/Pipeline.php(209): Illuminate/Foundation/Http/Middleware/InvokeDeferredCallbacks->handle(Object(Illuminate/Http/Request), Object(Closure))
#38 C:/Users/User/Downloads/wihsata final/wihsata-combined/wihsata-api/vendor/laravel/framework/src/Illuminate/Pipeline/Pipeline.php(127): Illuminate/Pipeline/Pipeline->Illuminate/Pipeline/{closure}(Object(Illuminate/Http/Request))
#39 C:/Users/User/Downloads/wihsata final/wihsata-combined/wihsata-api/vendor/laravel/framework/src/Illuminate/Foundation/Http/Kernel.php(176): Illuminate/Pipeline/Pipeline->then(Object(Closure))
#40 C:/Users/User/Downloads/wihsata final/wihsata-combined/wihsata-api/vendor/laravel/framework/src/Illuminate/Foundation/Http/Kernel.php(145): Illuminate/Foundation/Http/Kernel->sendRequestThroughRouter(Object(Illuminate/Http/Request))
#41 C:/Users/User/Downloads/wihsata final/wihsata-combined/wihsata-api/vendor/laravel/framework/src/Illuminate/Foundation/Application.php(1220): Illuminate/Foundation/Http/Kernel->handle(Object(Illuminate/Http/Request))
#42 C:/Users/User/Downloads/wihsata final/wihsata-combined/wihsata-api/public/index.php(17): Illuminate/Foundation/Application->handleRequest(Object(Illuminate/Http/Request))
#43 C:/Users/User/Downloads/wihsata final/wihsata-combined/wihsata-api/vendor/laravel/framework/src/Illuminate/Foundation/resources/server.php(23): require_once('C://Users//User//D...')
#44 {main}
"} 
[2026-08-16 20:28:06] local.ERROR: Session store not set on request. {"userId":"3cca89b0-6e1d-41df-8d65-4818f1380bf6","exception":"[object] (RuntimeException(code: 0): Session store not set on request. at C:/Users/User/Downloads/wihsata final/wihsata-combined/wihsata-api/vendor/laravel/framework/src/Illuminate/Http/Request.php:577)
[stacktrace]
#0 C:/Users/User/Downloads/wihsata final/wihsata-combined/wihsata-api/app/Http/Controllers/Auth/LoginController.php(33): Illuminate/Http/Request->session()
#1 C:/Users/User/Downloads/wihsata final/wihsata-combined/wihsata-api/vendor/laravel/framework/src/Illuminate/Routing/ControllerDispatcher.php(47): App/Http/Controllers/Auth/LoginController->__invoke(Object(App/Http/Requests/Auth/LoginRequest))
#2 C:/Users/User/Downloads/wihsata final/wihsata-combined/wihsata-api/vendor/laravel/framework/src/Illuminate/Routing/Route.php(266): Illuminate/Routing/ControllerDispatcher->dispatch(Object(Illuminate/Routing/Route), Object(App/Http/Controllers/Auth/LoginController), '__invoke')
#3 C:/Users/User/Downloads/wihsata final/wihsata-combined/wihsata-api/vendor/laravel/framework/src/Illuminate/Routing/Route.php(212): Illuminate/Routing/Route->runController()
#4 C:/Users/User/Downloads/wihsata final/wihsata-combined/wihsata-api/vendor/laravel/framework/src/Illuminate/Routing/Router.php(808): Illuminate/Routing/Route->run()
#5 C:/Users/User/Downloads/wihsata final/wihsata-combined/wihsata-api/vendor/laravel/framework/src/Illuminate/Pipeline/Pipeline.php(170): Illuminate/Routing/Router->Illuminate/Routing/{closure}(Object(Illuminate/Http/Request))
#6 C:/Users/User/Downloads/wihsata final/wihsata-combined/wihsata-api/vendor/laravel/framework/src/Illuminate/Routing/Middleware/SubstituteBindings.php(51): Illuminate/Pipeline/Pipeline->Illuminate/Pipeline/{closure}(Object(Illuminate/Http/Request))
#7 C:/Users/User/Downloads/wihsata final/wihsata-combined/wihsata-api/vendor/laravel/framework/src/Illuminate/Pipeline/Pipeline.php(209): Illuminate/Routing/Middleware/SubstituteBindings->handle(Object(Illuminate/Http/Request), Object(Closure))
#8 C:/Users/User/Downloads/wihsata final/wihsata-combined/wihsata-api/vendor/laravel/sanctum/src/Http/Middleware/EnsureFrontendRequestsAreStateful.php(26): Illuminate/Pipeline/Pipeline->Illuminate/Pipeline/{closure}(Object(Illuminate/Http/Request))
#9 C:/Users/User/Downloads/wihsata final/wihsata-combined/wihsata-api/vendor/laravel/framework/src/Illuminate/Pipeline/Pipeline.php(170): Laravel/Sanctum/Http/Middleware/EnsureFrontendRequestsAreStateful->Laravel/Sanctum/Http/Middleware/{closure}(Object(Illuminate/Http/Request))
#10 C:/Users/User/Downloads/wihsata final/wihsata-combined/wihsata-api/vendor/laravel/framework/src/Illuminate/Pipeline/Pipeline.php(127): Illuminate/Pipeline/Pipeline->Illuminate/Pipeline/{closure}(Object(Illuminate/Http/Request))
#11 C:/Users/User/Downloads/wihsata final/wihsata-combined/wihsata-api/vendor/laravel/sanctum/src/Http/Middleware/EnsureFrontendRequestsAreStateful.php(25): Illuminate/Pipeline/Pipeline->then(Object(Closure))
#12 C:/Users/User/Downloads/wihsata final/wihsata-combined/wihsata-api/vendor/laravel/framework/src/Illuminate/Pipeline/Pipeline.php(209): Laravel/Sanctum/Http/Middleware/EnsureFrontendRequestsAreStateful->handle(Object(Illuminate/Http/Request), Object(Closure))
#13 C:/Users/User/Downloads/wihsata final/wihsata-combined/wihsata-api/vendor/laravel/framework/src/Illuminate/Http/Middleware/HandleCors.php(62): Illuminate/Pipeline/Pipeline->Illuminate/Pipeline/{closure}(Object(Illuminate/Http/Request))
#14 C:/Users/User/Downloads/wihsata final/wihsata-combined/wihsata-api/vendor/laravel/framework/src/Illuminate/Pipeline/Pipeline.php(209): Illuminate/Http/Middleware/HandleCors->handle(Object(Illuminate/Http/Request), Object(Closure))
#15 C:/Users/User/Downloads/wihsata final/wihsata-combined/wihsata-api/vendor/laravel/framework/src/Illuminate/Pipeline/Pipeline.php(127): Illuminate/Pipeline/Pipeline->Illuminate/Pipeline/{closure}(Object(Illuminate/Http/Request))
#16 C:/Users/User/Downloads/wihsata final/wihsata-combined/wihsata-api/vendor/laravel/framework/src/Illuminate/Routing/Router.php(807): Illuminate/Pipeline/Pipeline->then(Object(Closure))
#17 C:/Users/User/Downloads/wihsata final/wihsata-combined/wihsata-api/vendor/laravel/framework/src/Illuminate/Routing/Router.php(786): Illuminate/Routing/Router->runRouteWithinStack(Object(Illuminate/Routing/Route), Object(Illuminate/Http/Request))
#18 C:/Users/User/Downloads/wihsata final/wihsata-combined/wihsata-api/vendor/laravel/framework/src/Illuminate/Routing/Router.php(750): Illuminate/Routing/Router->runRoute(Object(Illuminate/Http/Request), Object(Illuminate/Routing/Route))
#19 C:/Users/User/Downloads/wihsata final/wihsata-combined/wihsata-api/vendor/laravel/framework/src/Illuminate/Routing/Router.php(739): Illuminate/Routing/Router->dispatchToRoute(Object(Illuminate/Http/Request))
#20 C:/Users/User/Downloads/wihsata final/wihsata-combined/wihsata-api/vendor/laravel/framework/src/Illuminate/Foundation/Http/Kernel.php(201): Illuminate/Routing/Router->dispatch(Object(Illuminate/Http/Request))
#21 C:/Users/User/Downloads/wihsata final/wihsata-combined/wihsata-api/vendor/laravel/framework/src/Illuminate/Pipeline/Pipeline.php(170): Illuminate/Foundation/Http/Kernel->Illuminate/Foundation/Http/{closure}(Object(Illuminate/Http/Request))
#22 C:/Users/User/Downloads/wihsata final/wihsata-combined/wihsata-api/vendor/laravel/framework/src/Illuminate/Foundation/Http/Middleware/TransformsRequest.php(21): Illuminate/Pipeline/Pipeline->Illuminate/Pipeline/{closure}(Object(Illuminate/Http/Request))
#23 C:/Users/User/Downloads/wihsata final/wihsata-combined/wihsata-api/vendor/laravel/framework/src/Illuminate/Foundation/Http/Middleware/ConvertEmptyStringsToNull.php(31): Illuminate/Foundation/Http/Middleware/TransformsRequest->handle(Object(Illuminate/Http/Request), Object(Closure))
#24 C:/Users/User/Downloads/wihsata final/wihsata-combined/wihsata-api/vendor/laravel/framework/src/Illuminate/Pipeline/Pipeline.php(209): Illuminate/Foundation/Http/Middleware/ConvertEmptyStringsToNull->handle(Object(Illuminate/Http/Request), Object(Closure))
#25 C:/Users/User/Downloads/wihsata final/wihsata-combined/wihsata-api/vendor/laravel/framework/src/Illuminate/Foundation/Http/Middleware/TransformsRequest.php(21): Illuminate/Pipeline/Pipeline->Illuminate/Pipeline/{closure}(Object(Illuminate/Http/Request))
#26 C:/Users/User/Downloads/wihsata final/wihsata-combined/wihsata-api/vendor/laravel/framework/src/Illuminate/Foundation/Http/Middleware/TrimStrings.php(51): Illuminate/Foundation/Http/Middleware/TransformsRequest->handle(Object(Illuminate/Http/Request), Object(Closure))
#27 C:/Users/User/Downloads/wihsata final/wihsata-combined/wihsata-api/vendor/laravel/framework/src/Illuminate/Pipeline/Pipeline.php(209): Illuminate/Foundation/Http/Middleware/TrimStrings->handle(Object(Illuminate/Http/Request), Object(Closure))
#28 C:/Users/User/Downloads/wihsata final/wihsata-combined/wihsata-api/vendor/laravel/framework/src/Illuminate/Http/Middleware/ValidatePostSize.php(27): Illuminate/Pipeline/Pipeline->Illuminate/Pipeline/{closure}(Object(Illuminate/Http/Request))
#29 C:/Users/User/Downloads/wihsata final/wihsata-combined/wihsata-api/vendor/laravel/framework/src/Illuminate/Pipeline/Pipeline.php(209): Illuminate/Http/Middleware/ValidatePostSize->handle(Object(Illuminate/Http/Request), Object(Closure))
#30 C:/Users/User/Downloads/wihsata final/wihsata-combined/wihsata-api/vendor/laravel/framework/src/Illuminate/Foundation/Http/Middleware/PreventRequestsDuringMaintenance.php(110): Illuminate/Pipeline/Pipeline->Illuminate/Pipeline/{closure}(Object(Illuminate/Http/Request))
#31 C:/Users/User/Downloads/wihsata final/wihsata-combined/wihsata-api/vendor/laravel/framework/src/Illuminate/Pipeline/Pipeline.php(209): Illuminate/Foundation/Http/Middleware/PreventRequestsDuringMaintenance->handle(Object(Illuminate/Http/Request), Object(Closure))
#32 C:/Users/User/Downloads/wihsata final/wihsata-combined/wihsata-api/vendor/laravel/framework/src/Illuminate/Http/Middleware/HandleCors.php(62): Illuminate/Pipeline/Pipeline->Illuminate/Pipeline/{closure}(Object(Illuminate/Http/Request))
#33 C:/Users/User/Downloads/wihsata final/wihsata-combined/wihsata-api/vendor/laravel/framework/src/Illuminate/Pipeline/Pipeline.php(209): Illuminate/Http/Middleware/HandleCors->handle(Object(Illuminate/Http/Request), Object(Closure))
#34 C:/Users/User/Downloads/wihsata final/wihsata-combined/wihsata-api/vendor/laravel/framework/src/Illuminate/Http/Middleware/TrustProxies.php(58): Illuminate/Pipeline/Pipeline->Illuminate/Pipeline/{closure}(Object(Illuminate/Http/Request))
#35 C:/Users/User/Downloads/wihsata final/wihsata-combined/wihsata-api/vendor/laravel/framework/src/Illuminate/Pipeline/Pipeline.php(209): Illuminate/Http/Middleware/TrustProxies->handle(Object(Illuminate/Http/Request), Object(Closure))
#36 C:/Users/User/Downloads/wihsata final/wihsata-combined/wihsata-api/vendor/laravel/framework/src/Illuminate/Foundation/Http/Middleware/InvokeDeferredCallbacks.php(22): Illuminate/Pipeline/Pipeline->Illuminate/Pipeline/{closure}(Object(Illuminate/Http/Request))
#37 C:/Users/User/Downloads/wihsata final/wihsata-combined/wihsata-api/vendor/laravel/framework/src/Illuminate/Pipeline/Pipeline.php(209): Illuminate/Foundation/Http/Middleware/InvokeDeferredCallbacks->handle(Object(Illuminate/Http/Request), Object(Closure))
#38 C:/Users/User/Downloads/wihsata final/wihsata-combined/wihsata-api/vendor/laravel/framework/src/Illuminate/Pipeline/Pipeline.php(127): Illuminate/Pipeline/Pipeline->Illuminate/Pipeline/{closure}(Object(Illuminate/Http/Request))
#39 C:/Users/User/Downloads/wihsata final/wihsata-combined/wihsata-api/vendor/laravel/framework/src/Illuminate/Foundation/Http/Kernel.php(176): Illuminate/Pipeline/Pipeline->then(Object(Closure))
#40 C:/Users/User/Downloads/wihsata final/wihsata-combined/wihsata-api/vendor/laravel/framework/src/Illuminate/Foundation/Http/Kernel.php(145): Illuminate/Foundation/Http/Kernel->sendRequestThroughRouter(Object(Illuminate/Http/Request))
#41 C:/Users/User/Downloads/wihsata final/wihsata-combined/wihsata-api/vendor/laravel/framework/src/Illuminate/Foundation/Application.php(1220): Illuminate/Foundation/Http/Kernel->handle(Object(Illuminate/Http/Request))
#42 C:/Users/User/Downloads/wihsata final/wihsata-combined/wihsata-api/public/index.php(17): Illuminate/Foundation/Application->handleRequest(Object(Illuminate/Http/Request))
#43 C:/Users/User/Downloads/wihsata final/wihsata-combined/wihsata-api/vendor/laravel/framework/src/Illuminate/Foundation/resources/server.php(23): require_once('C://Users//User//D...')
#44 {main}
"} 
[2026-08-16 20:35:29] local.ERROR: Session store not set on request. {"userId":"3cca89b0-6e1d-41df-8d65-4818f1380bf6","exception":"[object] (RuntimeException(code: 0): Session store not set on request. at C:/Users/User/Downloads/wihsata final/wihsata-combined/wihsata-api/vendor/laravel/framework/src/Illuminate/Http/Request.php:577)
[stacktrace]
#0 C:/Users/User/Downloads/wihsata final/wihsata-combined/wihsata-api/app/Http/Controllers/Auth/LoginController.php(33): Illuminate/Http/Request->session()
#1 C:/Users/User/Downloads/wihsata final/wihsata-combined/wihsata-api/vendor/laravel/framework/src/Illuminate/Routing/ControllerDispatcher.php(47): App/Http/Controllers/Auth/LoginController->__invoke(Object(App/Http/Requests/Auth/LoginRequest))
#2 C:/Users/User/Downloads/wihsata final/wihsata-combined/wihsata-api/vendor/laravel/framework/src/Illuminate/Routing/Route.php(266): Illuminate/Routing/ControllerDispatcher->dispatch(Object(Illuminate/Routing/Route), Object(App/Http/Controllers/Auth/LoginController), '__invoke')
#3 C:/Users/User/Downloads/wihsata final/wihsata-combined/wihsata-api/vendor/laravel/framework/src/Illuminate/Routing/Route.php(212): Illuminate/Routing/Route->runController()
#4 C:/Users/User/Downloads/wihsata final/wihsata-combined/wihsata-api/vendor/laravel/framework/src/Illuminate/Routing/Router.php(808): Illuminate/Routing/Route->run()
#5 C:/Users/User/Downloads/wihsata final/wihsata-combined/wihsata-api/vendor/laravel/framework/src/Illuminate/Pipeline/Pipeline.php(170): Illuminate/Routing/Router->Illuminate/Routing/{closure}(Object(Illuminate/Http/Request))
#6 C:/Users/User/Downloads/wihsata final/wihsata-combined/wihsata-api/vendor/laravel/framework/src/Illuminate/Routing/Middleware/SubstituteBindings.php(51): Illuminate/Pipeline/Pipeline->Illuminate/Pipeline/{closure}(Object(Illuminate/Http/Request))
#7 C:/Users/User/Downloads/wihsata final/wihsata-combined/wihsata-api/vendor/laravel/framework/src/Illuminate/Pipeline/Pipeline.php(209): Illuminate/Routing/Middleware/SubstituteBindings->handle(Object(Illuminate/Http/Request), Object(Closure))
#8 C:/Users/User/Downloads/wihsata final/wihsata-combined/wihsata-api/vendor/laravel/sanctum/src/Http/Middleware/EnsureFrontendRequestsAreStateful.php(26): Illuminate/Pipeline/Pipeline->Illuminate/Pipeline/{closure}(Object(Illuminate/Http/Request))
#9 C:/Users/User/Downloads/wihsata final/wihsata-combined/wihsata-api/vendor/laravel/framework/src/Illuminate/Pipeline/Pipeline.php(170): Laravel/Sanctum/Http/Middleware/EnsureFrontendRequestsAreStateful->Laravel/Sanctum/Http/Middleware/{closure}(Object(Illuminate/Http/Request))
#10 C:/Users/User/Downloads/wihsata final/wihsata-combined/wihsata-api/vendor/laravel/framework/src/Illuminate/Pipeline/Pipeline.php(127): Illuminate/Pipeline/Pipeline->Illuminate/Pipeline/{closure}(Object(Illuminate/Http/Request))
#11 C:/Users/User/Downloads/wihsata final/wihsata-combined/wihsata-api/vendor/laravel/sanctum/src/Http/Middleware/EnsureFrontendRequestsAreStateful.php(25): Illuminate/Pipeline/Pipeline->then(Object(Closure))
#12 C:/Users/User/Downloads/wihsata final/wihsata-combined/wihsata-api/vendor/laravel/framework/src/Illuminate/Pipeline/Pipeline.php(209): Laravel/Sanctum/Http/Middleware/EnsureFrontendRequestsAreStateful->handle(Object(Illuminate/Http/Request), Object(Closure))
#13 C:/Users/User/Downloads/wihsata final/wihsata-combined/wihsata-api/vendor/laravel/framework/src/Illuminate/Http/Middleware/HandleCors.php(62): Illuminate/Pipeline/Pipeline->Illuminate/Pipeline/{closure}(Object(Illuminate/Http/Request))
#14 C:/Users/User/Downloads/wihsata final/wihsata-combined/wihsata-api/vendor/laravel/framework/src/Illuminate/Pipeline/Pipeline.php(209): Illuminate/Http/Middleware/HandleCors->handle(Object(Illuminate/Http/Request), Object(Closure))
#15 C:/Users/User/Downloads/wihsata final/wihsata-combined/wihsata-api/vendor/laravel/framework/src/Illuminate/Pipeline/Pipeline.php(127): Illuminate/Pipeline/Pipeline->Illuminate/Pipeline/{closure}(Object(Illuminate/Http/Request))
#16 C:/Users/User/Downloads/wihsata final/wihsata-combined/wihsata-api/vendor/laravel/framework/src/Illuminate/Routing/Router.php(807): Illuminate/Pipeline/Pipeline->then(Object(Closure))
#17 C:/Users/User/Downloads/wihsata final/wihsata-combined/wihsata-api/vendor/laravel/framework/src/Illuminate/Routing/Router.php(786): Illuminate/Routing/Router->runRouteWithinStack(Object(Illuminate/Routing/Route), Object(Illuminate/Http/Request))
#18 C:/Users/User/Downloads/wihsata final/wihsata-combined/wihsata-api/vendor/laravel/framework/src/Illuminate/Routing/Router.php(750): Illuminate/Routing/Router->runRoute(Object(Illuminate/Http/Request), Object(Illuminate/Routing/Route))
#19 C:/Users/User/Downloads/wihsata final/wihsata-combined/wihsata-api/vendor/laravel/framework/src/Illuminate/Routing/Router.php(739): Illuminate/Routing/Router->dispatchToRoute(Object(Illuminate/Http/Request))
#20 C:/Users/User/Downloads/wihsata final/wihsata-combined/wihsata-api/vendor/laravel/framework/src/Illuminate/Foundation/Http/Kernel.php(201): Illuminate/Routing/Router->dispatch(Object(Illuminate/Http/Request))
#21 C:/Users/User/Downloads/wihsata final/wihsata-combined/wihsata-api/vendor/laravel/framework/src/Illuminate/Pipeline/Pipeline.php(170): Illuminate/Foundation/Http/Kernel->Illuminate/Foundation/Http/{closure}(Object(Illuminate/Http/Request))
#22 C:/Users/User/Downloads/wihsata final/wihsata-combined/wihsata-api/vendor/laravel/framework/src/Illuminate/Foundation/Http/Middleware/TransformsRequest.php(21): Illuminate/Pipeline/Pipeline->Illuminate/Pipeline/{closure}(Object(Illuminate/Http/Request))
#23 C:/Users/User/Downloads/wihsata final/wihsata-combined/wihsata-api/vendor/laravel/framework/src/Illuminate/Foundation/Http/Middleware/ConvertEmptyStringsToNull.php(31): Illuminate/Foundation/Http/Middleware/TransformsRequest->handle(Object(Illuminate/Http/Request), Object(Closure))
#24 C:/Users/User/Downloads/wihsata final/wihsata-combined/wihsata-api/vendor/laravel/framework/src/Illuminate/Pipeline/Pipeline.php(209): Illuminate/Foundation/Http/Middleware/ConvertEmptyStringsToNull->handle(Object(Illuminate/Http/Request), Object(Closure))
#25 C:/Users/User/Downloads/wihsata final/wihsata-combined/wihsata-api/vendor/laravel/framework/src/Illuminate/Foundation/Http/Middleware/TransformsRequest.php(21): Illuminate/Pipeline/Pipeline->Illuminate/Pipeline/{closure}(Object(Illuminate/Http/Request))
#26 C:/Users/User/Downloads/wihsata final/wihsata-combined/wihsata-api/vendor/laravel/framework/src/Illuminate/Foundation/Http/Middleware/TrimStrings.php(51): Illuminate/Foundation/Http/Middleware/TransformsRequest->handle(Object(Illuminate/Http/Request), Object(Closure))
#27 C:/Users/User/Downloads/wihsata final/wihsata-combined/wihsata-api/vendor/laravel/framework/src/Illuminate/Pipeline/Pipeline.php(209): Illuminate/Foundation/Http/Middleware/TrimStrings->handle(Object(Illuminate/Http/Request), Object(Closure))
#28 C:/Users/User/Downloads/wihsata final/wihsata-combined/wihsata-api/vendor/laravel/framework/src/Illuminate/Http/Middleware/ValidatePostSize.php(27): Illuminate/Pipeline/Pipeline->Illuminate/Pipeline/{closure}(Object(Illuminate/Http/Request))
#29 C:/Users/User/Downloads/wihsata final/wihsata-combined/wihsata-api/vendor/laravel/framework/src/Illuminate/Pipeline/Pipeline.php(209): Illuminate/Http/Middleware/ValidatePostSize->handle(Object(Illuminate/Http/Request), Object(Closure))
#30 C:/Users/User/Downloads/wihsata final/wihsata-combined/wihsata-api/vendor/laravel/framework/src/Illuminate/Foundation/Http/Middleware/PreventRequestsDuringMaintenance.php(110): Illuminate/Pipeline/Pipeline->Illuminate/Pipeline/{closure}(Object(Illuminate/Http/Request))
#31 C:/Users/User/Downloads/wihsata final/wihsata-combined/wihsata-api/vendor/laravel/framework/src/Illuminate/Pipeline/Pipeline.php(209): Illuminate/Foundation/Http/Middleware/PreventRequestsDuringMaintenance->handle(Object(Illuminate/Http/Request), Object(Closure))
#32 C:/Users/User/Downloads/wihsata final/wihsata-combined/wihsata-api/vendor/laravel/framework/src/Illuminate/Http/Middleware/HandleCors.php(62): Illuminate/Pipeline/Pipeline->Illuminate/Pipeline/{closure}(Object(Illuminate/Http/Request))
#33 C:/Users/User/Downloads/wihsata final/wihsata-combined/wihsata-api/vendor/laravel/framework/src/Illuminate/Pipeline/Pipeline.php(209): Illuminate/Http/Middleware/HandleCors->handle(Object(Illuminate/Http/Request), Object(Closure))
#34 C:/Users/User/Downloads/wihsata final/wihsata-combined/wihsata-api/vendor/laravel/framework/src/Illuminate/Http/Middleware/TrustProxies.php(58): Illuminate/Pipeline/Pipeline->Illuminate/Pipeline/{closure}(Object(Illuminate/Http/Request))
#35 C:/Users/User/Downloads/wihsata final/wihsata-combined/wihsata-api/vendor/laravel/framework/src/Illuminate/Pipeline/Pipeline.php(209): Illuminate/Http/Middleware/TrustProxies->handle(Object(Illuminate/Http/Request), Object(Closure))
#36 C:/Users/User/Downloads/wihsata final/wihsata-combined/wihsata-api/vendor/laravel/framework/src/Illuminate/Foundation/Http/Middleware/InvokeDeferredCallbacks.php(22): Illuminate/Pipeline/Pipeline->Illuminate/Pipeline/{closure}(Object(Illuminate/Http/Request))
#37 C:/Users/User/Downloads/wihsata final/wihsata-combined/wihsata-api/vendor/laravel/framework/src/Illuminate/Pipeline/Pipeline.php(209): Illuminate/Foundation/Http/Middleware/InvokeDeferredCallbacks->handle(Object(Illuminate/Http/Request), Object(Closure))
#38 C:/Users/User/Downloads/wihsata final/wihsata-combined/wihsata-api/vendor/laravel/framework/src/Illuminate/Pipeline/Pipeline.php(127): Illuminate/Pipeline/Pipeline->Illuminate/Pipeline/{closure}(Object(Illuminate/Http/Request))
#39 C:/Users/User/Downloads/wihsata final/wihsata-combined/wihsata-api/vendor/laravel/framework/src/Illuminate/Foundation/Http/Kernel.php(176): Illuminate/Pipeline/Pipeline->then(Object(Closure))
#40 C:/Users/User/Downloads/wihsata final/wihsata-combined/wihsata-api/vendor/laravel/framework/src/Illuminate/Foundation/Http/Kernel.php(145): Illuminate/Foundation/Http/Kernel->sendRequestThroughRouter(Object(Illuminate/Http/Request))
#41 C:/Users/User/Downloads/wihsata final/wihsata-combined/wihsata-api/vendor/laravel/framework/src/Illuminate/Foundation/Application.php(1220): Illuminate/Foundation/Http/Kernel->handle(Object(Illuminate/Http/Request))
#42 C:/Users/User/Downloads/wihsata final/wihsata-combined/wihsata-api/public/index.php(17): Illuminate/Foundation/Application->handleRequest(Object(Illuminate/Http/Request))
#43 C:/Users/User/Downloads/wihsata final/wihsata-combined/wihsata-api/vendor/laravel/framework/src/Illuminate/Foundation/resources/server.php(23): require_once('C://Users//User//D...')
#44 {main}
"} 
[2026-08-16 20:36:21] local.ERROR: Session store not set on request. {"userId":"890f3884-134c-4290-9b84-b0b0dc713bd5","exception":"[object] (RuntimeException(code: 0): Session store not set on request. at C:/Users/User/Downloads/wihsata final/wihsata-combined/wihsata-api/vendor/laravel/framework/src/Illuminate/Http/Request.php:577)
[stacktrace]
#0 C:/Users/User/Downloads/wihsata final/wihsata-combined/wihsata-api/app/Http/Controllers/Auth/LoginController.php(33): Illuminate/Http/Request->session()
#1 C:/Users/User/Downloads/wihsata final/wihsata-combined/wihsata-api/vendor/laravel/framework/src/Illuminate/Routing/ControllerDispatcher.php(47): App/Http/Controllers/Auth/LoginController->__invoke(Object(App/Http/Requests/Auth/LoginRequest))
#2 C:/Users/User/Downloads/wihsata final/wihsata-combined/wihsata-api/vendor/laravel/framework/src/Illuminate/Routing/Route.php(266): Illuminate/Routing/ControllerDispatcher->dispatch(Object(Illuminate/Routing/Route), Object(App/Http/Controllers/Auth/LoginController), '__invoke')
#3 C:/Users/User/Downloads/wihsata final/wihsata-combined/wihsata-api/vendor/laravel/framework/src/Illuminate/Routing/Route.php(212): Illuminate/Routing/Route->runController()
#4 C:/Users/User/Downloads/wihsata final/wihsata-combined/wihsata-api/vendor/laravel/framework/src/Illuminate/Routing/Router.php(808): Illuminate/Routing/Route->run()
#5 C:/Users/User/Downloads/wihsata final/wihsata-combined/wihsata-api/vendor/laravel/framework/src/Illuminate/Pipeline/Pipeline.php(170): Illuminate/Routing/Router->Illuminate/Routing/{closure}(Object(Illuminate/Http/Request))
#6 C:/Users/User/Downloads/wihsata final/wihsata-combined/wihsata-api/vendor/laravel/framework/src/Illuminate/Routing/Middleware/SubstituteBindings.php(51): Illuminate/Pipeline/Pipeline->Illuminate/Pipeline/{closure}(Object(Illuminate/Http/Request))
#7 C:/Users/User/Downloads/wihsata final/wihsata-combined/wihsata-api/vendor/laravel/framework/src/Illuminate/Pipeline/Pipeline.php(209): Illuminate/Routing/Middleware/SubstituteBindings->handle(Object(Illuminate/Http/Request), Object(Closure))
#8 C:/Users/User/Downloads/wihsata final/wihsata-combined/wihsata-api/vendor/laravel/sanctum/src/Http/Middleware/EnsureFrontendRequestsAreStateful.php(26): Illuminate/Pipeline/Pipeline->Illuminate/Pipeline/{closure}(Object(Illuminate/Http/Request))
#9 C:/Users/User/Downloads/wihsata final/wihsata-combined/wihsata-api/vendor/laravel/framework/src/Illuminate/Pipeline/Pipeline.php(170): Laravel/Sanctum/Http/Middleware/EnsureFrontendRequestsAreStateful->Laravel/Sanctum/Http/Middleware/{closure}(Object(Illuminate/Http/Request))
#10 C:/Users/User/Downloads/wihsata final/wihsata-combined/wihsata-api/vendor/laravel/framework/src/Illuminate/Pipeline/Pipeline.php(127): Illuminate/Pipeline/Pipeline->Illuminate/Pipeline/{closure}(Object(Illuminate/Http/Request))
#11 C:/Users/User/Downloads/wihsata final/wihsata-combined/wihsata-api/vendor/laravel/sanctum/src/Http/Middleware/EnsureFrontendRequestsAreStateful.php(25): Illuminate/Pipeline/Pipeline->then(Object(Closure))
#12 C:/Users/User/Downloads/wihsata final/wihsata-combined/wihsata-api/vendor/laravel/framework/src/Illuminate/Pipeline/Pipeline.php(209): Laravel/Sanctum/Http/Middleware/EnsureFrontendRequestsAreStateful->handle(Object(Illuminate/Http/Request), Object(Closure))
#13 C:/Users/User/Downloads/wihsata final/wihsata-combined/wihsata-api/vendor/laravel/framework/src/Illuminate/Http/Middleware/HandleCors.php(62): Illuminate/Pipeline/Pipeline->Illuminate/Pipeline/{closure}(Object(Illuminate/Http/Request))
#14 C:/Users/User/Downloads/wihsata final/wihsata-combined/wihsata-api/vendor/laravel/framework/src/Illuminate/Pipeline/Pipeline.php(209): Illuminate/Http/Middleware/HandleCors->handle(Object(Illuminate/Http/Request), Object(Closure))
#15 C:/Users/User/Downloads/wihsata final/wihsata-combined/wihsata-api/vendor/laravel/framework/src/Illuminate/Pipeline/Pipeline.php(127): Illuminate/Pipeline/Pipeline->Illuminate/Pipeline/{closure}(Object(Illuminate/Http/Request))
#16 C:/Users/User/Downloads/wihsata final/wihsata-combined/wihsata-api/vendor/laravel/framework/src/Illuminate/Routing/Router.php(807): Illuminate/Pipeline/Pipeline->then(Object(Closure))
#17 C:/Users/User/Downloads/wihsata final/wihsata-combined/wihsata-api/vendor/laravel/framework/src/Illuminate/Routing/Router.php(786): Illuminate/Routing/Router->runRouteWithinStack(Object(Illuminate/Routing/Route), Object(Illuminate/Http/Request))
#18 C:/Users/User/Downloads/wihsata final/wihsata-combined/wihsata-api/vendor/laravel/framework/src/Illuminate/Routing/Router.php(750): Illuminate/Routing/Router->runRoute(Object(Illuminate/Http/Request), Object(Illuminate/Routing/Route))
#19 C:/Users/User/Downloads/wihsata final/wihsata-combined/wihsata-api/vendor/laravel/framework/src/Illuminate/Routing/Router.php(739): Illuminate/Routing/Router->dispatchToRoute(Object(Illuminate/Http/Request))
#20 C:/Users/User/Downloads/wihsata final/wihsata-combined/wihsata-api/vendor/laravel/framework/src/Illuminate/Foundation/Http/Kernel.php(201): Illuminate/Routing/Router->dispatch(Object(Illuminate/Http/Request))
#21 C:/Users/User/Downloads/wihsata final/wihsata-combined/wihsata-api/vendor/laravel/framework/src/Illuminate/Pipeline/Pipeline.php(170): Illuminate/Foundation/Http/Kernel->Illuminate/Foundation/Http/{closure}(Object(Illuminate/Http/Request))
#22 C:/Users/User/Downloads/wihsata final/wihsata-combined/wihsata-api/vendor/laravel/framework/src/Illuminate/Foundation/Http/Middleware/TransformsRequest.php(21): Illuminate/Pipeline/Pipeline->Illuminate/Pipeline/{closure}(Object(Illuminate/Http/Request))
#23 C:/Users/User/Downloads/wihsata final/wihsata-combined/wihsata-api/vendor/laravel/framework/src/Illuminate/Foundation/Http/Middleware/ConvertEmptyStringsToNull.php(31): Illuminate/Foundation/Http/Middleware/TransformsRequest->handle(Object(Illuminate/Http/Request), Object(Closure))
#24 C:/Users/User/Downloads/wihsata final/wihsata-combined/wihsata-api/vendor/laravel/framework/src/Illuminate/Pipeline/Pipeline.php(209): Illuminate/Foundation/Http/Middleware/ConvertEmptyStringsToNull->handle(Object(Illuminate/Http/Request), Object(Closure))
#25 C:/Users/User/Downloads/wihsata final/wihsata-combined/wihsata-api/vendor/laravel/framework/src/Illuminate/Foundation/Http/Middleware/TransformsRequest.php(21): Illuminate/Pipeline/Pipeline->Illuminate/Pipeline/{closure}(Object(Illuminate/Http/Request))
#26 C:/Users/User/Downloads/wihsata final/wihsata-combined/wihsata-api/vendor/laravel/framework/src/Illuminate/Foundation/Http/Middleware/TrimStrings.php(51): Illuminate/Foundation/Http/Middleware/TransformsRequest->handle(Object(Illuminate/Http/Request), Object(Closure))
#27 C:/Users/User/Downloads/wihsata final/wihsata-combined/wihsata-api/vendor/laravel/framework/src/Illuminate/Pipeline/Pipeline.php(209): Illuminate/Foundation/Http/Middleware/TrimStrings->handle(Object(Illuminate/Http/Request), Object(Closure))
#28 C:/Users/User/Downloads/wihsata final/wihsata-combined/wihsata-api/vendor/laravel/framework/src/Illuminate/Http/Middleware/ValidatePostSize.php(27): Illuminate/Pipeline/Pipeline->Illuminate/Pipeline/{closure}(Object(Illuminate/Http/Request))
#29 C:/Users/User/Downloads/wihsata final/wihsata-combined/wihsata-api/vendor/laravel/framework/src/Illuminate/Pipeline/Pipeline.php(209): Illuminate/Http/Middleware/ValidatePostSize->handle(Object(Illuminate/Http/Request), Object(Closure))
#30 C:/Users/User/Downloads/wihsata final/wihsata-combined/wihsata-api/vendor/laravel/framework/src/Illuminate/Foundation/Http/Middleware/PreventRequestsDuringMaintenance.php(110): Illuminate/Pipeline/Pipeline->Illuminate/Pipeline/{closure}(Object(Illuminate/Http/Request))
#31 C:/Users/User/Downloads/wihsata final/wihsata-combined/wihsata-api/vendor/laravel/framework/src/Illuminate/Pipeline/Pipeline.php(209): Illuminate/Foundation/Http/Middleware/PreventRequestsDuringMaintenance->handle(Object(Illuminate/Http/Request), Object(Closure))
#32 C:/Users/User/Downloads/wihsata final/wihsata-combined/wihsata-api/vendor/laravel/framework/src/Illuminate/Http/Middleware/HandleCors.php(62): Illuminate/Pipeline/Pipeline->Illuminate/Pipeline/{closure}(Object(Illuminate/Http/Request))
#33 C:/Users/User/Downloads/wihsata final/wihsata-combined/wihsata-api/vendor/laravel/framework/src/Illuminate/Pipeline/Pipeline.php(209): Illuminate/Http/Middleware/HandleCors->handle(Object(Illuminate/Http/Request), Object(Closure))
#34 C:/Users/User/Downloads/wihsata final/wihsata-combined/wihsata-api/vendor/laravel/framework/src/Illuminate/Http/Middleware/TrustProxies.php(58): Illuminate/Pipeline/Pipeline->Illuminate/Pipeline/{closure}(Object(Illuminate/Http/Request))
#35 C:/Users/User/Downloads/wihsata final/wihsata-combined/wihsata-api/vendor/laravel/framework/src/Illuminate/Pipeline/Pipeline.php(209): Illuminate/Http/Middleware/TrustProxies->handle(Object(Illuminate/Http/Request), Object(Closure))
#36 C:/Users/User/Downloads/wihsata final/wihsata-combined/wihsata-api/vendor/laravel/framework/src/Illuminate/Foundation/Http/Middleware/InvokeDeferredCallbacks.php(22): Illuminate/Pipeline/Pipeline->Illuminate/Pipeline/{closure}(Object(Illuminate/Http/Request))
#37 C:/Users/User/Downloads/wihsata final/wihsata-combined/wihsata-api/vendor/laravel/framework/src/Illuminate/Pipeline/Pipeline.php(209): Illuminate/Foundation/Http/Middleware/InvokeDeferredCallbacks->handle(Object(Illuminate/Http/Request), Object(Closure))
#38 C:/Users/User/Downloads/wihsata final/wihsata-combined/wihsata-api/vendor/laravel/framework/src/Illuminate/Pipeline/Pipeline.php(127): Illuminate/Pipeline/Pipeline->Illuminate/Pipeline/{closure}(Object(Illuminate/Http/Request))
#39 C:/Users/User/Downloads/wihsata final/wihsata-combined/wihsata-api/vendor/laravel/framework/src/Illuminate/Foundation/Http/Kernel.php(176): Illuminate/Pipeline/Pipeline->then(Object(Closure))
#40 C:/Users/User/Downloads/wihsata final/wihsata-combined/wihsata-api/vendor/laravel/framework/src/Illuminate/Foundation/Http/Kernel.php(145): Illuminate/Foundation/Http/Kernel->sendRequestThroughRouter(Object(Illuminate/Http/Request))
#41 C:/Users/User/Downloads/wihsata final/wihsata-combined/wihsata-api/vendor/laravel/framework/src/Illuminate/Foundation/Application.php(1220): Illuminate/Foundation/Http/Kernel->handle(Object(Illuminate/Http/Request))
#42 C:/Users/User/Downloads/wihsata final/wihsata-combined/wihsata-api/public/index.php(17): Illuminate/Foundation/Application->handleRequest(Object(Illuminate/Http/Request))
#43 C:/Users/User/Downloads/wihsata final/wihsata-combined/wihsata-api/vendor/laravel/framework/src/Illuminate/Foundation/resources/server.php(23): require_once('C://Users//User//D...')
#44 {main}
"} 
[2026-08-17 00:09:52] local.ERROR: Session store not set on request. {"userId":"3cca89b0-6e1d-41df-8d65-4818f1380bf6","exception":"[object] (RuntimeException(code: 0): Session store not set on request. at C:/Users/User/Downloads/wihsata final/wihsata-combined/wihsata-api/vendor/laravel/framework/src/Illuminate/Http/Request.php:577)
[stacktrace]
#0 C:/Users/User/Downloads/wihsata final/wihsata-combined/wihsata-api/app/Http/Controllers/Auth/LoginController.php(33): Illuminate/Http/Request->session()
#1 C:/Users/User/Downloads/wihsata final/wihsata-combined/wihsata-api/vendor/laravel/framework/src/Illuminate/Routing/ControllerDispatcher.php(47): App/Http/Controllers/Auth/LoginController->__invoke(Object(App/Http/Requests/Auth/LoginRequest))
#2 C:/Users/User/Downloads/wihsata final/wihsata-combined/wihsata-api/vendor/laravel/framework/src/Illuminate/Routing/Route.php(266): Illuminate/Routing/ControllerDispatcher->dispatch(Object(Illuminate/Routing/Route), Object(App/Http/Controllers/Auth/LoginController), '__invoke')
#3 C:/Users/User/Downloads/wihsata final/wihsata-combined/wihsata-api/vendor/laravel/framework/src/Illuminate/Routing/Route.php(212): Illuminate/Routing/Route->runController()
#4 C:/Users/User/Downloads/wihsata final/wihsata-combined/wihsata-api/vendor/laravel/framework/src/Illuminate/Routing/Router.php(808): Illuminate/Routing/Route->run()
#5 C:/Users/User/Downloads/wihsata final/wihsata-combined/wihsata-api/vendor/laravel/framework/src/Illuminate/Pipeline/Pipeline.php(170): Illuminate/Routing/Router->Illuminate/Routing/{closure}(Object(Illuminate/Http/Request))
#6 C:/Users/User/Downloads/wihsata final/wihsata-combined/wihsata-api/vendor/laravel/framework/src/Illuminate/Routing/Middleware/SubstituteBindings.php(51): Illuminate/Pipeline/Pipeline->Illuminate/Pipeline/{closure}(Object(Illuminate/Http/Request))
#7 C:/Users/User/Downloads/wihsata final/wihsata-combined/wihsata-api/vendor/laravel/framework/src/Illuminate/Pipeline/Pipeline.php(209): Illuminate/Routing/Middleware/SubstituteBindings->handle(Object(Illuminate/Http/Request), Object(Closure))
#8 C:/Users/User/Downloads/wihsata final/wihsata-combined/wihsata-api/vendor/laravel/sanctum/src/Http/Middleware/EnsureFrontendRequestsAreStateful.php(26): Illuminate/Pipeline/Pipeline->Illuminate/Pipeline/{closure}(Object(Illuminate/Http/Request))
#9 C:/Users/User/Downloads/wihsata final/wihsata-combined/wihsata-api/vendor/laravel/framework/src/Illuminate/Pipeline/Pipeline.php(170): Laravel/Sanctum/Http/Middleware/EnsureFrontendRequestsAreStateful->Laravel/Sanctum/Http/Middleware/{closure}(Object(Illuminate/Http/Request))
#10 C:/Users/User/Downloads/wihsata final/wihsata-combined/wihsata-api/vendor/laravel/framework/src/Illuminate/Pipeline/Pipeline.php(127): Illuminate/Pipeline/Pipeline->Illuminate/Pipeline/{closure}(Object(Illuminate/Http/Request))
#11 C:/Users/User/Downloads/wihsata final/wihsata-combined/wihsata-api/vendor/laravel/sanctum/src/Http/Middleware/EnsureFrontendRequestsAreStateful.php(25): Illuminate/Pipeline/Pipeline->then(Object(Closure))
#12 C:/Users/User/Downloads/wihsata final/wihsata-combined/wihsata-api/vendor/laravel/framework/src/Illuminate/Pipeline/Pipeline.php(209): Laravel/Sanctum/Http/Middleware/EnsureFrontendRequestsAreStateful->handle(Object(Illuminate/Http/Request), Object(Closure))
#13 C:/Users/User/Downloads/wihsata final/wihsata-combined/wihsata-api/vendor/laravel/framework/src/Illuminate/Http/Middleware/HandleCors.php(62): Illuminate/Pipeline/Pipeline->Illuminate/Pipeline/{closure}(Object(Illuminate/Http/Request))
#14 C:/Users/User/Downloads/wihsata final/wihsata-combined/wihsata-api/vendor/laravel/framework/src/Illuminate/Pipeline/Pipeline.php(209): Illuminate/Http/Middleware/HandleCors->handle(Object(Illuminate/Http/Request), Object(Closure))
#15 C:/Users/User/Downloads/wihsata final/wihsata-combined/wihsata-api/vendor/laravel/framework/src/Illuminate/Pipeline/Pipeline.php(127): Illuminate/Pipeline/Pipeline->Illuminate/Pipeline/{closure}(Object(Illuminate/Http/Request))
#16 C:/Users/User/Downloads/wihsata final/wihsata-combined/wihsata-api/vendor/laravel/framework/src/Illuminate/Routing/Router.php(807): Illuminate/Pipeline/Pipeline->then(Object(Closure))
#17 C:/Users/User/Downloads/wihsata final/wihsata-combined/wihsata-api/vendor/laravel/framework/src/Illuminate/Routing/Router.php(786): Illuminate/Routing/Router->runRouteWithinStack(Object(Illuminate/Routing/Route), Object(Illuminate/Http/Request))
#18 C:/Users/User/Downloads/wihsata final/wihsata-combined/wihsata-api/vendor/laravel/framework/src/Illuminate/Routing/Router.php(750): Illuminate/Routing/Router->runRoute(Object(Illuminate/Http/Request), Object(Illuminate/Routing/Route))
#19 C:/Users/User/Downloads/wihsata final/wihsata-combined/wihsata-api/vendor/laravel/framework/src/Illuminate/Routing/Router.php(739): Illuminate/Routing/Router->dispatchToRoute(Object(Illuminate/Http/Request))
#20 C:/Users/User/Downloads/wihsata final/wihsata-combined/wihsata-api/vendor/laravel/framework/src/Illuminate/Foundation/Http/Kernel.php(201): Illuminate/Routing/Router->dispatch(Object(Illuminate/Http/Request))
#21 C:/Users/User/Downloads/wihsata final/wihsata-combined/wihsata-api/vendor/laravel/framework/src/Illuminate/Pipeline/Pipeline.php(170): Illuminate/Foundation/Http/Kernel->Illuminate/Foundation/Http/{closure}(Object(Illuminate/Http/Request))
#22 C:/Users/User/Downloads/wihsata final/wihsata-combined/wihsata-api/vendor/laravel/framework/src/Illuminate/Foundation/Http/Middleware/TransformsRequest.php(21): Illuminate/Pipeline/Pipeline->Illuminate/Pipeline/{closure}(Object(Illuminate/Http/Request))
#23 C:/Users/User/Downloads/wihsata final/wihsata-combined/wihsata-api/vendor/laravel/framework/src/Illuminate/Foundation/Http/Middleware/ConvertEmptyStringsToNull.php(31): Illuminate/Foundation/Http/Middleware/TransformsRequest->handle(Object(Illuminate/Http/Request), Object(Closure))
#24 C:/Users/User/Downloads/wihsata final/wihsata-combined/wihsata-api/vendor/laravel/framework/src/Illuminate/Pipeline/Pipeline.php(209): Illuminate/Foundation/Http/Middleware/ConvertEmptyStringsToNull->handle(Object(Illuminate/Http/Request), Object(Closure))
#25 C:/Users/User/Downloads/wihsata final/wihsata-combined/wihsata-api/vendor/laravel/framework/src/Illuminate/Foundation/Http/Middleware/TransformsRequest.php(21): Illuminate/Pipeline/Pipeline->Illuminate/Pipeline/{closure}(Object(Illuminate/Http/Request))
#26 C:/Users/User/Downloads/wihsata final/wihsata-combined/wihsata-api/vendor/laravel/framework/src/Illuminate/Foundation/Http/Middleware/TrimStrings.php(51): Illuminate/Foundation/Http/Middleware/TransformsRequest->handle(Object(Illuminate/Http/Request), Object(Closure))
#27 C:/Users/User/Downloads/wihsata final/wihsata-combined/wihsata-api/vendor/laravel/framework/src/Illuminate/Pipeline/Pipeline.php(209): Illuminate/Foundation/Http/Middleware/TrimStrings->handle(Object(Illuminate/Http/Request), Object(Closure))
#28 C:/Users/User/Downloads/wihsata final/wihsata-combined/wihsata-api/vendor/laravel/framework/src/Illuminate/Http/Middleware/ValidatePostSize.php(27): Illuminate/Pipeline/Pipeline->Illuminate/Pipeline/{closure}(Object(Illuminate/Http/Request))
#29 C:/Users/User/Downloads/wihsata final/wihsata-combined/wihsata-api/vendor/laravel/framework/src/Illuminate/Pipeline/Pipeline.php(209): Illuminate/Http/Middleware/ValidatePostSize->handle(Object(Illuminate/Http/Request), Object(Closure))
#30 C:/Users/User/Downloads/wihsata final/wihsata-combined/wihsata-api/vendor/laravel/framework/src/Illuminate/Foundation/Http/Middleware/PreventRequestsDuringMaintenance.php(110): Illuminate/Pipeline/Pipeline->Illuminate/Pipeline/{closure}(Object(Illuminate/Http/Request))
#31 C:/Users/User/Downloads/wihsata final/wihsata-combined/wihsata-api/vendor/laravel/framework/src/Illuminate/Pipeline/Pipeline.php(209): Illuminate/Foundation/Http/Middleware/PreventRequestsDuringMaintenance->handle(Object(Illuminate/Http/Request), Object(Closure))
#32 C:/Users/User/Downloads/wihsata final/wihsata-combined/wihsata-api/vendor/laravel/framework/src/Illuminate/Http/Middleware/HandleCors.php(62): Illuminate/Pipeline/Pipeline->Illuminate/Pipeline/{closure}(Object(Illuminate/Http/Request))
#33 C:/Users/User/Downloads/wihsata final/wihsata-combined/wihsata-api/vendor/laravel/framework/src/Illuminate/Pipeline/Pipeline.php(209): Illuminate/Http/Middleware/HandleCors->handle(Object(Illuminate/Http/Request), Object(Closure))
#34 C:/Users/User/Downloads/wihsata final/wihsata-combined/wihsata-api/vendor/laravel/framework/src/Illuminate/Http/Middleware/TrustProxies.php(58): Illuminate/Pipeline/Pipeline->Illuminate/Pipeline/{closure}(Object(Illuminate/Http/Request))
#35 C:/Users/User/Downloads/wihsata final/wihsata-combined/wihsata-api/vendor/laravel/framework/src/Illuminate/Pipeline/Pipeline.php(209): Illuminate/Http/Middleware/TrustProxies->handle(Object(Illuminate/Http/Request), Object(Closure))
#36 C:/Users/User/Downloads/wihsata final/wihsata-combined/wihsata-api/vendor/laravel/framework/src/Illuminate/Foundation/Http/Middleware/InvokeDeferredCallbacks.php(22): Illuminate/Pipeline/Pipeline->Illuminate/Pipeline/{closure}(Object(Illuminate/Http/Request))
#37 C:/Users/User/Downloads/wihsata final/wihsata-combined/wihsata-api/vendor/laravel/framework/src/Illuminate/Pipeline/Pipeline.php(209): Illuminate/Foundation/Http/Middleware/InvokeDeferredCallbacks->handle(Object(Illuminate/Http/Request), Object(Closure))
#38 C:/Users/User/Downloads/wihsata final/wihsata-combined/wihsata-api/vendor/laravel/framework/src/Illuminate/Pipeline/Pipeline.php(127): Illuminate/Pipeline/Pipeline->Illuminate/Pipeline/{closure}(Object(Illuminate/Http/Request))
#39 C:/Users/User/Downloads/wihsata final/wihsata-combined/wihsata-api/vendor/laravel/framework/src/Illuminate/Foundation/Http/Kernel.php(176): Illuminate/Pipeline/Pipeline->then(Object(Closure))
#40 C:/Users/User/Downloads/wihsata final/wihsata-combined/wihsata-api/vendor/laravel/framework/src/Illuminate/Foundation/Http/Kernel.php(145): Illuminate/Foundation/Http/Kernel->sendRequestThroughRouter(Object(Illuminate/Http/Request))
#41 C:/Users/User/Downloads/wihsata final/wihsata-combined/wihsata-api/vendor/laravel/framework/src/Illuminate/Foundation/Application.php(1220): Illuminate/Foundation/Http/Kernel->handle(Object(Illuminate/Http/Request))
#42 C:/Users/User/Downloads/wihsata final/wihsata-combined/wihsata-api/public/index.php(17): Illuminate/Foundation/Application->handleRequest(Object(Illuminate/Http/Request))
#43 C:/Users/User/Downloads/wihsata final/wihsata-combined/wihsata-api/vendor/laravel/framework/src/Illuminate/Foundation/resources/server.php(23): require_once('C://Users//User//D...')
#44 {main}
"} 
[2026-08-17 06:11:23] local.INFO: [AiPlanner] Geocode {"area":"Berau","coords":{"latitude":1.7767536,"longitude":117.2691764}} 
[2026-08-17 06:11:24] local.INFO: [AiPlanner] Kandidat ditemukan {"count":0} 
[2026-08-17 06:12:02] local.INFO: [AiPlanner] Geocode {"area":"Berau","coords":{"latitude":1.7767536,"longitude":117.2691764}} 
[2026-08-17 06:12:03] local.INFO: [AiPlanner] Kandidat ditemukan {"count":0} 
[2026-08-17 06:12:11] local.INFO: [AiPlanner] Geocode {"area":"Berau","coords":{"latitude":1.7767536,"longitude":117.2691764}} 
[2026-08-17 06:12:11] local.INFO: [AiPlanner] Kandidat ditemukan {"count":0} 
[2026-08-17 06:15:30] local.INFO: [AiPlanner] Geocode {"area":"Berau","coords":{"latitude":1.7767536,"longitude":117.2691764}} 
[2026-08-17 06:15:30] local.INFO: [AiPlanner] Kandidat ditemukan {"count":0} 
[2026-08-17 06:15:41] local.INFO: [AiPlanner] Geocode {"area":"Berau","coords":{"latitude":1.7767536,"longitude":117.2691764}} 
[2026-08-17 06:15:41] local.INFO: [AiPlanner] Kandidat ditemukan {"count":0} 
[2026-08-17 06:16:43] local.INFO: [AiPlanner] Geocode {"area":"Berau","coords":{"latitude":1.7767536,"longitude":117.2691764}} 
[2026-08-17 06:16:44] local.INFO: [AiPlanner] Kandidat ditemukan {"count":0} 
[2026-08-17 06:19:43] local.INFO: [AiPlanner] Geocode {"area":"Berau","coords":{"latitude":1.7767536,"longitude":117.2691764}} 
[2026-08-17 06:19:44] local.INFO: [AiPlanner] Kandidat ditemukan {"count":0} 
[2026-08-17 06:20:44] local.ERROR: [AiPlanner] Unexpected error {"message":"cURL error 28: Operation timed out after 60004 milliseconds with 1540 bytes received (see https://curl.se/libcurl/c/libcurl-errors.html) for https://openrouter.ai/api/v1/chat/completions"} 
[2026-08-17 06:21:05] local.INFO: [AiPlanner] Geocode {"area":"Berau","coords":{"latitude":1.7767536,"longitude":117.2691764}} 
[2026-08-17 06:21:06] local.INFO: [AiPlanner] Kandidat ditemukan {"count":0} 
[2026-08-17 06:22:06] local.ERROR: [AiPlanner] Unexpected error {"message":"cURL error 28: Operation timed out after 60003 milliseconds with 1540 bytes received (see https://curl.se/libcurl/c/libcurl-errors.html) for https://openrouter.ai/api/v1/chat/completions"} 
[2026-08-17 06:22:43] local.INFO: [AiPlanner] Geocode {"area":"Berau","coords":{"latitude":1.7767536,"longitude":117.2691764}} 
[2026-08-17 06:22:43] local.INFO: [AiPlanner] Kandidat ditemukan {"count":0} 
[2026-08-17 06:23:43] local.ERROR: [AiPlanner] Unexpected error {"message":"cURL error 28: Operation timed out after 60005 milliseconds with 1551 bytes received (see https://curl.se/libcurl/c/libcurl-errors.html) for https://openrouter.ai/api/v1/chat/completions"} 
[2026-08-17 06:30:58] local.INFO: [AiPlanner] Geocode {"area":"Berau","coords":{"latitude":1.7767536,"longitude":117.2691764}} 
[2026-08-17 06:30:58] local.INFO: [AiPlanner] Kandidat ditemukan {"count":0} 
[2026-08-17 06:34:36] local.INFO: [AiPlanner] Geocode {"area":"Biduk-Biduk","coords":{"latitude":1.2587438,"longitude":118.6992065}} 
[2026-08-17 06:34:36] local.INFO: [AiPlanner] Kandidat ditemukan {"count":6} 
[2026-08-17 06:34:43] local.INFO: [AiPlanner] Cluster dipakai {"names":["Labuan Cermin","Villa Sungai Kaput","Dermaga Penyebrangan Teluk Sulaiman","Pulau Kaniungan"]} 
[2026-08-17 10:43:04] local.INFO: [AiPlanner] Geocode {"area":"Biduk-Biduk","coords":{"latitude":1.2587438,"longitude":118.6992065}} 
[2026-08-17 10:43:04] local.INFO: [AiPlanner] Kandidat ditemukan {"count":6} 
[2026-08-17 10:43:10] local.INFO: [AiPlanner] Cluster dipakai {"names":["Labuan Cermin","Villa Sungai Kaput","Dermaga Penyebrangan Teluk Sulaiman","Pulau Kaniungan"]} 
[2026-08-17 10:45:56] local.INFO: [AiPlanner] Geocode {"area":"Biduk-Biduk","coords":{"latitude":1.2587438,"longitude":118.6992065}} 
[2026-08-17 10:45:57] local.INFO: [AiPlanner] Kandidat ditemukan {"count":6} 
[2026-08-17 10:46:02] local.INFO: [AiPlanner] Cluster dipakai {"names":["Labuan Cermin","Villa Sungai Kaput","Dermaga Penyebrangan Teluk Sulaiman","Pulau Kaniungan"]} 
[2026-08-17 10:54:33] local.INFO: [AiPlanner] Geocode {"area":"Biduk-Biduk","coords":{"latitude":1.2587438,"longitude":118.6992065}} 
[2026-08-17 10:54:33] local.INFO: [AiPlanner] Kandidat ditemukan {"count":6} 
[2026-08-17 10:54:39] local.INFO: [AiPlanner] Cluster dipakai {"names":["Labuan Cermin","Villa Sungai Kaput","Dermaga Penyebrangan Teluk Sulaiman","Pulau Kaniungan"]} 
[2026-08-17 10:57:15] local.INFO: [AiPlanner] Geocode {"area":"Biduk-Biduk","coords":{"latitude":1.2587438,"longitude":118.6992065}} 
[2026-08-17 10:57:15] local.INFO: [AiPlanner] Kandidat ditemukan {"count":6} 
[2026-08-17 10:57:22] local.INFO: [AiPlanner] Cluster dipakai {"names":["Labuan Cermin","Villa Sungai Kaput","Dermaga Penyebrangan Teluk Sulaiman","Pulau Kaniungan"]} 
[2026-08-17 11:12:08] local.INFO: [AiPlanner] Geocode {"area":"Biduk-Biduk","coords":{"latitude":1.2587438,"longitude":118.6992065}} 
[2026-08-17 11:12:09] local.INFO: [AiPlanner] Kandidat ditemukan {"count":6} 
[2026-08-17 11:12:14] local.INFO: [AiPlanner] Cluster dipakai {"names":["Labuan Cermin","Villa Sungai Kaput","Dermaga Penyebrangan Teluk Sulaiman","Pulau Kaniungan"]} 
[2026-08-17 11:15:05] local.INFO: [AiPlanner] Geocode {"area":"Biduk-Biduk","coords":{"latitude":1.2587438,"longitude":118.6992065}} 
[2026-08-17 11:15:05] local.INFO: [AiPlanner] Kandidat ditemukan {"count":6} 
[2026-08-17 11:15:10] local.INFO: [AiPlanner] Cluster dipakai {"names":["Labuan Cermin","Villa Sungai Kaput","Dermaga Penyebrangan Teluk Sulaiman","Pulau Kaniungan"]} 
[2026-08-17 11:23:29] local.INFO: [AiPlanner] Geocode {"area":"Biduk-Biduk","coords":{"latitude":1.2587438,"longitude":118.6992065}} 
[2026-08-17 11:23:29] local.INFO: [AiPlanner] Kandidat ditemukan {"count":6} 
[2026-08-17 11:23:35] local.INFO: [AiPlanner] Cluster dipakai {"names":["Labuan Cermin","Villa Sungai Kaput","Dermaga Penyebrangan Teluk Sulaiman","Pulau Kaniungan"]} 
[2026-08-17 11:25:48] local.INFO: [AiPlanner] DEBUG cek image_url per item {"items":[{"destination_name":"Kaubun → Villa Sungai Kaput","destination_id":null,"image_url":null},{"destination_name":"Villa Sungai Kaput","destination_id":null,"image_url":null},{"destination_name":"Warung Makan Sekitar Villa","destination_id":null,"image_url":null},{"destination_name":"Villa Sungai Kaput","destination_id":null,"image_url":null},{"destination_name":"Villa Sungai Kaput","destination_id":null,"image_url":null},{"destination_name":"Villa Sungai Kaput","destination_id":null,"image_url":null},{"destination_name":"Labuan Cermin","destination_id":null,"image_url":null},{"destination_name":"Warung Labuan Cermin","destination_id":null,"image_url":null},{"destination_name":"Villa Sungai Kaput","destination_id":null,"image_url":null},{"destination_name":"Villa Sungai Kaput","destination_id":null,"image_url":null},{"destination_name":"Villa Sungai Kaput","destination_id":null,"image_url":null},{"destination_name":"Biduk-Biduk → Kaubun","destination_id":null,"image_url":null}]} 
[2026-08-17 17:42:06] local.INFO: [AiPlanner] Geocode {"area":"Biduk-Biduk","coords":{"latitude":1.2587438,"longitude":118.6992065}} 
[2026-08-17 17:42:07] local.INFO: [AiPlanner] Kandidat ditemukan {"count":6} 
[2026-08-17 17:42:14] local.INFO: [AiPlanner] Cluster dipakai {"names":["Labuan Cermin","Villa Sungai Kaput","Dermaga Penyebrangan Teluk Sulaiman","Pulau Kaniungan"]} 
[2026-08-17 17:47:21] local.INFO: [AiPlanner] Geocode {"area":"Biduk-Biduk","coords":{"latitude":1.2587438,"longitude":118.6992065}} 
[2026-08-17 17:47:21] local.INFO: [AiPlanner] Kandidat ditemukan {"count":6} 
[2026-08-17 17:47:26] local.INFO: [AiPlanner] Cluster dipakai {"names":["Labuan Cermin","Villa Sungai Kaput","Dermaga Penyebrangan Teluk Sulaiman","Pulau Kaniungan"]} 
[2026-08-17 17:50:52] local.INFO: [AiPlanner] Geocode {"area":"Biduk-Biduk","coords":{"latitude":1.2587438,"longitude":118.6992065}} 
[2026-08-17 17:50:52] local.INFO: [AiPlanner] Kandidat ditemukan {"count":6} 
[2026-08-17 17:50:57] local.INFO: [AiPlanner] Cluster dipakai {"names":["Labuan Cermin","Villa Sungai Kaput","Dermaga Penyebrangan Teluk Sulaiman","Pulau Kaniungan"]} 
[2026-08-17 17:54:36] local.INFO: [AiPlanner] Geocode {"area":"Biduk-Biduk","coords":{"latitude":1.2587438,"longitude":118.6992065}} 
[2026-08-17 17:54:36] local.INFO: [AiPlanner] Kandidat ditemukan {"count":6} 
[2026-08-17 17:54:41] local.INFO: [AiPlanner] Cluster dipakai {"names":["Labuan Cermin","Villa Sungai Kaput","Dermaga Penyebrangan Teluk Sulaiman","Pulau Kaniungan"]} 
[2026-08-17 18:02:44] local.INFO: [AiPlanner] Geocode {"area":"Biduk-Biduk","coords":{"latitude":1.2587438,"longitude":118.6992065}} 
[2026-08-17 18:02:45] local.INFO: [AiPlanner] Kandidat ditemukan {"count":6} 
[2026-08-17 18:02:50] local.INFO: [AiPlanner] Cluster dipakai {"names":["Labuan Cermin","Villa Sungai Kaput","Dermaga Penyebrangan Teluk Sulaiman","Pulau Kaniungan"]} 
[2026-08-17 18:04:09] local.INFO: [AiPlanner] DEBUG cek image_url per item {"cluster_names_raw":["\"Labuan Cermin\"","\"Villa Sungai Kaput\"","\"Dermaga Penyebrangan Teluk Sulaiman\"","\"Pulau Kaniungan\""],"items":[{"destination_name_raw":"\"Perjalanan dari Kaubun\"","destination_id":null,"image_url":null},{"destination_name_raw":"\"Labuan Cermin\"","destination_id":null,"image_url":null},{"destination_name_raw":"\"Villa Sungai Kaput\"","destination_id":null,"image_url":null},{"destination_name_raw":"\"Dermaga Penyebrangan Teluk Sulaiman\"","destination_id":null,"image_url":null},{"destination_name_raw":"\"Pulau Kaniungan\"","destination_id":null,"image_url":null},{"destination_name_raw":"\"Villa Sungai Kaput\"","destination_id":null,"image_url":null},{"destination_name_raw":"\"Perjalanan pulang\"","destination_id":null,"image_url":null}]} 
[2026-08-17 18:08:37] local.INFO: [AiPlanner] Geocode {"area":"Biduk-Biduk","coords":{"latitude":1.2587438,"longitude":118.6992065}} 
[2026-08-17 18:08:37] local.INFO: [AiPlanner] Kandidat ditemukan {"count":6} 
[2026-08-17 18:08:43] local.INFO: [AiPlanner] Cluster dipakai {"names":["Labuan Cermin","Villa Sungai Kaput","Dermaga Penyebrangan Teluk Sulaiman","Pulau Kaniungan"]} 
[2026-08-18 05:05:29] local.INFO: [AiPlanner] Geocode {"area":"Biduk-Biduk","coords":{"latitude":1.2587438,"longitude":118.6992065}} 
[2026-08-18 05:05:30] local.INFO: [AiPlanner] Kandidat ditemukan {"count":6} 
[2026-08-18 05:05:35] local.INFO: [AiPlanner] Cluster dipakai {"names":["Labuan Cermin","Villa Sungai Kaput","Dermaga Penyebrangan Teluk Sulaiman","Pulau Kaniungan"]} 
[2026-08-18 05:11:55] local.INFO: [AiPlanner] Geocode {"area":"Biduk-Biduk","coords":{"latitude":1.2587438,"longitude":118.6992065}} 
[2026-08-18 05:11:56] local.INFO: [AiPlanner] Kandidat ditemukan {"count":6} 
[2026-08-18 05:12:03] local.INFO: [AiPlanner] Cluster dipakai {"names":["Labuan Cermin","Villa Sungai Kaput","Dermaga Penyebrangan Teluk Sulaiman","Pulau Kaniungan"]} 
[2026-08-18 05:18:27] local.INFO: [AiPlanner] Geocode {"area":"Biduk-Biduk","coords":{"latitude":1.2587438,"longitude":118.6992065}} 
[2026-08-18 05:18:27] local.INFO: [AiPlanner] Kandidat ditemukan {"count":6} 
[2026-08-18 05:18:33] local.INFO: [AiPlanner] Cluster dipakai {"names":["Labuan Cermin","Villa Sungai Kaput","Dermaga Penyebrangan Teluk Sulaiman","Pulau Kaniungan"]} 
[2026-08-18 05:27:39] local.INFO: [AiPlanner] Geocode {"area":"Biduk-Biduk","coords":{"latitude":1.2587438,"longitude":118.6992065}} 
[2026-08-18 05:27:39] local.INFO: [AiPlanner] Kandidat ditemukan {"count":6} 
[2026-08-18 05:27:44] local.INFO: [AiPlanner] Cluster dipakai {"names":["Labuan Cermin","Villa Sungai Kaput","Dermaga Penyebrangan Teluk Sulaiman","Pulau Kaniungan"]} 
[2026-08-18 05:33:22] local.ERROR: SQLSTATE[08006] [7] could not translate host name "ep-young-glade-azm0ni7w.c-3.ap-southeast-1.aws.neon.tech" to address: Unknown host (Connection: pgsql, SQL: select count(*) as aggregate from "destinations" where "is_featured" = 1) {"exception":"[object] (Illuminate\\Database\\QueryException(code: 7): SQLSTATE[08006] [7] could not translate host name \"ep-young-glade-azm0ni7w.c-3.ap-southeast-1.aws.neon.tech\" to address: Unknown host (Connection: pgsql, SQL: select count(*) as aggregate from \"destinations\" where \"is_featured\" = 1) at C:/Users/User/Downloads/wihsata final/wihsata-combined/wihsata-api/vendor/laravel/framework/src/Illuminate/Database/Connection.php:825)
[stacktrace]
#0 C:/Users/User/Downloads/wihsata final/wihsata-combined/wihsata-api/vendor/laravel/framework/src/Illuminate/Database/Connection.php(979): Illuminate/Database/Connection->runQueryCallback('select count(*)...', Array, Object(Closure))
#1 C:/Users/User/Downloads/wihsata final/wihsata-combined/wihsata-api/vendor/laravel/framework/src/Illuminate/Database/Connection.php(958): Illuminate/Database/Connection->tryAgainIfCausedByLostConnection(Object(Illuminate/Database/QueryException), 'select count(*)...', Array, Object(Closure))
#2 C:/Users/User/Downloads/wihsata final/wihsata-combined/wihsata-api/vendor/laravel/framework/src/Illuminate/Database/Connection.php(781): Illuminate/Database/Connection->handleQueryException(Object(Illuminate/Database/QueryException), 'select count(*)...', Array, Object(Closure))
#3 C:/Users/User/Downloads/wihsata final/wihsata-combined/wihsata-api/vendor/laravel/framework/src/Illuminate/Database/Connection.php(398): Illuminate/Database/Connection->run('select count(*)...', Array, Object(Closure))
#4 C:/Users/User/Downloads/wihsata final/wihsata-combined/wihsata-api/vendor/laravel/framework/src/Illuminate/Database/Query/Builder.php(3106): Illuminate/Database/Connection->select('select count(*)...', Array, true)
#5 C:/Users/User/Downloads/wihsata final/wihsata-combined/wihsata-api/vendor/laravel/framework/src/Illuminate/Database/Query/Builder.php(3091): Illuminate/Database/Query/Builder->runSelect()
#6 C:/Users/User/Downloads/wihsata final/wihsata-combined/wihsata-api/vendor/laravel/framework/src/Illuminate/Database/Query/Builder.php(3676): Illuminate/Database/Query/Builder->Illuminate/Database/Query/{closure}()
#7 C:/Users/User/Downloads/wihsata final/wihsata-combined/wihsata-api/vendor/laravel/framework/src/Illuminate/Database/Query/Builder.php(3090): Illuminate/Database/Query/Builder->onceWithColumns(Array, Object(Closure))
#8 C:/Users/User/Downloads/wihsata final/wihsata-combined/wihsata-api/vendor/laravel/framework/src/Illuminate/Database/Query/Builder.php(3285): Illuminate/Database/Query/Builder->get()
#9 C:/Users/User/Downloads/wihsata final/wihsata-combined/wihsata-api/vendor/laravel/framework/src/Illuminate/Database/Query/Builder.php(3244): Illuminate/Database/Query/Builder->runPaginationCountQuery(Array)
#10 C:/Users/User/Downloads/wihsata final/wihsata-combined/wihsata-api/vendor/laravel/framework/src/Illuminate/Database/Eloquent/Builder.php(1029): Illuminate/Database/Query/Builder->getCountForPagination()
#11 C:/Users/User/Downloads/wihsata final/wihsata-combined/wihsata-api/app/Http/Controllers/Api/DestinationController.php(40): Illuminate/Database/Eloquent/Builder->paginate(6)
#12 C:/Users/User/Downloads/wihsata final/wihsata-combined/wihsata-api/vendor/laravel/framework/src/Illuminate/Routing/ControllerDispatcher.php(47): App/Http/Controllers/Api/DestinationController->index(Object(Illuminate/Http/Request))
#13 C:/Users/User/Downloads/wihsata final/wihsata-combined/wihsata-api/vendor/laravel/framework/src/Illuminate/Routing/Route.php(266): Illuminate/Routing/ControllerDispatcher->dispatch(Object(Illuminate/Routing/Route), Object(App/Http/Controllers/Api/DestinationController), 'index')
#14 C:/Users/User/Downloads/wihsata final/wihsata-combined/wihsata-api/vendor/laravel/framework/src/Illuminate/Routing/Route.php(212): Illuminate/Routing/Route->runController()
#15 C:/Users/User/Downloads/wihsata final/wihsata-combined/wihsata-api/vendor/laravel/framework/src/Illuminate/Routing/Router.php(808): Illuminate/Routing/Route->run()
#16 C:/Users/User/Downloads/wihsata final/wihsata-combined/wihsata-api/vendor/laravel/framework/src/Illuminate/Pipeline/Pipeline.php(170): Illuminate/Routing/Router->Illuminate/Routing/{closure}(Object(Illuminate/Http/Request))
#17 C:/Users/User/Downloads/wihsata final/wihsata-combined/wihsata-api/vendor/laravel/framework/src/Illuminate/Routing/Middleware/SubstituteBindings.php(51): Illuminate/Pipeline/Pipeline->Illuminate/Pipeline/{closure}(Object(Illuminate/Http/Request))
#18 C:/Users/User/Downloads/wihsata final/wihsata-combined/wihsata-api/vendor/laravel/framework/src/Illuminate/Pipeline/Pipeline.php(209): Illuminate/Routing/Middleware/SubstituteBindings->handle(Object(Illuminate/Http/Request), Object(Closure))
#19 C:/Users/User/Downloads/wihsata final/wihsata-combined/wihsata-api/vendor/laravel/framework/src/Illuminate/Http/Middleware/HandleCors.php(62): Illuminate/Pipeline/Pipeline->Illuminate/Pipeline/{closure}(Object(Illuminate/Http/Request))
#20 C:/Users/User/Downloads/wihsata final/wihsata-combined/wihsata-api/vendor/laravel/framework/src/Illuminate/Pipeline/Pipeline.php(209): Illuminate/Http/Middleware/HandleCors->handle(Object(Illuminate/Http/Request), Object(Closure))
#21 C:/Users/User/Downloads/wihsata final/wihsata-combined/wihsata-api/vendor/laravel/framework/src/Illuminate/Pipeline/Pipeline.php(127): Illuminate/Pipeline/Pipeline->Illuminate/Pipeline/{closure}(Object(Illuminate/Http/Request))
#22 C:/Users/User/Downloads/wihsata final/wihsata-combined/wihsata-api/vendor/laravel/framework/src/Illuminate/Routing/Router.php(807): Illuminate/Pipeline/Pipeline->then(Object(Closure))
#23 C:/Users/User/Downloads/wihsata final/wihsata-combined/wihsata-api/vendor/laravel/framework/src/Illuminate/Routing/Router.php(786): Illuminate/Routing/Router->runRouteWithinStack(Object(Illuminate/Routing/Route), Object(Illuminate/Http/Request))
#24 C:/Users/User/Downloads/wihsata final/wihsata-combined/wihsata-api/vendor/laravel/framework/src/Illuminate/Routing/Router.php(750): Illuminate/Routing/Router->runRoute(Object(Illuminate/Http/Request), Object(Illuminate/Routing/Route))
#25 C:/Users/User/Downloads/wihsata final/wihsata-combined/wihsata-api/vendor/laravel/framework/src/Illuminate/Routing/Router.php(739): Illuminate/Routing/Router->dispatchToRoute(Object(Illuminate/Http/Request))
#26 C:/Users/User/Downloads/wihsata final/wihsata-combined/wihsata-api/vendor/laravel/framework/src/Illuminate/Foundation/Http/Kernel.php(201): Illuminate/Routing/Router->dispatch(Object(Illuminate/Http/Request))
#27 C:/Users/User/Downloads/wihsata final/wihsata-combined/wihsata-api/vendor/laravel/framework/src/Illuminate/Pipeline/Pipeline.php(170): Illuminate/Foundation/Http/Kernel->Illuminate/Foundation/Http/{closure}(Object(Illuminate/Http/Request))
#28 C:/Users/User/Downloads/wihsata final/wihsata-combined/wihsata-api/vendor/laravel/framework/src/Illuminate/Foundation/Http/Middleware/TransformsRequest.php(21): Illuminate/Pipeline/Pipeline->Illuminate/Pipeline/{closure}(Object(Illuminate/Http/Request))
#29 C:/Users/User/Downloads/wihsata final/wihsata-combined/wihsata-api/vendor/laravel/framework/src/Illuminate/Foundation/Http/Middleware/ConvertEmptyStringsToNull.php(31): Illuminate/Foundation/Http/Middleware/TransformsRequest->handle(Object(Illuminate/Http/Request), Object(Closure))
#30 C:/Users/User/Downloads/wihsata final/wihsata-combined/wihsata-api/vendor/laravel/framework/src/Illuminate/Pipeline/Pipeline.php(209): Illuminate/Foundation/Http/Middleware/ConvertEmptyStringsToNull->handle(Object(Illuminate/Http/Request), Object(Closure))
#31 C:/Users/User/Downloads/wihsata final/wihsata-combined/wihsata-api/vendor/laravel/framework/src/Illuminate/Foundation/Http/Middleware/TransformsRequest.php(21): Illuminate/Pipeline/Pipeline->Illuminate/Pipeline/{closure}(Object(Illuminate/Http/Request))
#32 C:/Users/User/Downloads/wihsata final/wihsata-combined/wihsata-api/vendor/laravel/framework/src/Illuminate/Foundation/Http/Middleware/TrimStrings.php(51): Illuminate/Foundation/Http/Middleware/TransformsRequest->handle(Object(Illuminate/Http/Request), Object(Closure))
#33 C:/Users/User/Downloads/wihsata final/wihsata-combined/wihsata-api/vendor/laravel/framework/src/Illuminate/Pipeline/Pipeline.php(209): Illuminate/Foundation/Http/Middleware/TrimStrings->handle(Object(Illuminate/Http/Request), Object(Closure))
#34 C:/Users/User/Downloads/wihsata final/wihsata-combined/wihsata-api/vendor/laravel/framework/src/Illuminate/Http/Middleware/ValidatePostSize.php(27): Illuminate/Pipeline/Pipeline->Illuminate/Pipeline/{closure}(Object(Illuminate/Http/Request))
#35 C:/Users/User/Downloads/wihsata final/wihsata-combined/wihsata-api/vendor/laravel/framework/src/Illuminate/Pipeline/Pipeline.php(209): Illuminate/Http/Middleware/ValidatePostSize->handle(Object(Illuminate/Http/Request), Object(Closure))
#36 C:/Users/User/Downloads/wihsata final/wihsata-combined/wihsata-api/vendor/laravel/framework/src/Illuminate/Foundation/Http/Middleware/PreventRequestsDuringMaintenance.php(110): Illuminate/Pipeline/Pipeline->Illuminate/Pipeline/{closure}(Object(Illuminate/Http/Request))
#37 C:/Users/User/Downloads/wihsata final/wihsata-combined/wihsata-api/vendor/laravel/framework/src/Illuminate/Pipeline/Pipeline.php(209): Illuminate/Foundation/Http/Middleware/PreventRequestsDuringMaintenance->handle(Object(Illuminate/Http/Request), Object(Closure))
#38 C:/Users/User/Downloads/wihsata final/wihsata-combined/wihsata-api/vendor/laravel/framework/src/Illuminate/Http/Middleware/HandleCors.php(62): Illuminate/Pipeline/Pipeline->Illuminate/Pipeline/{closure}(Object(Illuminate/Http/Request))
#39 C:/Users/User/Downloads/wihsata final/wihsata-combined/wihsata-api/vendor/laravel/framework/src/Illuminate/Pipeline/Pipeline.php(209): Illuminate/Http/Middleware/HandleCors->handle(Object(Illuminate/Http/Request), Object(Closure))
#40 C:/Users/User/Downloads/wihsata final/wihsata-combined/wihsata-api/vendor/laravel/framework/src/Illuminate/Http/Middleware/TrustProxies.php(58): Illuminate/Pipeline/Pipeline->Illuminate/Pipeline/{closure}(Object(Illuminate/Http/Request))
#41 C:/Users/User/Downloads/wihsata final/wihsata-combined/wihsata-api/vendor/laravel/framework/src/Illuminate/Pipeline/Pipeline.php(209): Illuminate/Http/Middleware/TrustProxies->handle(Object(Illuminate/Http/Request), Object(Closure))
#42 C:/Users/User/Downloads/wihsata final/wihsata-combined/wihsata-api/vendor/laravel/framework/src/Illuminate/Foundation/Http/Middleware/InvokeDeferredCallbacks.php(22): Illuminate/Pipeline/Pipeline->Illuminate/Pipeline/{closure}(Object(Illuminate/Http/Request))
#43 C:/Users/User/Downloads/wihsata final/wihsata-combined/wihsata-api/vendor/laravel/framework/src/Illuminate/Pipeline/Pipeline.php(209): Illuminate/Foundation/Http/Middleware/InvokeDeferredCallbacks->handle(Object(Illuminate/Http/Request), Object(Closure))
#44 C:/Users/User/Downloads/wihsata final/wihsata-combined/wihsata-api/vendor/laravel/framework/src/Illuminate/Pipeline/Pipeline.php(127): Illuminate/Pipeline/Pipeline->Illuminate/Pipeline/{closure}(Object(Illuminate/Http/Request))
#45 C:/Users/User/Downloads/wihsata final/wihsata-combined/wihsata-api/vendor/laravel/framework/src/Illuminate/Foundation/Http/Kernel.php(176): Illuminate/Pipeline/Pipeline->then(Object(Closure))
#46 C:/Users/User/Downloads/wihsata final/wihsata-combined/wihsata-api/vendor/laravel/framework/src/Illuminate/Foundation/Http/Kernel.php(145): Illuminate/Foundation/Http/Kernel->sendRequestThroughRouter(Object(Illuminate/Http/Request))
#47 C:/Users/User/Downloads/wihsata final/wihsata-combined/wihsata-api/vendor/laravel/framework/src/Illuminate/Foundation/Application.php(1220): Illuminate/Foundation/Http/Kernel->handle(Object(Illuminate/Http/Request))
#48 C:/Users/User/Downloads/wihsata final/wihsata-combined/wihsata-api/public/index.php(17): Illuminate/Foundation/Application->handleRequest(Object(Illuminate/Http/Request))
#49 C:/Users/User/Downloads/wihsata final/wihsata-combined/wihsata-api/vendor/laravel/framework/src/Illuminate/Foundation/resources/server.php(23): require_once('C://Users//User//D...')
#50 {main}

[previous exception] [object] (PDOException(code: 7): SQLSTATE[08006] [7] could not translate host name \"ep-young-glade-azm0ni7w.c-3.ap-southeast-1.aws.neon.tech\" to address: Unknown host at C:/Users/User/Downloads/wihsata final/wihsata-combined/wihsata-api/vendor/laravel/framework/src/Illuminate/Database/Connectors/Connector.php:66)
[stacktrace]
#0 C:/Users/User/Downloads/wihsata final/wihsata-combined/wihsata-api/vendor/laravel/framework/src/Illuminate/Database/Connectors/Connector.php(66): PDO->__construct('pgsql:host=ep-y...', 'neondb_owner', Object(SensitiveParameterValue), Array)
#1 C:/Users/User/Downloads/wihsata final/wihsata-combined/wihsata-api/vendor/laravel/framework/src/Illuminate/Database/Connectors/Connector.php(85): Illuminate/Database/Connectors/Connector->createPdoConnection('pgsql:host=ep-y...', 'neondb_owner', Object(SensitiveParameterValue), Array)
#2 C:/Users/User/Downloads/wihsata final/wihsata-combined/wihsata-api/vendor/laravel/framework/src/Illuminate/Database/Connectors/Connector.php(48): Illuminate/Database/Connectors/Connector->tryAgainIfCausedByLostConnection(Object(PDOException), 'pgsql:host=ep-y...', 'neondb_owner', Object(SensitiveParameterValue), Array)
#3 C:/Users/User/Downloads/wihsata final/wihsata-combined/wihsata-api/vendor/laravel/framework/src/Illuminate/Database/Connectors/PostgresConnector.php(35): Illuminate/Database/Connectors/Connector->createConnection('pgsql:host=ep-y...', Array, Array)
#4 C:/Users/User/Downloads/wihsata final/wihsata-combined/wihsata-api/vendor/laravel/framework/src/Illuminate/Database/Connectors/ConnectionFactory.php(185): Illuminate/Database/Connectors/PostgresConnector->connect(Array)
#5 [internal function]: Illuminate/Database/Connectors/ConnectionFactory->Illuminate/Database/Connectors/{closure}()
#6 C:/Users/User/Downloads/wihsata final/wihsata-combined/wihsata-api/vendor/laravel/framework/src/Illuminate/Database/Connection.php(1231): call_user_func(Object(Closure))
#7 C:/Users/User/Downloads/wihsata final/wihsata-combined/wihsata-api/vendor/laravel/framework/src/Illuminate/Database/Connection.php(1267): Illuminate/Database/Connection->getPdo()
#8 C:/Users/User/Downloads/wihsata final/wihsata-combined/wihsata-api/vendor/laravel/framework/src/Illuminate/Database/Connection.php(512): Illuminate/Database/Connection->getReadPdo()
#9 C:/Users/User/Downloads/wihsata final/wihsata-combined/wihsata-api/vendor/laravel/framework/src/Illuminate/Database/Connection.php(407): Illuminate/Database/Connection->getPdoForSelect(true)
#10 C:/Users/User/Downloads/wihsata final/wihsata-combined/wihsata-api/vendor/laravel/framework/src/Illuminate/Database/Connection.php(812): Illuminate/Database/Connection->Illuminate/Database/{closure}('select count(*)...', Array)
#11 C:/Users/User/Downloads/wihsata final/wihsata-combined/wihsata-api/vendor/laravel/framework/src/Illuminate/Database/Connection.php(979): Illuminate/Database/Connection->runQueryCallback('select count(*)...', Array, Object(Closure))
#12 C:/Users/User/Downloads/wihsata final/wihsata-combined/wihsata-api/vendor/laravel/framework/src/Illuminate/Database/Connection.php(958): Illuminate/Database/Connection->tryAgainIfCausedByLostConnection(Object(Illuminate/Database/QueryException), 'select count(*)...', Array, Object(Closure))
#13 C:/Users/User/Downloads/wihsata final/wihsata-combined/wihsata-api/vendor/laravel/framework/src/Illuminate/Database/Connection.php(781): Illuminate/Database/Connection->handleQueryException(Object(Illuminate/Database/QueryException), 'select count(*)...', Array, Object(Closure))
#14 C:/Users/User/Downloads/wihsata final/wihsata-combined/wihsata-api/vendor/laravel/framework/src/Illuminate/Database/Connection.php(398): Illuminate/Database/Connection->run('select count(*)...', Array, Object(Closure))
#15 C:/Users/User/Downloads/wihsata final/wihsata-combined/wihsata-api/vendor/laravel/framework/src/Illuminate/Database/Query/Builder.php(3106): Illuminate/Database/Connection->select('select count(*)...', Array, true)
#16 C:/Users/User/Downloads/wihsata final/wihsata-combined/wihsata-api/vendor/laravel/framework/src/Illuminate/Database/Query/Builder.php(3091): Illuminate/Database/Query/Builder->runSelect()
#17 C:/Users/User/Downloads/wihsata final/wihsata-combined/wihsata-api/vendor/laravel/framework/src/Illuminate/Database/Query/Builder.php(3676): Illuminate/Database/Query/Builder->Illuminate/Database/Query/{closure}()
#18 C:/Users/User/Downloads/wihsata final/wihsata-combined/wihsata-api/vendor/laravel/framework/src/Illuminate/Database/Query/Builder.php(3090): Illuminate/Database/Query/Builder->onceWithColumns(Array, Object(Closure))
#19 C:/Users/User/Downloads/wihsata final/wihsata-combined/wihsata-api/vendor/laravel/framework/src/Illuminate/Database/Query/Builder.php(3285): Illuminate/Database/Query/Builder->get()
#20 C:/Users/User/Downloads/wihsata final/wihsata-combined/wihsata-api/vendor/laravel/framework/src/Illuminate/Database/Query/Builder.php(3244): Illuminate/Database/Query/Builder->runPaginationCountQuery(Array)
#21 C:/Users/User/Downloads/wihsata final/wihsata-combined/wihsata-api/vendor/laravel/framework/src/Illuminate/Database/Eloquent/Builder.php(1029): Illuminate/Database/Query/Builder->getCountForPagination()
#22 C:/Users/User/Downloads/wihsata final/wihsata-combined/wihsata-api/app/Http/Controllers/Api/DestinationController.php(40): Illuminate/Database/Eloquent/Builder->paginate(6)
#23 C:/Users/User/Downloads/wihsata final/wihsata-combined/wihsata-api/vendor/laravel/framework/src/Illuminate/Routing/ControllerDispatcher.php(47): App/Http/Controllers/Api/DestinationController->index(Object(Illuminate/Http/Request))
#24 C:/Users/User/Downloads/wihsata final/wihsata-combined/wihsata-api/vendor/laravel/framework/src/Illuminate/Routing/Route.php(266): Illuminate/Routing/ControllerDispatcher->dispatch(Object(Illuminate/Routing/Route), Object(App/Http/Controllers/Api/DestinationController), 'index')
#25 C:/Users/User/Downloads/wihsata final/wihsata-combined/wihsata-api/vendor/laravel/framework/src/Illuminate/Routing/Route.php(212): Illuminate/Routing/Route->runController()
#26 C:/Users/User/Downloads/wihsata final/wihsata-combined/wihsata-api/vendor/laravel/framework/src/Illuminate/Routing/Router.php(808): Illuminate/Routing/Route->run()
#27 C:/Users/User/Downloads/wihsata final/wihsata-combined/wihsata-api/vendor/laravel/framework/src/Illuminate/Pipeline/Pipeline.php(170): Illuminate/Routing/Router->Illuminate/Routing/{closure}(Object(Illuminate/Http/Request))
#28 C:/Users/User/Downloads/wihsata final/wihsata-combined/wihsata-api/vendor/laravel/framework/src/Illuminate/Routing/Middleware/SubstituteBindings.php(51): Illuminate/Pipeline/Pipeline->Illuminate/Pipeline/{closure}(Object(Illuminate/Http/Request))
#29 C:/Users/User/Downloads/wihsata final/wihsata-combined/wihsata-api/vendor/laravel/framework/src/Illuminate/Pipeline/Pipeline.php(209): Illuminate/Routing/Middleware/SubstituteBindings->handle(Object(Illuminate/Http/Request), Object(Closure))
#30 C:/Users/User/Downloads/wihsata final/wihsata-combined/wihsata-api/vendor/laravel/framework/src/Illuminate/Http/Middleware/HandleCors.php(62): Illuminate/Pipeline/Pipeline->Illuminate/Pipeline/{closure}(Object(Illuminate/Http/Request))
#31 C:/Users/User/Downloads/wihsata final/wihsata-combined/wihsata-api/vendor/laravel/framework/src/Illuminate/Pipeline/Pipeline.php(209): Illuminate/Http/Middleware/HandleCors->handle(Object(Illuminate/Http/Request), Object(Closure))
#32 C:/Users/User/Downloads/wihsata final/wihsata-combined/wihsata-api/vendor/laravel/framework/src/Illuminate/Pipeline/Pipeline.php(127): Illuminate/Pipeline/Pipeline->Illuminate/Pipeline/{closure}(Object(Illuminate/Http/Request))
#33 C:/Users/User/Downloads/wihsata final/wihsata-combined/wihsata-api/vendor/laravel/framework/src/Illuminate/Routing/Router.php(807): Illuminate/Pipeline/Pipeline->then(Object(Closure))
#34 C:/Users/User/Downloads/wihsata final/wihsata-combined/wihsata-api/vendor/laravel/framework/src/Illuminate/Routing/Router.php(786): Illuminate/Routing/Router->runRouteWithinStack(Object(Illuminate/Routing/Route), Object(Illuminate/Http/Request))
#35 C:/Users/User/Downloads/wihsata final/wihsata-combined/wihsata-api/vendor/laravel/framework/src/Illuminate/Routing/Router.php(750): Illuminate/Routing/Router->runRoute(Object(Illuminate/Http/Request), Object(Illuminate/Routing/Route))
#36 C:/Users/User/Downloads/wihsata final/wihsata-combined/wihsata-api/vendor/laravel/framework/src/Illuminate/Routing/Router.php(739): Illuminate/Routing/Router->dispatchToRoute(Object(Illuminate/Http/Request))
#37 C:/Users/User/Downloads/wihsata final/wihsata-combined/wihsata-api/vendor/laravel/framework/src/Illuminate/Foundation/Http/Kernel.php(201): Illuminate/Routing/Router->dispatch(Object(Illuminate/Http/Request))
#38 C:/Users/User/Downloads/wihsata final/wihsata-combined/wihsata-api/vendor/laravel/framework/src/Illuminate/Pipeline/Pipeline.php(170): Illuminate/Foundation/Http/Kernel->Illuminate/Foundation/Http/{closure}(Object(Illuminate/Http/Request))
#39 C:/Users/User/Downloads/wihsata final/wihsata-combined/wihsata-api/vendor/laravel/framework/src/Illuminate/Foundation/Http/Middleware/TransformsRequest.php(21): Illuminate/Pipeline/Pipeline->Illuminate/Pipeline/{closure}(Object(Illuminate/Http/Request))
#40 C:/Users/User/Downloads/wihsata final/wihsata-combined/wihsata-api/vendor/laravel/framework/src/Illuminate/Foundation/Http/Middleware/ConvertEmptyStringsToNull.php(31): Illuminate/Foundation/Http/Middleware/TransformsRequest->handle(Object(Illuminate/Http/Request), Object(Closure))
#41 C:/Users/User/Downloads/wihsata final/wihsata-combined/wihsata-api/vendor/laravel/framework/src/Illuminate/Pipeline/Pipeline.php(209): Illuminate/Foundation/Http/Middleware/ConvertEmptyStringsToNull->handle(Object(Illuminate/Http/Request), Object(Closure))
#42 C:/Users/User/Downloads/wihsata final/wihsata-combined/wihsata-api/vendor/laravel/framework/src/Illuminate/Foundation/Http/Middleware/TransformsRequest.php(21): Illuminate/Pipeline/Pipeline->Illuminate/Pipeline/{closure}(Object(Illuminate/Http/Request))
#43 C:/Users/User/Downloads/wihsata final/wihsata-combined/wihsata-api/vendor/laravel/framework/src/Illuminate/Foundation/Http/Middleware/TrimStrings.php(51): Illuminate/Foundation/Http/Middleware/TransformsRequest->handle(Object(Illuminate/Http/Request), Object(Closure))
#44 C:/Users/User/Downloads/wihsata final/wihsata-combined/wihsata-api/vendor/laravel/framework/src/Illuminate/Pipeline/Pipeline.php(209): Illuminate/Foundation/Http/Middleware/TrimStrings->handle(Object(Illuminate/Http/Request), Object(Closure))
#45 C:/Users/User/Downloads/wihsata final/wihsata-combined/wihsata-api/vendor/laravel/framework/src/Illuminate/Http/Middleware/ValidatePostSize.php(27): Illuminate/Pipeline/Pipeline->Illuminate/Pipeline/{closure}(Object(Illuminate/Http/Request))
#46 C:/Users/User/Downloads/wihsata final/wihsata-combined/wihsata-api/vendor/laravel/framework/src/Illuminate/Pipeline/Pipeline.php(209): Illuminate/Http/Middleware/ValidatePostSize->handle(Object(Illuminate/Http/Request), Object(Closure))
#47 C:/Users/User/Downloads/wihsata final/wihsata-combined/wihsata-api/vendor/laravel/framework/src/Illuminate/Foundation/Http/Middleware/PreventRequestsDuringMaintenance.php(110): Illuminate/Pipeline/Pipeline->Illuminate/Pipeline/{closure}(Object(Illuminate/Http/Request))
#48 C:/Users/User/Downloads/wihsata final/wihsata-combined/wihsata-api/vendor/laravel/framework/src/Illuminate/Pipeline/Pipeline.php(209): Illuminate/Foundation/Http/Middleware/PreventRequestsDuringMaintenance->handle(Object(Illuminate/Http/Request), Object(Closure))
#49 C:/Users/User/Downloads/wihsata final/wihsata-combined/wihsata-api/vendor/laravel/framework/src/Illuminate/Http/Middleware/HandleCors.php(62): Illuminate/Pipeline/Pipeline->Illuminate/Pipeline/{closure}(Object(Illuminate/Http/Request))
#50 C:/Users/User/Downloads/wihsata final/wihsata-combined/wihsata-api/vendor/laravel/framework/src/Illuminate/Pipeline/Pipeline.php(209): Illuminate/Http/Middleware/HandleCors->handle(Object(Illuminate/Http/Request), Object(Closure))
#51 C:/Users/User/Downloads/wihsata final/wihsata-combined/wihsata-api/vendor/laravel/framework/src/Illuminate/Http/Middleware/TrustProxies.php(58): Illuminate/Pipeline/Pipeline->Illuminate/Pipeline/{closure}(Object(Illuminate/Http/Request))
#52 C:/Users/User/Downloads/wihsata final/wihsata-combined/wihsata-api/vendor/laravel/framework/src/Illuminate/Pipeline/Pipeline.php(209): Illuminate/Http/Middleware/TrustProxies->handle(Object(Illuminate/Http/Request), Object(Closure))
#53 C:/Users/User/Downloads/wihsata final/wihsata-combined/wihsata-api/vendor/laravel/framework/src/Illuminate/Foundation/Http/Middleware/InvokeDeferredCallbacks.php(22): Illuminate/Pipeline/Pipeline->Illuminate/Pipeline/{closure}(Object(Illuminate/Http/Request))
#54 C:/Users/User/Downloads/wihsata final/wihsata-combined/wihsata-api/vendor/laravel/framework/src/Illuminate/Pipeline/Pipeline.php(209): Illuminate/Foundation/Http/Middleware/InvokeDeferredCallbacks->handle(Object(Illuminate/Http/Request), Object(Closure))
#55 C:/Users/User/Downloads/wihsata final/wihsata-combined/wihsata-api/vendor/laravel/framework/src/Illuminate/Pipeline/Pipeline.php(127): Illuminate/Pipeline/Pipeline->Illuminate/Pipeline/{closure}(Object(Illuminate/Http/Request))
#56 C:/Users/User/Downloads/wihsata final/wihsata-combined/wihsata-api/vendor/laravel/framework/src/Illuminate/Foundation/Http/Kernel.php(176): Illuminate/Pipeline/Pipeline->then(Object(Closure))
#57 C:/Users/User/Downloads/wihsata final/wihsata-combined/wihsata-api/vendor/laravel/framework/src/Illuminate/Foundation/Http/Kernel.php(145): Illuminate/Foundation/Http/Kernel->sendRequestThroughRouter(Object(Illuminate/Http/Request))
#58 C:/Users/User/Downloads/wihsata final/wihsata-combined/wihsata-api/vendor/laravel/framework/src/Illuminate/Foundation/Application.php(1220): Illuminate/Foundation/Http/Kernel->handle(Object(Illuminate/Http/Request))
#59 C:/Users/User/Downloads/wihsata final/wihsata-combined/wihsata-api/public/index.php(17): Illuminate/Foundation/Application->handleRequest(Object(Illuminate/Http/Request))
#60 C:/Users/User/Downloads/wihsata final/wihsata-combined/wihsata-api/vendor/laravel/framework/src/Illuminate/Foundation/resources/server.php(23): require_once('C://Users//User//D...')
#61 {main}
"} 
[2026-08-18 05:33:26] local.ERROR: SQLSTATE[08006] [7] could not translate host name "ep-young-glade-azm0ni7w.c-3.ap-southeast-1.aws.neon.tech" to address: Unknown host (Connection: pgsql, SQL: select * from "personal_access_tokens" where "personal_access_tokens"."id" = 1 limit 1) {"exception":"[object] (Illuminate\\Database\\QueryException(code: 7): SQLSTATE[08006] [7] could not translate host name \"ep-young-glade-azm0ni7w.c-3.ap-southeast-1.aws.neon.tech\" to address: Unknown host (Connection: pgsql, SQL: select * from \"personal_access_tokens\" where \"personal_access_tokens\".\"id\" = 1 limit 1) at C:/Users/User/Downloads/wihsata final/wihsata-combined/wihsata-api/vendor/laravel/framework/src/Illuminate/Database/Connection.php:825)
[stacktrace]
#0 C:/Users/User/Downloads/wihsata final/wihsata-combined/wihsata-api/vendor/laravel/framework/src/Illuminate/Database/Connection.php(979): Illuminate/Database/Connection->runQueryCallback('select * from \"...', Array, Object(Closure))
#1 C:/Users/User/Downloads/wihsata final/wihsata-combined/wihsata-api/vendor/laravel/framework/src/Illuminate/Database/Connection.php(958): Illuminate/Database/Connection->tryAgainIfCausedByLostConnection(Object(Illuminate/Database/QueryException), 'select * from \"...', Array, Object(Closure))
#2 C:/Users/User/Downloads/wihsata final/wihsata-combined/wihsata-api/vendor/laravel/framework/src/Illuminate/Database/Connection.php(781): Illuminate/Database/Connection->handleQueryException(Object(Illuminate/Database/QueryException), 'select * from \"...', Array, Object(Closure))
#3 C:/Users/User/Downloads/wihsata final/wihsata-combined/wihsata-api/vendor/laravel/framework/src/Illuminate/Database/Connection.php(398): Illuminate/Database/Connection->run('select * from \"...', Array, Object(Closure))
#4 C:/Users/User/Downloads/wihsata final/wihsata-combined/wihsata-api/vendor/laravel/framework/src/Illuminate/Database/Query/Builder.php(3106): Illuminate/Database/Connection->select('select * from \"...', Array, true)
#5 C:/Users/User/Downloads/wihsata final/wihsata-combined/wihsata-api/vendor/laravel/framework/src/Illuminate/Database/Query/Builder.php(3091): Illuminate/Database/Query/Builder->runSelect()
#6 C:/Users/User/Downloads/wihsata final/wihsata-combined/wihsata-api/vendor/laravel/framework/src/Illuminate/Database/Query/Builder.php(3676): Illuminate/Database/Query/Builder->Illuminate/Database/Query/{closure}()
#7 C:/Users/User/Downloads/wihsata final/wihsata-combined/wihsata-api/vendor/laravel/framework/src/Illuminate/Database/Query/Builder.php(3090): Illuminate/Database/Query/Builder->onceWithColumns(Array, Object(Closure))
#8 C:/Users/User/Downloads/wihsata final/wihsata-combined/wihsata-api/vendor/laravel/framework/src/Illuminate/Database/Eloquent/Builder.php(811): Illuminate/Database/Query/Builder->get(Array)
#9 C:/Users/User/Downloads/wihsata final/wihsata-combined/wihsata-api/vendor/laravel/framework/src/Illuminate/Database/Eloquent/Builder.php(793): Illuminate/Database/Eloquent/Builder->getModels(Array)
#10 C:/Users/User/Downloads/wihsata final/wihsata-combined/wihsata-api/vendor/laravel/framework/src/Illuminate/Database/Concerns/BuildsQueries.php(343): Illuminate/Database/Eloquent/Builder->get(Array)
#11 C:/Users/User/Downloads/wihsata final/wihsata-combined/wihsata-api/vendor/laravel/framework/src/Illuminate/Database/Eloquent/Builder.php(477): Illuminate/Database/Eloquent/Builder->first(Array)
#12 C:/Users/User/Downloads/wihsata final/wihsata-combined/wihsata-api/vendor/laravel/framework/src/Illuminate/Support/Traits/ForwardsCalls.php(23): Illuminate/Database/Eloquent/Builder->find('1')
#13 C:/Users/User/Downloads/wihsata final/wihsata-combined/wihsata-api/vendor/laravel/framework/src/Illuminate/Database/Eloquent/Model.php(2372): Illuminate/Database/Eloquent/Model->forwardCallTo(Object(Illuminate/Database/Eloquent/Builder), 'find', Array)
#14 C:/Users/User/Downloads/wihsata final/wihsata-combined/wihsata-api/vendor/laravel/framework/src/Illuminate/Database/Eloquent/Model.php(2384): Illuminate/Database/Eloquent/Model->__call('find', Array)
#15 C:/Users/User/Downloads/wihsata final/wihsata-combined/wihsata-api/vendor/laravel/sanctum/src/PersonalAccessToken.php(66): Illuminate/Database/Eloquent/Model::__callStatic('find', Array)
#16 C:/Users/User/Downloads/wihsata final/wihsata-combined/wihsata-api/vendor/laravel/sanctum/src/Guard.php(43): Laravel/Sanctum/PersonalAccessToken::findToken('ng4GobHtHkht0rH...')
#17 [internal function]: Laravel/Sanctum/Guard->__invoke(Object(Illuminate/Http/Request), Object(Illuminate/Auth/EloquentUserProvider))
#18 C:/Users/User/Downloads/wihsata final/wihsata-combined/wihsata-api/vendor/laravel/framework/src/Illuminate/Auth/RequestGuard.php(57): call_user_func(Object(Laravel/Sanctum/Guard), Object(Illuminate/Http/Request), Object(Illuminate/Auth/EloquentUserProvider))
#19 C:/Users/User/Downloads/wihsata final/wihsata-combined/wihsata-api/vendor/laravel/framework/src/Illuminate/Auth/GuardHelpers.php(56): Illuminate/Auth/RequestGuard->user()
#20 C:/Users/User/Downloads/wihsata final/wihsata-combined/wihsata-api/vendor/laravel/framework/src/Illuminate/Auth/Middleware/Authenticate.php(83): Illuminate/Auth/RequestGuard->check()
#21 C:/Users/User/Downloads/wihsata final/wihsata-combined/wihsata-api/vendor/laravel/framework/src/Illuminate/Auth/Middleware/Authenticate.php(62): Illuminate/Auth/Middleware/Authenticate->authenticate(Object(Illuminate/Http/Request), Array)
#22 C:/Users/User/Downloads/wihsata final/wihsata-combined/wihsata-api/vendor/laravel/framework/src/Illuminate/Pipeline/Pipeline.php(209): Illuminate/Auth/Middleware/Authenticate->handle(Object(Illuminate/Http/Request), Object(Closure), 'sanctum')
#23 C:/Users/User/Downloads/wihsata final/wihsata-combined/wihsata-api/vendor/laravel/framework/src/Illuminate/Http/Middleware/HandleCors.php(62): Illuminate/Pipeline/Pipeline->Illuminate/Pipeline/{closure}(Object(Illuminate/Http/Request))
#24 C:/Users/User/Downloads/wihsata final/wihsata-combined/wihsata-api/vendor/laravel/framework/src/Illuminate/Pipeline/Pipeline.php(209): Illuminate/Http/Middleware/HandleCors->handle(Object(Illuminate/Http/Request), Object(Closure))
#25 C:/Users/User/Downloads/wihsata final/wihsata-combined/wihsata-api/vendor/laravel/framework/src/Illuminate/Pipeline/Pipeline.php(127): Illuminate/Pipeline/Pipeline->Illuminate/Pipeline/{closure}(Object(Illuminate/Http/Request))
#26 C:/Users/User/Downloads/wihsata final/wihsata-combined/wihsata-api/vendor/laravel/framework/src/Illuminate/Routing/Router.php(807): Illuminate/Pipeline/Pipeline->then(Object(Closure))
#27 C:/Users/User/Downloads/wihsata final/wihsata-combined/wihsata-api/vendor/laravel/framework/src/Illuminate/Routing/Router.php(786): Illuminate/Routing/Router->runRouteWithinStack(Object(Illuminate/Routing/Route), Object(Illuminate/Http/Request))
#28 C:/Users/User/Downloads/wihsata final/wihsata-combined/wihsata-api/vendor/laravel/framework/src/Illuminate/Routing/Router.php(750): Illuminate/Routing/Router->runRoute(Object(Illuminate/Http/Request), Object(Illuminate/Routing/Route))
#29 C:/Users/User/Downloads/wihsata final/wihsata-combined/wihsata-api/vendor/laravel/framework/src/Illuminate/Routing/Router.php(739): Illuminate/Routing/Router->dispatchToRoute(Object(Illuminate/Http/Request))
#30 C:/Users/User/Downloads/wihsata final/wihsata-combined/wihsata-api/vendor/laravel/framework/src/Illuminate/Foundation/Http/Kernel.php(201): Illuminate/Routing/Router->dispatch(Object(Illuminate/Http/Request))
#31 C:/Users/User/Downloads/wihsata final/wihsata-combined/wihsata-api/vendor/laravel/framework/src/Illuminate/Pipeline/Pipeline.php(170): Illuminate/Foundation/Http/Kernel->Illuminate/Foundation/Http/{closure}(Object(Illuminate/Http/Request))
#32 C:/Users/User/Downloads/wihsata final/wihsata-combined/wihsata-api/vendor/laravel/framework/src/Illuminate/Foundation/Http/Middleware/TransformsRequest.php(21): Illuminate/Pipeline/Pipeline->Illuminate/Pipeline/{closure}(Object(Illuminate/Http/Request))
#33 C:/Users/User/Downloads/wihsata final/wihsata-combined/wihsata-api/vendor/laravel/framework/src/Illuminate/Foundation/Http/Middleware/ConvertEmptyStringsToNull.php(31): Illuminate/Foundation/Http/Middleware/TransformsRequest->handle(Object(Illuminate/Http/Request), Object(Closure))
#34 C:/Users/User/Downloads/wihsata final/wihsata-combined/wihsata-api/vendor/laravel/framework/src/Illuminate/Pipeline/Pipeline.php(209): Illuminate/Foundation/Http/Middleware/ConvertEmptyStringsToNull->handle(Object(Illuminate/Http/Request), Object(Closure))
#35 C:/Users/User/Downloads/wihsata final/wihsata-combined/wihsata-api/vendor/laravel/framework/src/Illuminate/Foundation/Http/Middleware/TransformsRequest.php(21): Illuminate/Pipeline/Pipeline->Illuminate/Pipeline/{closure}(Object(Illuminate/Http/Request))
#36 C:/Users/User/Downloads/wihsata final/wihsata-combined/wihsata-api/vendor/laravel/framework/src/Illuminate/Foundation/Http/Middleware/TrimStrings.php(51): Illuminate/Foundation/Http/Middleware/TransformsRequest->handle(Object(Illuminate/Http/Request), Object(Closure))
#37 C:/Users/User/Downloads/wihsata final/wihsata-combined/wihsata-api/vendor/laravel/framework/src/Illuminate/Pipeline/Pipeline.php(209): Illuminate/Foundation/Http/Middleware/TrimStrings->handle(Object(Illuminate/Http/Request), Object(Closure))
#38 C:/Users/User/Downloads/wihsata final/wihsata-combined/wihsata-api/vendor/laravel/framework/src/Illuminate/Http/Middleware/ValidatePostSize.php(27): Illuminate/Pipeline/Pipeline->Illuminate/Pipeline/{closure}(Object(Illuminate/Http/Request))
#39 C:/Users/User/Downloads/wihsata final/wihsata-combined/wihsata-api/vendor/laravel/framework/src/Illuminate/Pipeline/Pipeline.php(209): Illuminate/Http/Middleware/ValidatePostSize->handle(Object(Illuminate/Http/Request), Object(Closure))
#40 C:/Users/User/Downloads/wihsata final/wihsata-combined/wihsata-api/vendor/laravel/framework/src/Illuminate/Foundation/Http/Middleware/PreventRequestsDuringMaintenance.php(110): Illuminate/Pipeline/Pipeline->Illuminate/Pipeline/{closure}(Object(Illuminate/Http/Request))
#41 C:/Users/User/Downloads/wihsata final/wihsata-combined/wihsata-api/vendor/laravel/framework/src/Illuminate/Pipeline/Pipeline.php(209): Illuminate/Foundation/Http/Middleware/PreventRequestsDuringMaintenance->handle(Object(Illuminate/Http/Request), Object(Closure))
#42 C:/Users/User/Downloads/wihsata final/wihsata-combined/wihsata-api/vendor/laravel/framework/src/Illuminate/Http/Middleware/HandleCors.php(62): Illuminate/Pipeline/Pipeline->Illuminate/Pipeline/{closure}(Object(Illuminate/Http/Request))
#43 C:/Users/User/Downloads/wihsata final/wihsata-combined/wihsata-api/vendor/laravel/framework/src/Illuminate/Pipeline/Pipeline.php(209): Illuminate/Http/Middleware/HandleCors->handle(Object(Illuminate/Http/Request), Object(Closure))
#44 C:/Users/User/Downloads/wihsata final/wihsata-combined/wihsata-api/vendor/laravel/framework/src/Illuminate/Http/Middleware/TrustProxies.php(58): Illuminate/Pipeline/Pipeline->Illuminate/Pipeline/{closure}(Object(Illuminate/Http/Request))
#45 C:/Users/User/Downloads/wihsata final/wihsata-combined/wihsata-api/vendor/laravel/framework/src/Illuminate/Pipeline/Pipeline.php(209): Illuminate/Http/Middleware/TrustProxies->handle(Object(Illuminate/Http/Request), Object(Closure))
#46 C:/Users/User/Downloads/wihsata final/wihsata-combined/wihsata-api/vendor/laravel/framework/src/Illuminate/Foundation/Http/Middleware/InvokeDeferredCallbacks.php(22): Illuminate/Pipeline/Pipeline->Illuminate/Pipeline/{closure}(Object(Illuminate/Http/Request))
#47 C:/Users/User/Downloads/wihsata final/wihsata-combined/wihsata-api/vendor/laravel/framework/src/Illuminate/Pipeline/Pipeline.php(209): Illuminate/Foundation/Http/Middleware/InvokeDeferredCallbacks->handle(Object(Illuminate/Http/Request), Object(Closure))
#48 C:/Users/User/Downloads/wihsata final/wihsata-combined/wihsata-api/vendor/laravel/framework/src/Illuminate/Pipeline/Pipeline.php(127): Illuminate/Pipeline/Pipeline->Illuminate/Pipeline/{closure}(Object(Illuminate/Http/Request))
#49 C:/Users/User/Downloads/wihsata final/wihsata-combined/wihsata-api/vendor/laravel/framework/src/Illuminate/Foundation/Http/Kernel.php(176): Illuminate/Pipeline/Pipeline->then(Object(Closure))
#50 C:/Users/User/Downloads/wihsata final/wihsata-combined/wihsata-api/vendor/laravel/framework/src/Illuminate/Foundation/Http/Kernel.php(145): Illuminate/Foundation/Http/Kernel->sendRequestThroughRouter(Object(Illuminate/Http/Request))
#51 C:/Users/User/Downloads/wihsata final/wihsata-combined/wihsata-api/vendor/laravel/framework/src/Illuminate/Foundation/Application.php(1220): Illuminate/Foundation/Http/Kernel->handle(Object(Illuminate/Http/Request))
#52 C:/Users/User/Downloads/wihsata final/wihsata-combined/wihsata-api/public/index.php(17): Illuminate/Foundation/Application->handleRequest(Object(Illuminate/Http/Request))
#53 C:/Users/User/Downloads/wihsata final/wihsata-combined/wihsata-api/vendor/laravel/framework/src/Illuminate/Foundation/resources/server.php(23): require_once('C://Users//User//D...')
#54 {main}

[previous exception] [object] (PDOException(code: 7): SQLSTATE[08006] [7] could not translate host name \"ep-young-glade-azm0ni7w.c-3.ap-southeast-1.aws.neon.tech\" to address: Unknown host at C:/Users/User/Downloads/wihsata final/wihsata-combined/wihsata-api/vendor/laravel/framework/src/Illuminate/Database/Connectors/Connector.php:66)
[stacktrace]
#0 C:/Users/User/Downloads/wihsata final/wihsata-combined/wihsata-api/vendor/laravel/framework/src/Illuminate/Database/Connectors/Connector.php(66): PDO->__construct('pgsql:host=ep-y...', 'neondb_owner', Object(SensitiveParameterValue), Array)
#1 C:/Users/User/Downloads/wihsata final/wihsata-combined/wihsata-api/vendor/laravel/framework/src/Illuminate/Database/Connectors/Connector.php(85): Illuminate/Database/Connectors/Connector->createPdoConnection('pgsql:host=ep-y...', 'neondb_owner', Object(SensitiveParameterValue), Array)
#2 C:/Users/User/Downloads/wihsata final/wihsata-combined/wihsata-api/vendor/laravel/framework/src/Illuminate/Database/Connectors/Connector.php(48): Illuminate/Database/Connectors/Connector->tryAgainIfCausedByLostConnection(Object(PDOException), 'pgsql:host=ep-y...', 'neondb_owner', Object(SensitiveParameterValue), Array)
#3 C:/Users/User/Downloads/wihsata final/wihsata-combined/wihsata-api/vendor/laravel/framework/src/Illuminate/Database/Connectors/PostgresConnector.php(35): Illuminate/Database/Connectors/Connector->createConnection('pgsql:host=ep-y...', Array, Array)
#4 C:/Users/User/Downloads/wihsata final/wihsata-combined/wihsata-api/vendor/laravel/framework/src/Illuminate/Database/Connectors/ConnectionFactory.php(185): Illuminate/Database/Connectors/PostgresConnector->connect(Array)
#5 [internal function]: Illuminate/Database/Connectors/ConnectionFactory->Illuminate/Database/Connectors/{closure}()
#6 C:/Users/User/Downloads/wihsata final/wihsata-combined/wihsata-api/vendor/laravel/framework/src/Illuminate/Database/Connection.php(1231): call_user_func(Object(Closure))
#7 C:/Users/User/Downloads/wihsata final/wihsata-combined/wihsata-api/vendor/laravel/framework/src/Illuminate/Database/Connection.php(1267): Illuminate/Database/Connection->getPdo()
#8 C:/Users/User/Downloads/wihsata final/wihsata-combined/wihsata-api/vendor/laravel/framework/src/Illuminate/Database/Connection.php(512): Illuminate/Database/Connection->getReadPdo()
#9 C:/Users/User/Downloads/wihsata final/wihsata-combined/wihsata-api/vendor/laravel/framework/src/Illuminate/Database/Connection.php(407): Illuminate/Database/Connection->getPdoForSelect(true)
#10 C:/Users/User/Downloads/wihsata final/wihsata-combined/wihsata-api/vendor/laravel/framework/src/Illuminate/Database/Connection.php(812): Illuminate/Database/Connection->Illuminate/Database/{closure}('select * from \"...', Array)
#11 C:/Users/User/Downloads/wihsata final/wihsata-combined/wihsata-api/vendor/laravel/framework/src/Illuminate/Database/Connection.php(979): Illuminate/Database/Connection->runQueryCallback('select * from \"...', Array, Object(Closure))
#12 C:/Users/User/Downloads/wihsata final/wihsata-combined/wihsata-api/vendor/laravel/framework/src/Illuminate/Database/Connection.php(958): Illuminate/Database/Connection->tryAgainIfCausedByLostConnection(Object(Illuminate/Database/QueryException), 'select * from \"...', Array, Object(Closure))
#13 C:/Users/User/Downloads/wihsata final/wihsata-combined/wihsata-api/vendor/laravel/framework/src/Illuminate/Database/Connection.php(781): Illuminate/Database/Connection->handleQueryException(Object(Illuminate/Database/QueryException), 'select * from \"...', Array, Object(Closure))
#14 C:/Users/User/Downloads/wihsata final/wihsata-combined/wihsata-api/vendor/laravel/framework/src/Illuminate/Database/Connection.php(398): Illuminate/Database/Connection->run('select * from \"...', Array, Object(Closure))
#15 C:/Users/User/Downloads/wihsata final/wihsata-combined/wihsata-api/vendor/laravel/framework/src/Illuminate/Database/Query/Builder.php(3106): Illuminate/Database/Connection->select('select * from \"...', Array, true)
#16 C:/Users/User/Downloads/wihsata final/wihsata-combined/wihsata-api/vendor/laravel/framework/src/Illuminate/Database/Query/Builder.php(3091): Illuminate/Database/Query/Builder->runSelect()
#17 C:/Users/User/Downloads/wihsata final/wihsata-combined/wihsata-api/vendor/laravel/framework/src/Illuminate/Database/Query/Builder.php(3676): Illuminate/Database/Query/Builder->Illuminate/Database/Query/{closure}()
#18 C:/Users/User/Downloads/wihsata final/wihsata-combined/wihsata-api/vendor/laravel/framework/src/Illuminate/Database/Query/Builder.php(3090): Illuminate/Database/Query/Builder->onceWithColumns(Array, Object(Closure))
#19 C:/Users/User/Downloads/wihsata final/wihsata-combined/wihsata-api/vendor/laravel/framework/src/Illuminate/Database/Eloquent/Builder.php(811): Illuminate/Database/Query/Builder->get(Array)
#20 C:/Users/User/Downloads/wihsata final/wihsata-combined/wihsata-api/vendor/laravel/framework/src/Illuminate/Database/Eloquent/Builder.php(793): Illuminate/Database/Eloquent/Builder->getModels(Array)
#21 C:/Users/User/Downloads/wihsata final/wihsata-combined/wihsata-api/vendor/laravel/framework/src/Illuminate/Database/Concerns/BuildsQueries.php(343): Illuminate/Database/Eloquent/Builder->get(Array)
#22 C:/Users/User/Downloads/wihsata final/wihsata-combined/wihsata-api/vendor/laravel/framework/src/Illuminate/Database/Eloquent/Builder.php(477): Illuminate/Database/Eloquent/Builder->first(Array)
#23 C:/Users/User/Downloads/wihsata final/wihsata-combined/wihsata-api/vendor/laravel/framework/src/Illuminate/Support/Traits/ForwardsCalls.php(23): Illuminate/Database/Eloquent/Builder->find('1')
#24 C:/Users/User/Downloads/wihsata final/wihsata-combined/wihsata-api/vendor/laravel/framework/src/Illuminate/Database/Eloquent/Model.php(2372): Illuminate/Database/Eloquent/Model->forwardCallTo(Object(Illuminate/Database/Eloquent/Builder), 'find', Array)
#25 C:/Users/User/Downloads/wihsata final/wihsata-combined/wihsata-api/vendor/laravel/framework/src/Illuminate/Database/Eloquent/Model.php(2384): Illuminate/Database/Eloquent/Model->__call('find', Array)
#26 C:/Users/User/Downloads/wihsata final/wihsata-combined/wihsata-api/vendor/laravel/sanctum/src/PersonalAccessToken.php(66): Illuminate/Database/Eloquent/Model::__callStatic('find', Array)
#27 C:/Users/User/Downloads/wihsata final/wihsata-combined/wihsata-api/vendor/laravel/sanctum/src/Guard.php(43): Laravel/Sanctum/PersonalAccessToken::findToken('ng4GobHtHkht0rH...')
#28 [internal function]: Laravel/Sanctum/Guard->__invoke(Object(Illuminate/Http/Request), Object(Illuminate/Auth/EloquentUserProvider))
#29 C:/Users/User/Downloads/wihsata final/wihsata-combined/wihsata-api/vendor/laravel/framework/src/Illuminate/Auth/RequestGuard.php(57): call_user_func(Object(Laravel/Sanctum/Guard), Object(Illuminate/Http/Request), Object(Illuminate/Auth/EloquentUserProvider))
#30 C:/Users/User/Downloads/wihsata final/wihsata-combined/wihsata-api/vendor/laravel/framework/src/Illuminate/Auth/GuardHelpers.php(56): Illuminate/Auth/RequestGuard->user()
#31 C:/Users/User/Downloads/wihsata final/wihsata-combined/wihsata-api/vendor/laravel/framework/src/Illuminate/Auth/Middleware/Authenticate.php(83): Illuminate/Auth/RequestGuard->check()
#32 C:/Users/User/Downloads/wihsata final/wihsata-combined/wihsata-api/vendor/laravel/framework/src/Illuminate/Auth/Middleware/Authenticate.php(62): Illuminate/Auth/Middleware/Authenticate->authenticate(Object(Illuminate/Http/Request), Array)
#33 C:/Users/User/Downloads/wihsata final/wihsata-combined/wihsata-api/vendor/laravel/framework/src/Illuminate/Pipeline/Pipeline.php(209): Illuminate/Auth/Middleware/Authenticate->handle(Object(Illuminate/Http/Request), Object(Closure), 'sanctum')
#34 C:/Users/User/Downloads/wihsata final/wihsata-combined/wihsata-api/vendor/laravel/framework/src/Illuminate/Http/Middleware/HandleCors.php(62): Illuminate/Pipeline/Pipeline->Illuminate/Pipeline/{closure}(Object(Illuminate/Http/Request))
#35 C:/Users/User/Downloads/wihsata final/wihsata-combined/wihsata-api/vendor/laravel/framework/src/Illuminate/Pipeline/Pipeline.php(209): Illuminate/Http/Middleware/HandleCors->handle(Object(Illuminate/Http/Request), Object(Closure))
#36 C:/Users/User/Downloads/wihsata final/wihsata-combined/wihsata-api/vendor/laravel/framework/src/Illuminate/Pipeline/Pipeline.php(127): Illuminate/Pipeline/Pipeline->Illuminate/Pipeline/{closure}(Object(Illuminate/Http/Request))
#37 C:/Users/User/Downloads/wihsata final/wihsata-combined/wihsata-api/vendor/laravel/framework/src/Illuminate/Routing/Router.php(807): Illuminate/Pipeline/Pipeline->then(Object(Closure))
#38 C:/Users/User/Downloads/wihsata final/wihsata-combined/wihsata-api/vendor/laravel/framework/src/Illuminate/Routing/Router.php(786): Illuminate/Routing/Router->runRouteWithinStack(Object(Illuminate/Routing/Route), Object(Illuminate/Http/Request))
#39 C:/Users/User/Downloads/wihsata final/wihsata-combined/wihsata-api/vendor/laravel/framework/src/Illuminate/Routing/Router.php(750): Illuminate/Routing/Router->runRoute(Object(Illuminate/Http/Request), Object(Illuminate/Routing/Route))
#40 C:/Users/User/Downloads/wihsata final/wihsata-combined/wihsata-api/vendor/laravel/framework/src/Illuminate/Routing/Router.php(739): Illuminate/Routing/Router->dispatchToRoute(Object(Illuminate/Http/Request))
#41 C:/Users/User/Downloads/wihsata final/wihsata-combined/wihsata-api/vendor/laravel/framework/src/Illuminate/Foundation/Http/Kernel.php(201): Illuminate/Routing/Router->dispatch(Object(Illuminate/Http/Request))
#42 C:/Users/User/Downloads/wihsata final/wihsata-combined/wihsata-api/vendor/laravel/framework/src/Illuminate/Pipeline/Pipeline.php(170): Illuminate/Foundation/Http/Kernel->Illuminate/Foundation/Http/{closure}(Object(Illuminate/Http/Request))
#43 C:/Users/User/Downloads/wihsata final/wihsata-combined/wihsata-api/vendor/laravel/framework/src/Illuminate/Foundation/Http/Middleware/TransformsRequest.php(21): Illuminate/Pipeline/Pipeline->Illuminate/Pipeline/{closure}(Object(Illuminate/Http/Request))
#44 C:/Users/User/Downloads/wihsata final/wihsata-combined/wihsata-api/vendor/laravel/framework/src/Illuminate/Foundation/Http/Middleware/ConvertEmptyStringsToNull.php(31): Illuminate/Foundation/Http/Middleware/TransformsRequest->handle(Object(Illuminate/Http/Request), Object(Closure))
#45 C:/Users/User/Downloads/wihsata final/wihsata-combined/wihsata-api/vendor/laravel/framework/src/Illuminate/Pipeline/Pipeline.php(209): Illuminate/Foundation/Http/Middleware/ConvertEmptyStringsToNull->handle(Object(Illuminate/Http/Request), Object(Closure))
#46 C:/Users/User/Downloads/wihsata final/wihsata-combined/wihsata-api/vendor/laravel/framework/src/Illuminate/Foundation/Http/Middleware/TransformsRequest.php(21): Illuminate/Pipeline/Pipeline->Illuminate/Pipeline/{closure}(Object(Illuminate/Http/Request))
#47 C:/Users/User/Downloads/wihsata final/wihsata-combined/wihsata-api/vendor/laravel/framework/src/Illuminate/Foundation/Http/Middleware/TrimStrings.php(51): Illuminate/Foundation/Http/Middleware/TransformsRequest->handle(Object(Illuminate/Http/Request), Object(Closure))
#48 C:/Users/User/Downloads/wihsata final/wihsata-combined/wihsata-api/vendor/laravel/framework/src/Illuminate/Pipeline/Pipeline.php(209): Illuminate/Foundation/Http/Middleware/TrimStrings->handle(Object(Illuminate/Http/Request), Object(Closure))
#49 C:/Users/User/Downloads/wihsata final/wihsata-combined/wihsata-api/vendor/laravel/framework/src/Illuminate/Http/Middleware/ValidatePostSize.php(27): Illuminate/Pipeline/Pipeline->Illuminate/Pipeline/{closure}(Object(Illuminate/Http/Request))
#50 C:/Users/User/Downloads/wihsata final/wihsata-combined/wihsata-api/vendor/laravel/framework/src/Illuminate/Pipeline/Pipeline.php(209): Illuminate/Http/Middleware/ValidatePostSize->handle(Object(Illuminate/Http/Request), Object(Closure))
#51 C:/Users/User/Downloads/wihsata final/wihsata-combined/wihsata-api/vendor/laravel/framework/src/Illuminate/Foundation/Http/Middleware/PreventRequestsDuringMaintenance.php(110): Illuminate/Pipeline/Pipeline->Illuminate/Pipeline/{closure}(Object(Illuminate/Http/Request))
#52 C:/Users/User/Downloads/wihsata final/wihsata-combined/wihsata-api/vendor/laravel/framework/src/Illuminate/Pipeline/Pipeline.php(209): Illuminate/Foundation/Http/Middleware/PreventRequestsDuringMaintenance->handle(Object(Illuminate/Http/Request), Object(Closure))
#53 C:/Users/User/Downloads/wihsata final/wihsata-combined/wihsata-api/vendor/laravel/framework/src/Illuminate/Http/Middleware/HandleCors.php(62): Illuminate/Pipeline/Pipeline->Illuminate/Pipeline/{closure}(Object(Illuminate/Http/Request))
#54 C:/Users/User/Downloads/wihsata final/wihsata-combined/wihsata-api/vendor/laravel/framework/src/Illuminate/Pipeline/Pipeline.php(209): Illuminate/Http/Middleware/HandleCors->handle(Object(Illuminate/Http/Request), Object(Closure))
#55 C:/Users/User/Downloads/wihsata final/wihsata-combined/wihsata-api/vendor/laravel/framework/src/Illuminate/Http/Middleware/TrustProxies.php(58): Illuminate/Pipeline/Pipeline->Illuminate/Pipeline/{closure}(Object(Illuminate/Http/Request))
#56 C:/Users/User/Downloads/wihsata final/wihsata-combined/wihsata-api/vendor/laravel/framework/src/Illuminate/Pipeline/Pipeline.php(209): Illuminate/Http/Middleware/TrustProxies->handle(Object(Illuminate/Http/Request), Object(Closure))
#57 C:/Users/User/Downloads/wihsata final/wihsata-combined/wihsata-api/vendor/laravel/framework/src/Illuminate/Foundation/Http/Middleware/InvokeDeferredCallbacks.php(22): Illuminate/Pipeline/Pipeline->Illuminate/Pipeline/{closure}(Object(Illuminate/Http/Request))
#58 C:/Users/User/Downloads/wihsata final/wihsata-combined/wihsata-api/vendor/laravel/framework/src/Illuminate/Pipeline/Pipeline.php(209): Illuminate/Foundation/Http/Middleware/InvokeDeferredCallbacks->handle(Object(Illuminate/Http/Request), Object(Closure))
#59 C:/Users/User/Downloads/wihsata final/wihsata-combined/wihsata-api/vendor/laravel/framework/src/Illuminate/Pipeline/Pipeline.php(127): Illuminate/Pipeline/Pipeline->Illuminate/Pipeline/{closure}(Object(Illuminate/Http/Request))
#60 C:/Users/User/Downloads/wihsata final/wihsata-combined/wihsata-api/vendor/laravel/framework/src/Illuminate/Foundation/Http/Kernel.php(176): Illuminate/Pipeline/Pipeline->then(Object(Closure))
#61 C:/Users/User/Downloads/wihsata final/wihsata-combined/wihsata-api/vendor/laravel/framework/src/Illuminate/Foundation/Http/Kernel.php(145): Illuminate/Foundation/Http/Kernel->sendRequestThroughRouter(Object(Illuminate/Http/Request))
#62 C:/Users/User/Downloads/wihsata final/wihsata-combined/wihsata-api/vendor/laravel/framework/src/Illuminate/Foundation/Application.php(1220): Illuminate/Foundation/Http/Kernel->handle(Object(Illuminate/Http/Request))
#63 C:/Users/User/Downloads/wihsata final/wihsata-combined/wihsata-api/public/index.php(17): Illuminate/Foundation/Application->handleRequest(Object(Illuminate/Http/Request))
#64 C:/Users/User/Downloads/wihsata final/wihsata-combined/wihsata-api/vendor/laravel/framework/src/Illuminate/Foundation/resources/server.php(23): require_once('C://Users//User//D...')
#65 {main}
"} 
[2026-08-18 05:33:26] local.ERROR: SQLSTATE[08006] [7] could not translate host name "ep-young-glade-azm0ni7w.c-3.ap-southeast-1.aws.neon.tech" to address: Unknown host (Connection: pgsql, SQL: select * from "personal_access_tokens" where "personal_access_tokens"."id" = 1 limit 1) {"exception":"[object] (Illuminate\\Database\\QueryException(code: 7): SQLSTATE[08006] [7] could not translate host name \"ep-young-glade-azm0ni7w.c-3.ap-southeast-1.aws.neon.tech\" to address: Unknown host (Connection: pgsql, SQL: select * from \"personal_access_tokens\" where \"personal_access_tokens\".\"id\" = 1 limit 1) at C:/Users/User/Downloads/wihsata final/wihsata-combined/wihsata-api/vendor/laravel/framework/src/Illuminate/Database/Connection.php:825)
[stacktrace]
#0 C:/Users/User/Downloads/wihsata final/wihsata-combined/wihsata-api/vendor/laravel/framework/src/Illuminate/Database/Connection.php(979): Illuminate/Database/Connection->runQueryCallback('select * from \"...', Array, Object(Closure))
#1 C:/Users/User/Downloads/wihsata final/wihsata-combined/wihsata-api/vendor/laravel/framework/src/Illuminate/Database/Connection.php(958): Illuminate/Database/Connection->tryAgainIfCausedByLostConnection(Object(Illuminate/Database/QueryException), 'select * from \"...', Array, Object(Closure))
#2 C:/Users/User/Downloads/wihsata final/wihsata-combined/wihsata-api/vendor/laravel/framework/src/Illuminate/Database/Connection.php(781): Illuminate/Database/Connection->handleQueryException(Object(Illuminate/Database/QueryException), 'select * from \"...', Array, Object(Closure))
#3 C:/Users/User/Downloads/wihsata final/wihsata-combined/wihsata-api/vendor/laravel/framework/src/Illuminate/Database/Connection.php(398): Illuminate/Database/Connection->run('select * from \"...', Array, Object(Closure))
#4 C:/Users/User/Downloads/wihsata final/wihsata-combined/wihsata-api/vendor/laravel/framework/src/Illuminate/Database/Query/Builder.php(3106): Illuminate/Database/Connection->select('select * from \"...', Array, true)
#5 C:/Users/User/Downloads/wihsata final/wihsata-combined/wihsata-api/vendor/laravel/framework/src/Illuminate/Database/Query/Builder.php(3091): Illuminate/Database/Query/Builder->runSelect()
#6 C:/Users/User/Downloads/wihsata final/wihsata-combined/wihsata-api/vendor/laravel/framework/src/Illuminate/Database/Query/Builder.php(3676): Illuminate/Database/Query/Builder->Illuminate/Database/Query/{closure}()
#7 C:/Users/User/Downloads/wihsata final/wihsata-combined/wihsata-api/vendor/laravel/framework/src/Illuminate/Database/Query/Builder.php(3090): Illuminate/Database/Query/Builder->onceWithColumns(Array, Object(Closure))
#8 C:/Users/User/Downloads/wihsata final/wihsata-combined/wihsata-api/vendor/laravel/framework/src/Illuminate/Database/Eloquent/Builder.php(811): Illuminate/Database/Query/Builder->get(Array)
#9 C:/Users/User/Downloads/wihsata final/wihsata-combined/wihsata-api/vendor/laravel/framework/src/Illuminate/Database/Eloquent/Builder.php(793): Illuminate/Database/Eloquent/Builder->getModels(Array)
#10 C:/Users/User/Downloads/wihsata final/wihsata-combined/wihsata-api/vendor/laravel/framework/src/Illuminate/Database/Concerns/BuildsQueries.php(343): Illuminate/Database/Eloquent/Builder->get(Array)
#11 C:/Users/User/Downloads/wihsata final/wihsata-combined/wihsata-api/vendor/laravel/framework/src/Illuminate/Database/Eloquent/Builder.php(477): Illuminate/Database/Eloquent/Builder->first(Array)
#12 C:/Users/User/Downloads/wihsata final/wihsata-combined/wihsata-api/vendor/laravel/framework/src/Illuminate/Support/Traits/ForwardsCalls.php(23): Illuminate/Database/Eloquent/Builder->find('1')
#13 C:/Users/User/Downloads/wihsata final/wihsata-combined/wihsata-api/vendor/laravel/framework/src/Illuminate/Database/Eloquent/Model.php(2372): Illuminate/Database/Eloquent/Model->forwardCallTo(Object(Illuminate/Database/Eloquent/Builder), 'find', Array)
#14 C:/Users/User/Downloads/wihsata final/wihsata-combined/wihsata-api/vendor/laravel/framework/src/Illuminate/Database/Eloquent/Model.php(2384): Illuminate/Database/Eloquent/Model->__call('find', Array)
#15 C:/Users/User/Downloads/wihsata final/wihsata-combined/wihsata-api/vendor/laravel/sanctum/src/PersonalAccessToken.php(66): Illuminate/Database/Eloquent/Model::__callStatic('find', Array)
#16 C:/Users/User/Downloads/wihsata final/wihsata-combined/wihsata-api/vendor/laravel/sanctum/src/Guard.php(43): Laravel/Sanctum/PersonalAccessToken::findToken('ng4GobHtHkht0rH...')
#17 [internal function]: Laravel/Sanctum/Guard->__invoke(Object(Illuminate/Http/Request), Object(Illuminate/Auth/EloquentUserProvider))
#18 C:/Users/User/Downloads/wihsata final/wihsata-combined/wihsata-api/vendor/laravel/framework/src/Illuminate/Auth/RequestGuard.php(57): call_user_func(Object(Laravel/Sanctum/Guard), Object(Illuminate/Http/Request), Object(Illuminate/Auth/EloquentUserProvider))
#19 C:/Users/User/Downloads/wihsata final/wihsata-combined/wihsata-api/vendor/laravel/framework/src/Illuminate/Auth/GuardHelpers.php(56): Illuminate/Auth/RequestGuard->user()
#20 C:/Users/User/Downloads/wihsata final/wihsata-combined/wihsata-api/vendor/laravel/framework/src/Illuminate/Auth/Middleware/Authenticate.php(83): Illuminate/Auth/RequestGuard->check()
#21 C:/Users/User/Downloads/wihsata final/wihsata-combined/wihsata-api/vendor/laravel/framework/src/Illuminate/Auth/Middleware/Authenticate.php(62): Illuminate/Auth/Middleware/Authenticate->authenticate(Object(Illuminate/Http/Request), Array)
#22 C:/Users/User/Downloads/wihsata final/wihsata-combined/wihsata-api/vendor/laravel/framework/src/Illuminate/Pipeline/Pipeline.php(209): Illuminate/Auth/Middleware/Authenticate->handle(Object(Illuminate/Http/Request), Object(Closure), 'sanctum')
#23 C:/Users/User/Downloads/wihsata final/wihsata-combined/wihsata-api/vendor/laravel/framework/src/Illuminate/Http/Middleware/HandleCors.php(62): Illuminate/Pipeline/Pipeline->Illuminate/Pipeline/{closure}(Object(Illuminate/Http/Request))
#24 C:/Users/User/Downloads/wihsata final/wihsata-combined/wihsata-api/vendor/laravel/framework/src/Illuminate/Pipeline/Pipeline.php(209): Illuminate/Http/Middleware/HandleCors->handle(Object(Illuminate/Http/Request), Object(Closure))
#25 C:/Users/User/Downloads/wihsata final/wihsata-combined/wihsata-api/vendor/laravel/framework/src/Illuminate/Pipeline/Pipeline.php(127): Illuminate/Pipeline/Pipeline->Illuminate/Pipeline/{closure}(Object(Illuminate/Http/Request))
#26 C:/Users/User/Downloads/wihsata final/wihsata-combined/wihsata-api/vendor/laravel/framework/src/Illuminate/Routing/Router.php(807): Illuminate/Pipeline/Pipeline->then(Object(Closure))
#27 C:/Users/User/Downloads/wihsata final/wihsata-combined/wihsata-api/vendor/laravel/framework/src/Illuminate/Routing/Router.php(786): Illuminate/Routing/Router->runRouteWithinStack(Object(Illuminate/Routing/Route), Object(Illuminate/Http/Request))
#28 C:/Users/User/Downloads/wihsata final/wihsata-combined/wihsata-api/vendor/laravel/framework/src/Illuminate/Routing/Router.php(750): Illuminate/Routing/Router->runRoute(Object(Illuminate/Http/Request), Object(Illuminate/Routing/Route))
#29 C:/Users/User/Downloads/wihsata final/wihsata-combined/wihsata-api/vendor/laravel/framework/src/Illuminate/Routing/Router.php(739): Illuminate/Routing/Router->dispatchToRoute(Object(Illuminate/Http/Request))
#30 C:/Users/User/Downloads/wihsata final/wihsata-combined/wihsata-api/vendor/laravel/framework/src/Illuminate/Foundation/Http/Kernel.php(201): Illuminate/Routing/Router->dispatch(Object(Illuminate/Http/Request))
#31 C:/Users/User/Downloads/wihsata final/wihsata-combined/wihsata-api/vendor/laravel/framework/src/Illuminate/Pipeline/Pipeline.php(170): Illuminate/Foundation/Http/Kernel->Illuminate/Foundation/Http/{closure}(Object(Illuminate/Http/Request))
#32 C:/Users/User/Downloads/wihsata final/wihsata-combined/wihsata-api/vendor/laravel/framework/src/Illuminate/Foundation/Http/Middleware/TransformsRequest.php(21): Illuminate/Pipeline/Pipeline->Illuminate/Pipeline/{closure}(Object(Illuminate/Http/Request))
#33 C:/Users/User/Downloads/wihsata final/wihsata-combined/wihsata-api/vendor/laravel/framework/src/Illuminate/Foundation/Http/Middleware/ConvertEmptyStringsToNull.php(31): Illuminate/Foundation/Http/Middleware/TransformsRequest->handle(Object(Illuminate/Http/Request), Object(Closure))
#34 C:/Users/User/Downloads/wihsata final/wihsata-combined/wihsata-api/vendor/laravel/framework/src/Illuminate/Pipeline/Pipeline.php(209): Illuminate/Foundation/Http/Middleware/ConvertEmptyStringsToNull->handle(Object(Illuminate/Http/Request), Object(Closure))
#35 C:/Users/User/Downloads/wihsata final/wihsata-combined/wihsata-api/vendor/laravel/framework/src/Illuminate/Foundation/Http/Middleware/TransformsRequest.php(21): Illuminate/Pipeline/Pipeline->Illuminate/Pipeline/{closure}(Object(Illuminate/Http/Request))
#36 C:/Users/User/Downloads/wihsata final/wihsata-combined/wihsata-api/vendor/laravel/framework/src/Illuminate/Foundation/Http/Middleware/TrimStrings.php(51): Illuminate/Foundation/Http/Middleware/TransformsRequest->handle(Object(Illuminate/Http/Request), Object(Closure))
#37 C:/Users/User/Downloads/wihsata final/wihsata-combined/wihsata-api/vendor/laravel/framework/src/Illuminate/Pipeline/Pipeline.php(209): Illuminate/Foundation/Http/Middleware/TrimStrings->handle(Object(Illuminate/Http/Request), Object(Closure))
#38 C:/Users/User/Downloads/wihsata final/wihsata-combined/wihsata-api/vendor/laravel/framework/src/Illuminate/Http/Middleware/ValidatePostSize.php(27): Illuminate/Pipeline/Pipeline->Illuminate/Pipeline/{closure}(Object(Illuminate/Http/Request))
#39 C:/Users/User/Downloads/wihsata final/wihsata-combined/wihsata-api/vendor/laravel/framework/src/Illuminate/Pipeline/Pipeline.php(209): Illuminate/Http/Middleware/ValidatePostSize->handle(Object(Illuminate/Http/Request), Object(Closure))
#40 C:/Users/User/Downloads/wihsata final/wihsata-combined/wihsata-api/vendor/laravel/framework/src/Illuminate/Foundation/Http/Middleware/PreventRequestsDuringMaintenance.php(110): Illuminate/Pipeline/Pipeline->Illuminate/Pipeline/{closure}(Object(Illuminate/Http/Request))
#41 C:/Users/User/Downloads/wihsata final/wihsata-combined/wihsata-api/vendor/laravel/framework/src/Illuminate/Pipeline/Pipeline.php(209): Illuminate/Foundation/Http/Middleware/PreventRequestsDuringMaintenance->handle(Object(Illuminate/Http/Request), Object(Closure))
#42 C:/Users/User/Downloads/wihsata final/wihsata-combined/wihsata-api/vendor/laravel/framework/src/Illuminate/Http/Middleware/HandleCors.php(62): Illuminate/Pipeline/Pipeline->Illuminate/Pipeline/{closure}(Object(Illuminate/Http/Request))
#43 C:/Users/User/Downloads/wihsata final/wihsata-combined/wihsata-api/vendor/laravel/framework/src/Illuminate/Pipeline/Pipeline.php(209): Illuminate/Http/Middleware/HandleCors->handle(Object(Illuminate/Http/Request), Object(Closure))
#44 C:/Users/User/Downloads/wihsata final/wihsata-combined/wihsata-api/vendor/laravel/framework/src/Illuminate/Http/Middleware/TrustProxies.php(58): Illuminate/Pipeline/Pipeline->Illuminate/Pipeline/{closure}(Object(Illuminate/Http/Request))
#45 C:/Users/User/Downloads/wihsata final/wihsata-combined/wihsata-api/vendor/laravel/framework/src/Illuminate/Pipeline/Pipeline.php(209): Illuminate/Http/Middleware/TrustProxies->handle(Object(Illuminate/Http/Request), Object(Closure))
#46 C:/Users/User/Downloads/wihsata final/wihsata-combined/wihsata-api/vendor/laravel/framework/src/Illuminate/Foundation/Http/Middleware/InvokeDeferredCallbacks.php(22): Illuminate/Pipeline/Pipeline->Illuminate/Pipeline/{closure}(Object(Illuminate/Http/Request))
#47 C:/Users/User/Downloads/wihsata final/wihsata-combined/wihsata-api/vendor/laravel/framework/src/Illuminate/Pipeline/Pipeline.php(209): Illuminate/Foundation/Http/Middleware/InvokeDeferredCallbacks->handle(Object(Illuminate/Http/Request), Object(Closure))
#48 C:/Users/User/Downloads/wihsata final/wihsata-combined/wihsata-api/vendor/laravel/framework/src/Illuminate/Pipeline/Pipeline.php(127): Illuminate/Pipeline/Pipeline->Illuminate/Pipeline/{closure}(Object(Illuminate/Http/Request))
#49 C:/Users/User/Downloads/wihsata final/wihsata-combined/wihsata-api/vendor/laravel/framework/src/Illuminate/Foundation/Http/Kernel.php(176): Illuminate/Pipeline/Pipeline->then(Object(Closure))
#50 C:/Users/User/Downloads/wihsata final/wihsata-combined/wihsata-api/vendor/laravel/framework/src/Illuminate/Foundation/Http/Kernel.php(145): Illuminate/Foundation/Http/Kernel->sendRequestThroughRouter(Object(Illuminate/Http/Request))
#51 C:/Users/User/Downloads/wihsata final/wihsata-combined/wihsata-api/vendor/laravel/framework/src/Illuminate/Foundation/Application.php(1220): Illuminate/Foundation/Http/Kernel->handle(Object(Illuminate/Http/Request))
#52 C:/Users/User/Downloads/wihsata final/wihsata-combined/wihsata-api/public/index.php(17): Illuminate/Foundation/Application->handleRequest(Object(Illuminate/Http/Request))
#53 C:/Users/User/Downloads/wihsata final/wihsata-combined/wihsata-api/vendor/laravel/framework/src/Illuminate/Foundation/resources/server.php(23): require_once('C://Users//User//D...')
#54 {main}

[previous exception] [object] (PDOException(code: 7): SQLSTATE[08006] [7] could not translate host name \"ep-young-glade-azm0ni7w.c-3.ap-southeast-1.aws.neon.tech\" to address: Unknown host at C:/Users/User/Downloads/wihsata final/wihsata-combined/wihsata-api/vendor/laravel/framework/src/Illuminate/Database/Connectors/Connector.php:66)
[stacktrace]
#0 C:/Users/User/Downloads/wihsata final/wihsata-combined/wihsata-api/vendor/laravel/framework/src/Illuminate/Database/Connectors/Connector.php(66): PDO->__construct('pgsql:host=ep-y...', 'neondb_owner', Object(SensitiveParameterValue), Array)
#1 C:/Users/User/Downloads/wihsata final/wihsata-combined/wihsata-api/vendor/laravel/framework/src/Illuminate/Database/Connectors/Connector.php(85): Illuminate/Database/Connectors/Connector->createPdoConnection('pgsql:host=ep-y...', 'neondb_owner', Object(SensitiveParameterValue), Array)
#2 C:/Users/User/Downloads/wihsata final/wihsata-combined/wihsata-api/vendor/laravel/framework/src/Illuminate/Database/Connectors/Connector.php(48): Illuminate/Database/Connectors/Connector->tryAgainIfCausedByLostConnection(Object(PDOException), 'pgsql:host=ep-y...', 'neondb_owner', Object(SensitiveParameterValue), Array)
#3 C:/Users/User/Downloads/wihsata final/wihsata-combined/wihsata-api/vendor/laravel/framework/src/Illuminate/Database/Connectors/PostgresConnector.php(35): Illuminate/Database/Connectors/Connector->createConnection('pgsql:host=ep-y...', Array, Array)
#4 C:/Users/User/Downloads/wihsata final/wihsata-combined/wihsata-api/vendor/laravel/framework/src/Illuminate/Database/Connectors/ConnectionFactory.php(185): Illuminate/Database/Connectors/PostgresConnector->connect(Array)
#5 [internal function]: Illuminate/Database/Connectors/ConnectionFactory->Illuminate/Database/Connectors/{closure}()
#6 C:/Users/User/Downloads/wihsata final/wihsata-combined/wihsata-api/vendor/laravel/framework/src/Illuminate/Database/Connection.php(1231): call_user_func(Object(Closure))
#7 C:/Users/User/Downloads/wihsata final/wihsata-combined/wihsata-api/vendor/laravel/framework/src/Illuminate/Database/Connection.php(1267): Illuminate/Database/Connection->getPdo()
#8 C:/Users/User/Downloads/wihsata final/wihsata-combined/wihsata-api/vendor/laravel/framework/src/Illuminate/Database/Connection.php(512): Illuminate/Database/Connection->getReadPdo()
#9 C:/Users/User/Downloads/wihsata final/wihsata-combined/wihsata-api/vendor/laravel/framework/src/Illuminate/Database/Connection.php(407): Illuminate/Database/Connection->getPdoForSelect(true)
#10 C:/Users/User/Downloads/wihsata final/wihsata-combined/wihsata-api/vendor/laravel/framework/src/Illuminate/Database/Connection.php(812): Illuminate/Database/Connection->Illuminate/Database/{closure}('select * from \"...', Array)
#11 C:/Users/User/Downloads/wihsata final/wihsata-combined/wihsata-api/vendor/laravel/framework/src/Illuminate/Database/Connection.php(979): Illuminate/Database/Connection->runQueryCallback('select * from \"...', Array, Object(Closure))
#12 C:/Users/User/Downloads/wihsata final/wihsata-combined/wihsata-api/vendor/laravel/framework/src/Illuminate/Database/Connection.php(958): Illuminate/Database/Connection->tryAgainIfCausedByLostConnection(Object(Illuminate/Database/QueryException), 'select * from \"...', Array, Object(Closure))
#13 C:/Users/User/Downloads/wihsata final/wihsata-combined/wihsata-api/vendor/laravel/framework/src/Illuminate/Database/Connection.php(781): Illuminate/Database/Connection->handleQueryException(Object(Illuminate/Database/QueryException), 'select * from \"...', Array, Object(Closure))
#14 C:/Users/User/Downloads/wihsata final/wihsata-combined/wihsata-api/vendor/laravel/framework/src/Illuminate/Database/Connection.php(398): Illuminate/Database/Connection->run('select * from \"...', Array, Object(Closure))
#15 C:/Users/User/Downloads/wihsata final/wihsata-combined/wihsata-api/vendor/laravel/framework/src/Illuminate/Database/Query/Builder.php(3106): Illuminate/Database/Connection->select('select * from \"...', Array, true)
#16 C:/Users/User/Downloads/wihsata final/wihsata-combined/wihsata-api/vendor/laravel/framework/src/Illuminate/Database/Query/Builder.php(3091): Illuminate/Database/Query/Builder->runSelect()
#17 C:/Users/User/Downloads/wihsata final/wihsata-combined/wihsata-api/vendor/laravel/framework/src/Illuminate/Database/Query/Builder.php(3676): Illuminate/Database/Query/Builder->Illuminate/Database/Query/{closure}()
#18 C:/Users/User/Downloads/wihsata final/wihsata-combined/wihsata-api/vendor/laravel/framework/src/Illuminate/Database/Query/Builder.php(3090): Illuminate/Database/Query/Builder->onceWithColumns(Array, Object(Closure))
#19 C:/Users/User/Downloads/wihsata final/wihsata-combined/wihsata-api/vendor/laravel/framework/src/Illuminate/Database/Eloquent/Builder.php(811): Illuminate/Database/Query/Builder->get(Array)
#20 C:/Users/User/Downloads/wihsata final/wihsata-combined/wihsata-api/vendor/laravel/framework/src/Illuminate/Database/Eloquent/Builder.php(793): Illuminate/Database/Eloquent/Builder->getModels(Array)
#21 C:/Users/User/Downloads/wihsata final/wihsata-combined/wihsata-api/vendor/laravel/framework/src/Illuminate/Database/Concerns/BuildsQueries.php(343): Illuminate/Database/Eloquent/Builder->get(Array)
#22 C:/Users/User/Downloads/wihsata final/wihsata-combined/wihsata-api/vendor/laravel/framework/src/Illuminate/Database/Eloquent/Builder.php(477): Illuminate/Database/Eloquent/Builder->first(Array)
#23 C:/Users/User/Downloads/wihsata final/wihsata-combined/wihsata-api/vendor/laravel/framework/src/Illuminate/Support/Traits/ForwardsCalls.php(23): Illuminate/Database/Eloquent/Builder->find('1')
#24 C:/Users/User/Downloads/wihsata final/wihsata-combined/wihsata-api/vendor/laravel/framework/src/Illuminate/Database/Eloquent/Model.php(2372): Illuminate/Database/Eloquent/Model->forwardCallTo(Object(Illuminate/Database/Eloquent/Builder), 'find', Array)
#25 C:/Users/User/Downloads/wihsata final/wihsata-combined/wihsata-api/vendor/laravel/framework/src/Illuminate/Database/Eloquent/Model.php(2384): Illuminate/Database/Eloquent/Model->__call('find', Array)
#26 C:/Users/User/Downloads/wihsata final/wihsata-combined/wihsata-api/vendor/laravel/sanctum/src/PersonalAccessToken.php(66): Illuminate/Database/Eloquent/Model::__callStatic('find', Array)
#27 C:/Users/User/Downloads/wihsata final/wihsata-combined/wihsata-api/vendor/laravel/sanctum/src/Guard.php(43): Laravel/Sanctum/PersonalAccessToken::findToken('ng4GobHtHkht0rH...')
#28 [internal function]: Laravel/Sanctum/Guard->__invoke(Object(Illuminate/Http/Request), Object(Illuminate/Auth/EloquentUserProvider))
#29 C:/Users/User/Downloads/wihsata final/wihsata-combined/wihsata-api/vendor/laravel/framework/src/Illuminate/Auth/RequestGuard.php(57): call_user_func(Object(Laravel/Sanctum/Guard), Object(Illuminate/Http/Request), Object(Illuminate/Auth/EloquentUserProvider))
#30 C:/Users/User/Downloads/wihsata final/wihsata-combined/wihsata-api/vendor/laravel/framework/src/Illuminate/Auth/GuardHelpers.php(56): Illuminate/Auth/RequestGuard->user()
#31 C:/Users/User/Downloads/wihsata final/wihsata-combined/wihsata-api/vendor/laravel/framework/src/Illuminate/Auth/Middleware/Authenticate.php(83): Illuminate/Auth/RequestGuard->check()
#32 C:/Users/User/Downloads/wihsata final/wihsata-combined/wihsata-api/vendor/laravel/framework/src/Illuminate/Auth/Middleware/Authenticate.php(62): Illuminate/Auth/Middleware/Authenticate->authenticate(Object(Illuminate/Http/Request), Array)
#33 C:/Users/User/Downloads/wihsata final/wihsata-combined/wihsata-api/vendor/laravel/framework/src/Illuminate/Pipeline/Pipeline.php(209): Illuminate/Auth/Middleware/Authenticate->handle(Object(Illuminate/Http/Request), Object(Closure), 'sanctum')
#34 C:/Users/User/Downloads/wihsata final/wihsata-combined/wihsata-api/vendor/laravel/framework/src/Illuminate/Http/Middleware/HandleCors.php(62): Illuminate/Pipeline/Pipeline->Illuminate/Pipeline/{closure}(Object(Illuminate/Http/Request))
#35 C:/Users/User/Downloads/wihsata final/wihsata-combined/wihsata-api/vendor/laravel/framework/src/Illuminate/Pipeline/Pipeline.php(209): Illuminate/Http/Middleware/HandleCors->handle(Object(Illuminate/Http/Request), Object(Closure))
#36 C:/Users/User/Downloads/wihsata final/wihsata-combined/wihsata-api/vendor/laravel/framework/src/Illuminate/Pipeline/Pipeline.php(127): Illuminate/Pipeline/Pipeline->Illuminate/Pipeline/{closure}(Object(Illuminate/Http/Request))
#37 C:/Users/User/Downloads/wihsata final/wihsata-combined/wihsata-api/vendor/laravel/framework/src/Illuminate/Routing/Router.php(807): Illuminate/Pipeline/Pipeline->then(Object(Closure))
#38 C:/Users/User/Downloads/wihsata final/wihsata-combined/wihsata-api/vendor/laravel/framework/src/Illuminate/Routing/Router.php(786): Illuminate/Routing/Router->runRouteWithinStack(Object(Illuminate/Routing/Route), Object(Illuminate/Http/Request))
#39 C:/Users/User/Downloads/wihsata final/wihsata-combined/wihsata-api/vendor/laravel/framework/src/Illuminate/Routing/Router.php(750): Illuminate/Routing/Router->runRoute(Object(Illuminate/Http/Request), Object(Illuminate/Routing/Route))
#40 C:/Users/User/Downloads/wihsata final/wihsata-combined/wihsata-api/vendor/laravel/framework/src/Illuminate/Routing/Router.php(739): Illuminate/Routing/Router->dispatchToRoute(Object(Illuminate/Http/Request))
#41 C:/Users/User/Downloads/wihsata final/wihsata-combined/wihsata-api/vendor/laravel/framework/src/Illuminate/Foundation/Http/Kernel.php(201): Illuminate/Routing/Router->dispatch(Object(Illuminate/Http/Request))
#42 C:/Users/User/Downloads/wihsata final/wihsata-combined/wihsata-api/vendor/laravel/framework/src/Illuminate/Pipeline/Pipeline.php(170): Illuminate/Foundation/Http/Kernel->Illuminate/Foundation/Http/{closure}(Object(Illuminate/Http/Request))
#43 C:/Users/User/Downloads/wihsata final/wihsata-combined/wihsata-api/vendor/laravel/framework/src/Illuminate/Foundation/Http/Middleware/TransformsRequest.php(21): Illuminate/Pipeline/Pipeline->Illuminate/Pipeline/{closure}(Object(Illuminate/Http/Request))
#44 C:/Users/User/Downloads/wihsata final/wihsata-combined/wihsata-api/vendor/laravel/framework/src/Illuminate/Foundation/Http/Middleware/ConvertEmptyStringsToNull.php(31): Illuminate/Foundation/Http/Middleware/TransformsRequest->handle(Object(Illuminate/Http/Request), Object(Closure))
#45 C:/Users/User/Downloads/wihsata final/wihsata-combined/wihsata-api/vendor/laravel/framework/src/Illuminate/Pipeline/Pipeline.php(209): Illuminate/Foundation/Http/Middleware/ConvertEmptyStringsToNull->handle(Object(Illuminate/Http/Request), Object(Closure))
#46 C:/Users/User/Downloads/wihsata final/wihsata-combined/wihsata-api/vendor/laravel/framework/src/Illuminate/Foundation/Http/Middleware/TransformsRequest.php(21): Illuminate/Pipeline/Pipeline->Illuminate/Pipeline/{closure}(Object(Illuminate/Http/Request))
#47 C:/Users/User/Downloads/wihsata final/wihsata-combined/wihsata-api/vendor/laravel/framework/src/Illuminate/Foundation/Http/Middleware/TrimStrings.php(51): Illuminate/Foundation/Http/Middleware/TransformsRequest->handle(Object(Illuminate/Http/Request), Object(Closure))
#48 C:/Users/User/Downloads/wihsata final/wihsata-combined/wihsata-api/vendor/laravel/framework/src/Illuminate/Pipeline/Pipeline.php(209): Illuminate/Foundation/Http/Middleware/TrimStrings->handle(Object(Illuminate/Http/Request), Object(Closure))
#49 C:/Users/User/Downloads/wihsata final/wihsata-combined/wihsata-api/vendor/laravel/framework/src/Illuminate/Http/Middleware/ValidatePostSize.php(27): Illuminate/Pipeline/Pipeline->Illuminate/Pipeline/{closure}(Object(Illuminate/Http/Request))
#50 C:/Users/User/Downloads/wihsata final/wihsata-combined/wihsata-api/vendor/laravel/framework/src/Illuminate/Pipeline/Pipeline.php(209): Illuminate/Http/Middleware/ValidatePostSize->handle(Object(Illuminate/Http/Request), Object(Closure))
#51 C:/Users/User/Downloads/wihsata final/wihsata-combined/wihsata-api/vendor/laravel/framework/src/Illuminate/Foundation/Http/Middleware/PreventRequestsDuringMaintenance.php(110): Illuminate/Pipeline/Pipeline->Illuminate/Pipeline/{closure}(Object(Illuminate/Http/Request))
#52 C:/Users/User/Downloads/wihsata final/wihsata-combined/wihsata-api/vendor/laravel/framework/src/Illuminate/Pipeline/Pipeline.php(209): Illuminate/Foundation/Http/Middleware/PreventRequestsDuringMaintenance->handle(Object(Illuminate/Http/Request), Object(Closure))
#53 C:/Users/User/Downloads/wihsata final/wihsata-combined/wihsata-api/vendor/laravel/framework/src/Illuminate/Http/Middleware/HandleCors.php(62): Illuminate/Pipeline/Pipeline->Illuminate/Pipeline/{closure}(Object(Illuminate/Http/Request))
#54 C:/Users/User/Downloads/wihsata final/wihsata-combined/wihsata-api/vendor/laravel/framework/src/Illuminate/Pipeline/Pipeline.php(209): Illuminate/Http/Middleware/HandleCors->handle(Object(Illuminate/Http/Request), Object(Closure))
#55 C:/Users/User/Downloads/wihsata final/wihsata-combined/wihsata-api/vendor/laravel/framework/src/Illuminate/Http/Middleware/TrustProxies.php(58): Illuminate/Pipeline/Pipeline->Illuminate/Pipeline/{closure}(Object(Illuminate/Http/Request))
#56 C:/Users/User/Downloads/wihsata final/wihsata-combined/wihsata-api/vendor/laravel/framework/src/Illuminate/Pipeline/Pipeline.php(209): Illuminate/Http/Middleware/TrustProxies->handle(Object(Illuminate/Http/Request), Object(Closure))
#57 C:/Users/User/Downloads/wihsata final/wihsata-combined/wihsata-api/vendor/laravel/framework/src/Illuminate/Foundation/Http/Middleware/InvokeDeferredCallbacks.php(22): Illuminate/Pipeline/Pipeline->Illuminate/Pipeline/{closure}(Object(Illuminate/Http/Request))
#58 C:/Users/User/Downloads/wihsata final/wihsata-combined/wihsata-api/vendor/laravel/framework/src/Illuminate/Pipeline/Pipeline.php(209): Illuminate/Foundation/Http/Middleware/InvokeDeferredCallbacks->handle(Object(Illuminate/Http/Request), Object(Closure))
#59 C:/Users/User/Downloads/wihsata final/wihsata-combined/wihsata-api/vendor/laravel/framework/src/Illuminate/Pipeline/Pipeline.php(127): Illuminate/Pipeline/Pipeline->Illuminate/Pipeline/{closure}(Object(Illuminate/Http/Request))
#60 C:/Users/User/Downloads/wihsata final/wihsata-combined/wihsata-api/vendor/laravel/framework/src/Illuminate/Foundation/Http/Kernel.php(176): Illuminate/Pipeline/Pipeline->then(Object(Closure))
#61 C:/Users/User/Downloads/wihsata final/wihsata-combined/wihsata-api/vendor/laravel/framework/src/Illuminate/Foundation/Http/Kernel.php(145): Illuminate/Foundation/Http/Kernel->sendRequestThroughRouter(Object(Illuminate/Http/Request))
#62 C:/Users/User/Downloads/wihsata final/wihsata-combined/wihsata-api/vendor/laravel/framework/src/Illuminate/Foundation/Application.php(1220): Illuminate/Foundation/Http/Kernel->handle(Object(Illuminate/Http/Request))
#63 C:/Users/User/Downloads/wihsata final/wihsata-combined/wihsata-api/public/index.php(17): Illuminate/Foundation/Application->handleRequest(Object(Illuminate/Http/Request))
#64 C:/Users/User/Downloads/wihsata final/wihsata-combined/wihsata-api/vendor/laravel/framework/src/Illuminate/Foundation/resources/server.php(23): require_once('C://Users//User//D...')
#65 {main}
"} 
[2026-08-18 05:34:22] local.ERROR: SQLSTATE[08006] [7] could not translate host name "ep-young-glade-azm0ni7w.c-3.ap-southeast-1.aws.neon.tech" to address: Unknown host (Connection: pgsql, SQL: select * from "categories" order by "name" asc) {"exception":"[object] (Illuminate\\Database\\QueryException(code: 7): SQLSTATE[08006] [7] could not translate host name \"ep-young-glade-azm0ni7w.c-3.ap-southeast-1.aws.neon.tech\" to address: Unknown host (Connection: pgsql, SQL: select * from \"categories\" order by \"name\" asc) at C:/Users/User/Downloads/wihsata final/wihsata-combined/wihsata-api/vendor/laravel/framework/src/Illuminate/Database/Connection.php:825)
[stacktrace]
#0 C:/Users/User/Downloads/wihsata final/wihsata-combined/wihsata-api/vendor/laravel/framework/src/Illuminate/Database/Connection.php(979): Illuminate/Database/Connection->runQueryCallback('select * from \"...', Array, Object(Closure))
#1 C:/Users/User/Downloads/wihsata final/wihsata-combined/wihsata-api/vendor/laravel/framework/src/Illuminate/Database/Connection.php(958): Illuminate/Database/Connection->tryAgainIfCausedByLostConnection(Object(Illuminate/Database/QueryException), 'select * from \"...', Array, Object(Closure))
#2 C:/Users/User/Downloads/wihsata final/wihsata-combined/wihsata-api/vendor/laravel/framework/src/Illuminate/Database/Connection.php(781): Illuminate/Database/Connection->handleQueryException(Object(Illuminate/Database/QueryException), 'select * from \"...', Array, Object(Closure))
#3 C:/Users/User/Downloads/wihsata final/wihsata-combined/wihsata-api/vendor/laravel/framework/src/Illuminate/Database/Connection.php(398): Illuminate/Database/Connection->run('select * from \"...', Array, Object(Closure))
#4 C:/Users/User/Downloads/wihsata final/wihsata-combined/wihsata-api/vendor/laravel/framework/src/Illuminate/Database/Query/Builder.php(3106): Illuminate/Database/Connection->select('select * from \"...', Array, true)
#5 C:/Users/User/Downloads/wihsata final/wihsata-combined/wihsata-api/vendor/laravel/framework/src/Illuminate/Database/Query/Builder.php(3091): Illuminate/Database/Query/Builder->runSelect()
#6 C:/Users/User/Downloads/wihsata final/wihsata-combined/wihsata-api/vendor/laravel/framework/src/Illuminate/Database/Query/Builder.php(3676): Illuminate/Database/Query/Builder->Illuminate/Database/Query/{closure}()
#7 C:/Users/User/Downloads/wihsata final/wihsata-combined/wihsata-api/vendor/laravel/framework/src/Illuminate/Database/Query/Builder.php(3090): Illuminate/Database/Query/Builder->onceWithColumns(Array, Object(Closure))
#8 C:/Users/User/Downloads/wihsata final/wihsata-combined/wihsata-api/vendor/laravel/framework/src/Illuminate/Database/Eloquent/Builder.php(811): Illuminate/Database/Query/Builder->get(Array)
#9 C:/Users/User/Downloads/wihsata final/wihsata-combined/wihsata-api/vendor/laravel/framework/src/Illuminate/Database/Eloquent/Builder.php(793): Illuminate/Database/Eloquent/Builder->getModels(Array)
#10 C:/Users/User/Downloads/wihsata final/wihsata-combined/wihsata-api/app/Http/Controllers/Api/CategoryController.php(17): Illuminate/Database/Eloquent/Builder->get()
#11 C:/Users/User/Downloads/wihsata final/wihsata-combined/wihsata-api/vendor/laravel/framework/src/Illuminate/Routing/ControllerDispatcher.php(47): App/Http/Controllers/Api/CategoryController->index()
#12 C:/Users/User/Downloads/wihsata final/wihsata-combined/wihsata-api/vendor/laravel/framework/src/Illuminate/Routing/Route.php(266): Illuminate/Routing/ControllerDispatcher->dispatch(Object(Illuminate/Routing/Route), Object(App/Http/Controllers/Api/CategoryController), 'index')
#13 C:/Users/User/Downloads/wihsata final/wihsata-combined/wihsata-api/vendor/laravel/framework/src/Illuminate/Routing/Route.php(212): Illuminate/Routing/Route->runController()
#14 C:/Users/User/Downloads/wihsata final/wihsata-combined/wihsata-api/vendor/laravel/framework/src/Illuminate/Routing/Router.php(808): Illuminate/Routing/Route->run()
#15 C:/Users/User/Downloads/wihsata final/wihsata-combined/wihsata-api/vendor/laravel/framework/src/Illuminate/Pipeline/Pipeline.php(170): Illuminate/Routing/Router->Illuminate/Routing/{closure}(Object(Illuminate/Http/Request))
#16 C:/Users/User/Downloads/wihsata final/wihsata-combined/wihsata-api/vendor/laravel/framework/src/Illuminate/Routing/Middleware/SubstituteBindings.php(51): Illuminate/Pipeline/Pipeline->Illuminate/Pipeline/{closure}(Object(Illuminate/Http/Request))
#17 C:/Users/User/Downloads/wihsata final/wihsata-combined/wihsata-api/vendor/laravel/framework/src/Illuminate/Pipeline/Pipeline.php(209): Illuminate/Routing/Middleware/SubstituteBindings->handle(Object(Illuminate/Http/Request), Object(Closure))
#18 C:/Users/User/Downloads/wihsata final/wihsata-combined/wihsata-api/vendor/laravel/framework/src/Illuminate/Http/Middleware/HandleCors.php(62): Illuminate/Pipeline/Pipeline->Illuminate/Pipeline/{closure}(Object(Illuminate/Http/Request))
#19 C:/Users/User/Downloads/wihsata final/wihsata-combined/wihsata-api/vendor/laravel/framework/src/Illuminate/Pipeline/Pipeline.php(209): Illuminate/Http/Middleware/HandleCors->handle(Object(Illuminate/Http/Request), Object(Closure))
#20 C:/Users/User/Downloads/wihsata final/wihsata-combined/wihsata-api/vendor/laravel/framework/src/Illuminate/Pipeline/Pipeline.php(127): Illuminate/Pipeline/Pipeline->Illuminate/Pipeline/{closure}(Object(Illuminate/Http/Request))
#21 C:/Users/User/Downloads/wihsata final/wihsata-combined/wihsata-api/vendor/laravel/framework/src/Illuminate/Routing/Router.php(807): Illuminate/Pipeline/Pipeline->then(Object(Closure))
#22 C:/Users/User/Downloads/wihsata final/wihsata-combined/wihsata-api/vendor/laravel/framework/src/Illuminate/Routing/Router.php(786): Illuminate/Routing/Router->runRouteWithinStack(Object(Illuminate/Routing/Route), Object(Illuminate/Http/Request))
#23 C:/Users/User/Downloads/wihsata final/wihsata-combined/wihsata-api/vendor/laravel/framework/src/Illuminate/Routing/Router.php(750): Illuminate/Routing/Router->runRoute(Object(Illuminate/Http/Request), Object(Illuminate/Routing/Route))
#24 C:/Users/User/Downloads/wihsata final/wihsata-combined/wihsata-api/vendor/laravel/framework/src/Illuminate/Routing/Router.php(739): Illuminate/Routing/Router->dispatchToRoute(Object(Illuminate/Http/Request))
#25 C:/Users/User/Downloads/wihsata final/wihsata-combined/wihsata-api/vendor/laravel/framework/src/Illuminate/Foundation/Http/Kernel.php(201): Illuminate/Routing/Router->dispatch(Object(Illuminate/Http/Request))
#26 C:/Users/User/Downloads/wihsata final/wihsata-combined/wihsata-api/vendor/laravel/framework/src/Illuminate/Pipeline/Pipeline.php(170): Illuminate/Foundation/Http/Kernel->Illuminate/Foundation/Http/{closure}(Object(Illuminate/Http/Request))
#27 C:/Users/User/Downloads/wihsata final/wihsata-combined/wihsata-api/vendor/laravel/framework/src/Illuminate/Foundation/Http/Middleware/TransformsRequest.php(21): Illuminate/Pipeline/Pipeline->Illuminate/Pipeline/{closure}(Object(Illuminate/Http/Request))
#28 C:/Users/User/Downloads/wihsata final/wihsata-combined/wihsata-api/vendor/laravel/framework/src/Illuminate/Foundation/Http/Middleware/ConvertEmptyStringsToNull.php(31): Illuminate/Foundation/Http/Middleware/TransformsRequest->handle(Object(Illuminate/Http/Request), Object(Closure))
#29 C:/Users/User/Downloads/wihsata final/wihsata-combined/wihsata-api/vendor/laravel/framework/src/Illuminate/Pipeline/Pipeline.php(209): Illuminate/Foundation/Http/Middleware/ConvertEmptyStringsToNull->handle(Object(Illuminate/Http/Request), Object(Closure))
#30 C:/Users/User/Downloads/wihsata final/wihsata-combined/wihsata-api/vendor/laravel/framework/src/Illuminate/Foundation/Http/Middleware/TransformsRequest.php(21): Illuminate/Pipeline/Pipeline->Illuminate/Pipeline/{closure}(Object(Illuminate/Http/Request))
#31 C:/Users/User/Downloads/wihsata final/wihsata-combined/wihsata-api/vendor/laravel/framework/src/Illuminate/Foundation/Http/Middleware/TrimStrings.php(51): Illuminate/Foundation/Http/Middleware/TransformsRequest->handle(Object(Illuminate/Http/Request), Object(Closure))
#32 C:/Users/User/Downloads/wihsata final/wihsata-combined/wihsata-api/vendor/laravel/framework/src/Illuminate/Pipeline/Pipeline.php(209): Illuminate/Foundation/Http/Middleware/TrimStrings->handle(Object(Illuminate/Http/Request), Object(Closure))
#33 C:/Users/User/Downloads/wihsata final/wihsata-combined/wihsata-api/vendor/laravel/framework/src/Illuminate/Http/Middleware/ValidatePostSize.php(27): Illuminate/Pipeline/Pipeline->Illuminate/Pipeline/{closure}(Object(Illuminate/Http/Request))
#34 C:/Users/User/Downloads/wihsata final/wihsata-combined/wihsata-api/vendor/laravel/framework/src/Illuminate/Pipeline/Pipeline.php(209): Illuminate/Http/Middleware/ValidatePostSize->handle(Object(Illuminate/Http/Request), Object(Closure))
#35 C:/Users/User/Downloads/wihsata final/wihsata-combined/wihsata-api/vendor/laravel/framework/src/Illuminate/Foundation/Http/Middleware/PreventRequestsDuringMaintenance.php(110): Illuminate/Pipeline/Pipeline->Illuminate/Pipeline/{closure}(Object(Illuminate/Http/Request))
#36 C:/Users/User/Downloads/wihsata final/wihsata-combined/wihsata-api/vendor/laravel/framework/src/Illuminate/Pipeline/Pipeline.php(209): Illuminate/Foundation/Http/Middleware/PreventRequestsDuringMaintenance->handle(Object(Illuminate/Http/Request), Object(Closure))
#37 C:/Users/User/Downloads/wihsata final/wihsata-combined/wihsata-api/vendor/laravel/framework/src/Illuminate/Http/Middleware/HandleCors.php(62): Illuminate/Pipeline/Pipeline->Illuminate/Pipeline/{closure}(Object(Illuminate/Http/Request))
#38 C:/Users/User/Downloads/wihsata final/wihsata-combined/wihsata-api/vendor/laravel/framework/src/Illuminate/Pipeline/Pipeline.php(209): Illuminate/Http/Middleware/HandleCors->handle(Object(Illuminate/Http/Request), Object(Closure))
#39 C:/Users/User/Downloads/wihsata final/wihsata-combined/wihsata-api/vendor/laravel/framework/src/Illuminate/Http/Middleware/TrustProxies.php(58): Illuminate/Pipeline/Pipeline->Illuminate/Pipeline/{closure}(Object(Illuminate/Http/Request))
#40 C:/Users/User/Downloads/wihsata final/wihsata-combined/wihsata-api/vendor/laravel/framework/src/Illuminate/Pipeline/Pipeline.php(209): Illuminate/Http/Middleware/TrustProxies->handle(Object(Illuminate/Http/Request), Object(Closure))
#41 C:/Users/User/Downloads/wihsata final/wihsata-combined/wihsata-api/vendor/laravel/framework/src/Illuminate/Foundation/Http/Middleware/InvokeDeferredCallbacks.php(22): Illuminate/Pipeline/Pipeline->Illuminate/Pipeline/{closure}(Object(Illuminate/Http/Request))
#42 C:/Users/User/Downloads/wihsata final/wihsata-combined/wihsata-api/vendor/laravel/framework/src/Illuminate/Pipeline/Pipeline.php(209): Illuminate/Foundation/Http/Middleware/InvokeDeferredCallbacks->handle(Object(Illuminate/Http/Request), Object(Closure))
#43 C:/Users/User/Downloads/wihsata final/wihsata-combined/wihsata-api/vendor/laravel/framework/src/Illuminate/Pipeline/Pipeline.php(127): Illuminate/Pipeline/Pipeline->Illuminate/Pipeline/{closure}(Object(Illuminate/Http/Request))
#44 C:/Users/User/Downloads/wihsata final/wihsata-combined/wihsata-api/vendor/laravel/framework/src/Illuminate/Foundation/Http/Kernel.php(176): Illuminate/Pipeline/Pipeline->then(Object(Closure))
#45 C:/Users/User/Downloads/wihsata final/wihsata-combined/wihsata-api/vendor/laravel/framework/src/Illuminate/Foundation/Http/Kernel.php(145): Illuminate/Foundation/Http/Kernel->sendRequestThroughRouter(Object(Illuminate/Http/Request))
#46 C:/Users/User/Downloads/wihsata final/wihsata-combined/wihsata-api/vendor/laravel/framework/src/Illuminate/Foundation/Application.php(1220): Illuminate/Foundation/Http/Kernel->handle(Object(Illuminate/Http/Request))
#47 C:/Users/User/Downloads/wihsata final/wihsata-combined/wihsata-api/public/index.php(17): Illuminate/Foundation/Application->handleRequest(Object(Illuminate/Http/Request))
#48 C:/Users/User/Downloads/wihsata final/wihsata-combined/wihsata-api/vendor/laravel/framework/src/Illuminate/Foundation/resources/server.php(23): require_once('C://Users//User//D...')
#49 {main}

[previous exception] [object] (PDOException(code: 7): SQLSTATE[08006] [7] could not translate host name \"ep-young-glade-azm0ni7w.c-3.ap-southeast-1.aws.neon.tech\" to address: Unknown host at C:/Users/User/Downloads/wihsata final/wihsata-combined/wihsata-api/vendor/laravel/framework/src/Illuminate/Database/Connectors/Connector.php:66)
[stacktrace]
#0 C:/Users/User/Downloads/wihsata final/wihsata-combined/wihsata-api/vendor/laravel/framework/src/Illuminate/Database/Connectors/Connector.php(66): PDO->__construct('pgsql:host=ep-y...', 'neondb_owner', Object(SensitiveParameterValue), Array)
#1 C:/Users/User/Downloads/wihsata final/wihsata-combined/wihsata-api/vendor/laravel/framework/src/Illuminate/Database/Connectors/Connector.php(85): Illuminate/Database/Connectors/Connector->createPdoConnection('pgsql:host=ep-y...', 'neondb_owner', Object(SensitiveParameterValue), Array)
#2 C:/Users/User/Downloads/wihsata final/wihsata-combined/wihsata-api/vendor/laravel/framework/src/Illuminate/Database/Connectors/Connector.php(48): Illuminate/Database/Connectors/Connector->tryAgainIfCausedByLostConnection(Object(PDOException), 'pgsql:host=ep-y...', 'neondb_owner', Object(SensitiveParameterValue), Array)
#3 C:/Users/User/Downloads/wihsata final/wihsata-combined/wihsata-api/vendor/laravel/framework/src/Illuminate/Database/Connectors/PostgresConnector.php(35): Illuminate/Database/Connectors/Connector->createConnection('pgsql:host=ep-y...', Array, Array)
#4 C:/Users/User/Downloads/wihsata final/wihsata-combined/wihsata-api/vendor/laravel/framework/src/Illuminate/Database/Connectors/ConnectionFactory.php(185): Illuminate/Database/Connectors/PostgresConnector->connect(Array)
#5 [internal function]: Illuminate/Database/Connectors/ConnectionFactory->Illuminate/Database/Connectors/{closure}()
#6 C:/Users/User/Downloads/wihsata final/wihsata-combined/wihsata-api/vendor/laravel/framework/src/Illuminate/Database/Connection.php(1231): call_user_func(Object(Closure))
#7 C:/Users/User/Downloads/wihsata final/wihsata-combined/wihsata-api/vendor/laravel/framework/src/Illuminate/Database/Connection.php(1267): Illuminate/Database/Connection->getPdo()
#8 C:/Users/User/Downloads/wihsata final/wihsata-combined/wihsata-api/vendor/laravel/framework/src/Illuminate/Database/Connection.php(512): Illuminate/Database/Connection->getReadPdo()
#9 C:/Users/User/Downloads/wihsata final/wihsata-combined/wihsata-api/vendor/laravel/framework/src/Illuminate/Database/Connection.php(407): Illuminate/Database/Connection->getPdoForSelect(true)
#10 C:/Users/User/Downloads/wihsata final/wihsata-combined/wihsata-api/vendor/laravel/framework/src/Illuminate/Database/Connection.php(812): Illuminate/Database/Connection->Illuminate/Database/{closure}('select * from \"...', Array)
#11 C:/Users/User/Downloads/wihsata final/wihsata-combined/wihsata-api/vendor/laravel/framework/src/Illuminate/Database/Connection.php(979): Illuminate/Database/Connection->runQueryCallback('select * from \"...', Array, Object(Closure))
#12 C:/Users/User/Downloads/wihsata final/wihsata-combined/wihsata-api/vendor/laravel/framework/src/Illuminate/Database/Connection.php(958): Illuminate/Database/Connection->tryAgainIfCausedByLostConnection(Object(Illuminate/Database/QueryException), 'select * from \"...', Array, Object(Closure))
#13 C:/Users/User/Downloads/wihsata final/wihsata-combined/wihsata-api/vendor/laravel/framework/src/Illuminate/Database/Connection.php(781): Illuminate/Database/Connection->handleQueryException(Object(Illuminate/Database/QueryException), 'select * from \"...', Array, Object(Closure))
#14 C:/Users/User/Downloads/wihsata final/wihsata-combined/wihsata-api/vendor/laravel/framework/src/Illuminate/Database/Connection.php(398): Illuminate/Database/Connection->run('select * from \"...', Array, Object(Closure))
#15 C:/Users/User/Downloads/wihsata final/wihsata-combined/wihsata-api/vendor/laravel/framework/src/Illuminate/Database/Query/Builder.php(3106): Illuminate/Database/Connection->select('select * from \"...', Array, true)
#16 C:/Users/User/Downloads/wihsata final/wihsata-combined/wihsata-api/vendor/laravel/framework/src/Illuminate/Database/Query/Builder.php(3091): Illuminate/Database/Query/Builder->runSelect()
#17 C:/Users/User/Downloads/wihsata final/wihsata-combined/wihsata-api/vendor/laravel/framework/src/Illuminate/Database/Query/Builder.php(3676): Illuminate/Database/Query/Builder->Illuminate/Database/Query/{closure}()
#18 C:/Users/User/Downloads/wihsata final/wihsata-combined/wihsata-api/vendor/laravel/framework/src/Illuminate/Database/Query/Builder.php(3090): Illuminate/Database/Query/Builder->onceWithColumns(Array, Object(Closure))
#19 C:/Users/User/Downloads/wihsata final/wihsata-combined/wihsata-api/vendor/laravel/framework/src/Illuminate/Database/Eloquent/Builder.php(811): Illuminate/Database/Query/Builder->get(Array)
#20 C:/Users/User/Downloads/wihsata final/wihsata-combined/wihsata-api/vendor/laravel/framework/src/Illuminate/Database/Eloquent/Builder.php(793): Illuminate/Database/Eloquent/Builder->getModels(Array)
#21 C:/Users/User/Downloads/wihsata final/wihsata-combined/wihsata-api/app/Http/Controllers/Api/CategoryController.php(17): Illuminate/Database/Eloquent/Builder->get()
#22 C:/Users/User/Downloads/wihsata final/wihsata-combined/wihsata-api/vendor/laravel/framework/src/Illuminate/Routing/ControllerDispatcher.php(47): App/Http/Controllers/Api/CategoryController->index()
#23 C:/Users/User/Downloads/wihsata final/wihsata-combined/wihsata-api/vendor/laravel/framework/src/Illuminate/Routing/Route.php(266): Illuminate/Routing/ControllerDispatcher->dispatch(Object(Illuminate/Routing/Route), Object(App/Http/Controllers/Api/CategoryController), 'index')
#24 C:/Users/User/Downloads/wihsata final/wihsata-combined/wihsata-api/vendor/laravel/framework/src/Illuminate/Routing/Route.php(212): Illuminate/Routing/Route->runController()
#25 C:/Users/User/Downloads/wihsata final/wihsata-combined/wihsata-api/vendor/laravel/framework/src/Illuminate/Routing/Router.php(808): Illuminate/Routing/Route->run()
#26 C:/Users/User/Downloads/wihsata final/wihsata-combined/wihsata-api/vendor/laravel/framework/src/Illuminate/Pipeline/Pipeline.php(170): Illuminate/Routing/Router->Illuminate/Routing/{closure}(Object(Illuminate/Http/Request))
#27 C:/Users/User/Downloads/wihsata final/wihsata-combined/wihsata-api/vendor/laravel/framework/src/Illuminate/Routing/Middleware/SubstituteBindings.php(51): Illuminate/Pipeline/Pipeline->Illuminate/Pipeline/{closure}(Object(Illuminate/Http/Request))
#28 C:/Users/User/Downloads/wihsata final/wihsata-combined/wihsata-api/vendor/laravel/framework/src/Illuminate/Pipeline/Pipeline.php(209): Illuminate/Routing/Middleware/SubstituteBindings->handle(Object(Illuminate/Http/Request), Object(Closure))
#29 C:/Users/User/Downloads/wihsata final/wihsata-combined/wihsata-api/vendor/laravel/framework/src/Illuminate/Http/Middleware/HandleCors.php(62): Illuminate/Pipeline/Pipeline->Illuminate/Pipeline/{closure}(Object(Illuminate/Http/Request))
#30 C:/Users/User/Downloads/wihsata final/wihsata-combined/wihsata-api/vendor/laravel/framework/src/Illuminate/Pipeline/Pipeline.php(209): Illuminate/Http/Middleware/HandleCors->handle(Object(Illuminate/Http/Request), Object(Closure))
#31 C:/Users/User/Downloads/wihsata final/wihsata-combined/wihsata-api/vendor/laravel/framework/src/Illuminate/Pipeline/Pipeline.php(127): Illuminate/Pipeline/Pipeline->Illuminate/Pipeline/{closure}(Object(Illuminate/Http/Request))
#32 C:/Users/User/Downloads/wihsata final/wihsata-combined/wihsata-api/vendor/laravel/framework/src/Illuminate/Routing/Router.php(807): Illuminate/Pipeline/Pipeline->then(Object(Closure))
#33 C:/Users/User/Downloads/wihsata final/wihsata-combined/wihsata-api/vendor/laravel/framework/src/Illuminate/Routing/Router.php(786): Illuminate/Routing/Router->runRouteWithinStack(Object(Illuminate/Routing/Route), Object(Illuminate/Http/Request))
#34 C:/Users/User/Downloads/wihsata final/wihsata-combined/wihsata-api/vendor/laravel/framework/src/Illuminate/Routing/Router.php(750): Illuminate/Routing/Router->runRoute(Object(Illuminate/Http/Request), Object(Illuminate/Routing/Route))
#35 C:/Users/User/Downloads/wihsata final/wihsata-combined/wihsata-api/vendor/laravel/framework/src/Illuminate/Routing/Router.php(739): Illuminate/Routing/Router->dispatchToRoute(Object(Illuminate/Http/Request))
#36 C:/Users/User/Downloads/wihsata final/wihsata-combined/wihsata-api/vendor/laravel/framework/src/Illuminate/Foundation/Http/Kernel.php(201): Illuminate/Routing/Router->dispatch(Object(Illuminate/Http/Request))
#37 C:/Users/User/Downloads/wihsata final/wihsata-combined/wihsata-api/vendor/laravel/framework/src/Illuminate/Pipeline/Pipeline.php(170): Illuminate/Foundation/Http/Kernel->Illuminate/Foundation/Http/{closure}(Object(Illuminate/Http/Request))
#38 C:/Users/User/Downloads/wihsata final/wihsata-combined/wihsata-api/vendor/laravel/framework/src/Illuminate/Foundation/Http/Middleware/TransformsRequest.php(21): Illuminate/Pipeline/Pipeline->Illuminate/Pipeline/{closure}(Object(Illuminate/Http/Request))
#39 C:/Users/User/Downloads/wihsata final/wihsata-combined/wihsata-api/vendor/laravel/framework/src/Illuminate/Foundation/Http/Middleware/ConvertEmptyStringsToNull.php(31): Illuminate/Foundation/Http/Middleware/TransformsRequest->handle(Object(Illuminate/Http/Request), Object(Closure))
#40 C:/Users/User/Downloads/wihsata final/wihsata-combined/wihsata-api/vendor/laravel/framework/src/Illuminate/Pipeline/Pipeline.php(209): Illuminate/Foundation/Http/Middleware/ConvertEmptyStringsToNull->handle(Object(Illuminate/Http/Request), Object(Closure))
#41 C:/Users/User/Downloads/wihsata final/wihsata-combined/wihsata-api/vendor/laravel/framework/src/Illuminate/Foundation/Http/Middleware/TransformsRequest.php(21): Illuminate/Pipeline/Pipeline->Illuminate/Pipeline/{closure}(Object(Illuminate/Http/Request))
#42 C:/Users/User/Downloads/wihsata final/wihsata-combined/wihsata-api/vendor/laravel/framework/src/Illuminate/Foundation/Http/Middleware/TrimStrings.php(51): Illuminate/Foundation/Http/Middleware/TransformsRequest->handle(Object(Illuminate/Http/Request), Object(Closure))
#43 C:/Users/User/Downloads/wihsata final/wihsata-combined/wihsata-api/vendor/laravel/framework/src/Illuminate/Pipeline/Pipeline.php(209): Illuminate/Foundation/Http/Middleware/TrimStrings->handle(Object(Illuminate/Http/Request), Object(Closure))
#44 C:/Users/User/Downloads/wihsata final/wihsata-combined/wihsata-api/vendor/laravel/framework/src/Illuminate/Http/Middleware/ValidatePostSize.php(27): Illuminate/Pipeline/Pipeline->Illuminate/Pipeline/{closure}(Object(Illuminate/Http/Request))
#45 C:/Users/User/Downloads/wihsata final/wihsata-combined/wihsata-api/vendor/laravel/framework/src/Illuminate/Pipeline/Pipeline.php(209): Illuminate/Http/Middleware/ValidatePostSize->handle(Object(Illuminate/Http/Request), Object(Closure))
#46 C:/Users/User/Downloads/wihsata final/wihsata-combined/wihsata-api/vendor/laravel/framework/src/Illuminate/Foundation/Http/Middleware/PreventRequestsDuringMaintenance.php(110): Illuminate/Pipeline/Pipeline->Illuminate/Pipeline/{closure}(Object(Illuminate/Http/Request))
#47 C:/Users/User/Downloads/wihsata final/wihsata-combined/wihsata-api/vendor/laravel/framework/src/Illuminate/Pipeline/Pipeline.php(209): Illuminate/Foundation/Http/Middleware/PreventRequestsDuringMaintenance->handle(Object(Illuminate/Http/Request), Object(Closure))
#48 C:/Users/User/Downloads/wihsata final/wihsata-combined/wihsata-api/vendor/laravel/framework/src/Illuminate/Http/Middleware/HandleCors.php(62): Illuminate/Pipeline/Pipeline->Illuminate/Pipeline/{closure}(Object(Illuminate/Http/Request))
#49 C:/Users/User/Downloads/wihsata final/wihsata-combined/wihsata-api/vendor/laravel/framework/src/Illuminate/Pipeline/Pipeline.php(209): Illuminate/Http/Middleware/HandleCors->handle(Object(Illuminate/Http/Request), Object(Closure))
#50 C:/Users/User/Downloads/wihsata final/wihsata-combined/wihsata-api/vendor/laravel/framework/src/Illuminate/Http/Middleware/TrustProxies.php(58): Illuminate/Pipeline/Pipeline->Illuminate/Pipeline/{closure}(Object(Illuminate/Http/Request))
#51 C:/Users/User/Downloads/wihsata final/wihsata-combined/wihsata-api/vendor/laravel/framework/src/Illuminate/Pipeline/Pipeline.php(209): Illuminate/Http/Middleware/TrustProxies->handle(Object(Illuminate/Http/Request), Object(Closure))
#52 C:/Users/User/Downloads/wihsata final/wihsata-combined/wihsata-api/vendor/laravel/framework/src/Illuminate/Foundation/Http/Middleware/InvokeDeferredCallbacks.php(22): Illuminate/Pipeline/Pipeline->Illuminate/Pipeline/{closure}(Object(Illuminate/Http/Request))
#53 C:/Users/User/Downloads/wihsata final/wihsata-combined/wihsata-api/vendor/laravel/framework/src/Illuminate/Pipeline/Pipeline.php(209): Illuminate/Foundation/Http/Middleware/InvokeDeferredCallbacks->handle(Object(Illuminate/Http/Request), Object(Closure))
#54 C:/Users/User/Downloads/wihsata final/wihsata-combined/wihsata-api/vendor/laravel/framework/src/Illuminate/Pipeline/Pipeline.php(127): Illuminate/Pipeline/Pipeline->Illuminate/Pipeline/{closure}(Object(Illuminate/Http/Request))
#55 C:/Users/User/Downloads/wihsata final/wihsata-combined/wihsata-api/vendor/laravel/framework/src/Illuminate/Foundation/Http/Kernel.php(176): Illuminate/Pipeline/Pipeline->then(Object(Closure))
#56 C:/Users/User/Downloads/wihsata final/wihsata-combined/wihsata-api/vendor/laravel/framework/src/Illuminate/Foundation/Http/Kernel.php(145): Illuminate/Foundation/Http/Kernel->sendRequestThroughRouter(Object(Illuminate/Http/Request))
#57 C:/Users/User/Downloads/wihsata final/wihsata-combined/wihsata-api/vendor/laravel/framework/src/Illuminate/Foundation/Application.php(1220): Illuminate/Foundation/Http/Kernel->handle(Object(Illuminate/Http/Request))
#58 C:/Users/User/Downloads/wihsata final/wihsata-combined/wihsata-api/public/index.php(17): Illuminate/Foundation/Application->handleRequest(Object(Illuminate/Http/Request))
#59 C:/Users/User/Downloads/wihsata final/wihsata-combined/wihsata-api/vendor/laravel/framework/src/Illuminate/Foundation/resources/server.php(23): require_once('C://Users//User//D...')
#60 {main}
"} 
[2026-08-18 05:34:24] local.ERROR: SQLSTATE[08006] [7] could not translate host name "ep-young-glade-azm0ni7w.c-3.ap-southeast-1.aws.neon.tech" to address: Unknown host (Connection: pgsql, SQL: select * from "personal_access_tokens" where "personal_access_tokens"."id" = 1 limit 1) {"exception":"[object] (Illuminate\\Database\\QueryException(code: 7): SQLSTATE[08006] [7] could not translate host name \"ep-young-glade-azm0ni7w.c-3.ap-southeast-1.aws.neon.tech\" to address: Unknown host (Connection: pgsql, SQL: select * from \"personal_access_tokens\" where \"personal_access_tokens\".\"id\" = 1 limit 1) at C:/Users/User/Downloads/wihsata final/wihsata-combined/wihsata-api/vendor/laravel/framework/src/Illuminate/Database/Connection.php:825)
[stacktrace]
#0 C:/Users/User/Downloads/wihsata final/wihsata-combined/wihsata-api/vendor/laravel/framework/src/Illuminate/Database/Connection.php(979): Illuminate/Database/Connection->runQueryCallback('select * from \"...', Array, Object(Closure))
#1 C:/Users/User/Downloads/wihsata final/wihsata-combined/wihsata-api/vendor/laravel/framework/src/Illuminate/Database/Connection.php(958): Illuminate/Database/Connection->tryAgainIfCausedByLostConnection(Object(Illuminate/Database/QueryException), 'select * from \"...', Array, Object(Closure))
#2 C:/Users/User/Downloads/wihsata final/wihsata-combined/wihsata-api/vendor/laravel/framework/src/Illuminate/Database/Connection.php(781): Illuminate/Database/Connection->handleQueryException(Object(Illuminate/Database/QueryException), 'select * from \"...', Array, Object(Closure))
#3 C:/Users/User/Downloads/wihsata final/wihsata-combined/wihsata-api/vendor/laravel/framework/src/Illuminate/Database/Connection.php(398): Illuminate/Database/Connection->run('select * from \"...', Array, Object(Closure))
#4 C:/Users/User/Downloads/wihsata final/wihsata-combined/wihsata-api/vendor/laravel/framework/src/Illuminate/Database/Query/Builder.php(3106): Illuminate/Database/Connection->select('select * from \"...', Array, true)
#5 C:/Users/User/Downloads/wihsata final/wihsata-combined/wihsata-api/vendor/laravel/framework/src/Illuminate/Database/Query/Builder.php(3091): Illuminate/Database/Query/Builder->runSelect()
#6 C:/Users/User/Downloads/wihsata final/wihsata-combined/wihsata-api/vendor/laravel/framework/src/Illuminate/Database/Query/Builder.php(3676): Illuminate/Database/Query/Builder->Illuminate/Database/Query/{closure}()
#7 C:/Users/User/Downloads/wihsata final/wihsata-combined/wihsata-api/vendor/laravel/framework/src/Illuminate/Database/Query/Builder.php(3090): Illuminate/Database/Query/Builder->onceWithColumns(Array, Object(Closure))
#8 C:/Users/User/Downloads/wihsata final/wihsata-combined/wihsata-api/vendor/laravel/framework/src/Illuminate/Database/Eloquent/Builder.php(811): Illuminate/Database/Query/Builder->get(Array)
#9 C:/Users/User/Downloads/wihsata final/wihsata-combined/wihsata-api/vendor/laravel/framework/src/Illuminate/Database/Eloquent/Builder.php(793): Illuminate/Database/Eloquent/Builder->getModels(Array)
#10 C:/Users/User/Downloads/wihsata final/wihsata-combined/wihsata-api/vendor/laravel/framework/src/Illuminate/Database/Concerns/BuildsQueries.php(343): Illuminate/Database/Eloquent/Builder->get(Array)
#11 C:/Users/User/Downloads/wihsata final/wihsata-combined/wihsata-api/vendor/laravel/framework/src/Illuminate/Database/Eloquent/Builder.php(477): Illuminate/Database/Eloquent/Builder->first(Array)
#12 C:/Users/User/Downloads/wihsata final/wihsata-combined/wihsata-api/vendor/laravel/framework/src/Illuminate/Support/Traits/ForwardsCalls.php(23): Illuminate/Database/Eloquent/Builder->find('1')
#13 C:/Users/User/Downloads/wihsata final/wihsata-combined/wihsata-api/vendor/laravel/framework/src/Illuminate/Database/Eloquent/Model.php(2372): Illuminate/Database/Eloquent/Model->forwardCallTo(Object(Illuminate/Database/Eloquent/Builder), 'find', Array)
#14 C:/Users/User/Downloads/wihsata final/wihsata-combined/wihsata-api/vendor/laravel/framework/src/Illuminate/Database/Eloquent/Model.php(2384): Illuminate/Database/Eloquent/Model->__call('find', Array)
#15 C:/Users/User/Downloads/wihsata final/wihsata-combined/wihsata-api/vendor/laravel/sanctum/src/PersonalAccessToken.php(66): Illuminate/Database/Eloquent/Model::__callStatic('find', Array)
#16 C:/Users/User/Downloads/wihsata final/wihsata-combined/wihsata-api/vendor/laravel/sanctum/src/Guard.php(43): Laravel/Sanctum/PersonalAccessToken::findToken('ng4GobHtHkht0rH...')
#17 [internal function]: Laravel/Sanctum/Guard->__invoke(Object(Illuminate/Http/Request), Object(Illuminate/Auth/EloquentUserProvider))
#18 C:/Users/User/Downloads/wihsata final/wihsata-combined/wihsata-api/vendor/laravel/framework/src/Illuminate/Auth/RequestGuard.php(57): call_user_func(Object(Laravel/Sanctum/Guard), Object(Illuminate/Http/Request), Object(Illuminate/Auth/EloquentUserProvider))
#19 C:/Users/User/Downloads/wihsata final/wihsata-combined/wihsata-api/vendor/laravel/framework/src/Illuminate/Auth/GuardHelpers.php(56): Illuminate/Auth/RequestGuard->user()
#20 C:/Users/User/Downloads/wihsata final/wihsata-combined/wihsata-api/vendor/laravel/framework/src/Illuminate/Auth/Middleware/Authenticate.php(83): Illuminate/Auth/RequestGuard->check()
#21 C:/Users/User/Downloads/wihsata final/wihsata-combined/wihsata-api/vendor/laravel/framework/src/Illuminate/Auth/Middleware/Authenticate.php(62): Illuminate/Auth/Middleware/Authenticate->authenticate(Object(Illuminate/Http/Request), Array)
#22 C:/Users/User/Downloads/wihsata final/wihsata-combined/wihsata-api/vendor/laravel/framework/src/Illuminate/Pipeline/Pipeline.php(209): Illuminate/Auth/Middleware/Authenticate->handle(Object(Illuminate/Http/Request), Object(Closure), 'sanctum')
#23 C:/Users/User/Downloads/wihsata final/wihsata-combined/wihsata-api/vendor/laravel/framework/src/Illuminate/Http/Middleware/HandleCors.php(62): Illuminate/Pipeline/Pipeline->Illuminate/Pipeline/{closure}(Object(Illuminate/Http/Request))
#24 C:/Users/User/Downloads/wihsata final/wihsata-combined/wihsata-api/vendor/laravel/framework/src/Illuminate/Pipeline/Pipeline.php(209): Illuminate/Http/Middleware/HandleCors->handle(Object(Illuminate/Http/Request), Object(Closure))
#25 C:/Users/User/Downloads/wihsata final/wihsata-combined/wihsata-api/vendor/laravel/framework/src/Illuminate/Pipeline/Pipeline.php(127): Illuminate/Pipeline/Pipeline->Illuminate/Pipeline/{closure}(Object(Illuminate/Http/Request))
#26 C:/Users/User/Downloads/wihsata final/wihsata-combined/wihsata-api/vendor/laravel/framework/src/Illuminate/Routing/Router.php(807): Illuminate/Pipeline/Pipeline->then(Object(Closure))
#27 C:/Users/User/Downloads/wihsata final/wihsata-combined/wihsata-api/vendor/laravel/framework/src/Illuminate/Routing/Router.php(786): Illuminate/Routing/Router->runRouteWithinStack(Object(Illuminate/Routing/Route), Object(Illuminate/Http/Request))
#28 C:/Users/User/Downloads/wihsata final/wihsata-combined/wihsata-api/vendor/laravel/framework/src/Illuminate/Routing/Router.php(750): Illuminate/Routing/Router->runRoute(Object(Illuminate/Http/Request), Object(Illuminate/Routing/Route))
#29 C:/Users/User/Downloads/wihsata final/wihsata-combined/wihsata-api/vendor/laravel/framework/src/Illuminate/Routing/Router.php(739): Illuminate/Routing/Router->dispatchToRoute(Object(Illuminate/Http/Request))
#30 C:/Users/User/Downloads/wihsata final/wihsata-combined/wihsata-api/vendor/laravel/framework/src/Illuminate/Foundation/Http/Kernel.php(201): Illuminate/Routing/Router->dispatch(Object(Illuminate/Http/Request))
#31 C:/Users/User/Downloads/wihsata final/wihsata-combined/wihsata-api/vendor/laravel/framework/src/Illuminate/Pipeline/Pipeline.php(170): Illuminate/Foundation/Http/Kernel->Illuminate/Foundation/Http/{closure}(Object(Illuminate/Http/Request))
#32 C:/Users/User/Downloads/wihsata final/wihsata-combined/wihsata-api/vendor/laravel/framework/src/Illuminate/Foundation/Http/Middleware/TransformsRequest.php(21): Illuminate/Pipeline/Pipeline->Illuminate/Pipeline/{closure}(Object(Illuminate/Http/Request))
#33 C:/Users/User/Downloads/wihsata final/wihsata-combined/wihsata-api/vendor/laravel/framework/src/Illuminate/Foundation/Http/Middleware/ConvertEmptyStringsToNull.php(31): Illuminate/Foundation/Http/Middleware/TransformsRequest->handle(Object(Illuminate/Http/Request), Object(Closure))
#34 C:/Users/User/Downloads/wihsata final/wihsata-combined/wihsata-api/vendor/laravel/framework/src/Illuminate/Pipeline/Pipeline.php(209): Illuminate/Foundation/Http/Middleware/ConvertEmptyStringsToNull->handle(Object(Illuminate/Http/Request), Object(Closure))
#35 C:/Users/User/Downloads/wihsata final/wihsata-combined/wihsata-api/vendor/laravel/framework/src/Illuminate/Foundation/Http/Middleware/TransformsRequest.php(21): Illuminate/Pipeline/Pipeline->Illuminate/Pipeline/{closure}(Object(Illuminate/Http/Request))
#36 C:/Users/User/Downloads/wihsata final/wihsata-combined/wihsata-api/vendor/laravel/framework/src/Illuminate/Foundation/Http/Middleware/TrimStrings.php(51): Illuminate/Foundation/Http/Middleware/TransformsRequest->handle(Object(Illuminate/Http/Request), Object(Closure))
#37 C:/Users/User/Downloads/wihsata final/wihsata-combined/wihsata-api/vendor/laravel/framework/src/Illuminate/Pipeline/Pipeline.php(209): Illuminate/Foundation/Http/Middleware/TrimStrings->handle(Object(Illuminate/Http/Request), Object(Closure))
#38 C:/Users/User/Downloads/wihsata final/wihsata-combined/wihsata-api/vendor/laravel/framework/src/Illuminate/Http/Middleware/ValidatePostSize.php(27): Illuminate/Pipeline/Pipeline->Illuminate/Pipeline/{closure}(Object(Illuminate/Http/Request))
#39 C:/Users/User/Downloads/wihsata final/wihsata-combined/wihsata-api/vendor/laravel/framework/src/Illuminate/Pipeline/Pipeline.php(209): Illuminate/Http/Middleware/ValidatePostSize->handle(Object(Illuminate/Http/Request), Object(Closure))
#40 C:/Users/User/Downloads/wihsata final/wihsata-combined/wihsata-api/vendor/laravel/framework/src/Illuminate/Foundation/Http/Middleware/PreventRequestsDuringMaintenance.php(110): Illuminate/Pipeline/Pipeline->Illuminate/Pipeline/{closure}(Object(Illuminate/Http/Request))
#41 C:/Users/User/Downloads/wihsata final/wihsata-combined/wihsata-api/vendor/laravel/framework/src/Illuminate/Pipeline/Pipeline.php(209): Illuminate/Foundation/Http/Middleware/PreventRequestsDuringMaintenance->handle(Object(Illuminate/Http/Request), Object(Closure))
#42 C:/Users/User/Downloads/wihsata final/wihsata-combined/wihsata-api/vendor/laravel/framework/src/Illuminate/Http/Middleware/HandleCors.php(62): Illuminate/Pipeline/Pipeline->Illuminate/Pipeline/{closure}(Object(Illuminate/Http/Request))
#43 C:/Users/User/Downloads/wihsata final/wihsata-combined/wihsata-api/vendor/laravel/framework/src/Illuminate/Pipeline/Pipeline.php(209): Illuminate/Http/Middleware/HandleCors->handle(Object(Illuminate/Http/Request), Object(Closure))
#44 C:/Users/User/Downloads/wihsata final/wihsata-combined/wihsata-api/vendor/laravel/framework/src/Illuminate/Http/Middleware/TrustProxies.php(58): Illuminate/Pipeline/Pipeline->Illuminate/Pipeline/{closure}(Object(Illuminate/Http/Request))
#45 C:/Users/User/Downloads/wihsata final/wihsata-combined/wihsata-api/vendor/laravel/framework/src/Illuminate/Pipeline/Pipeline.php(209): Illuminate/Http/Middleware/TrustProxies->handle(Object(Illuminate/Http/Request), Object(Closure))
#46 C:/Users/User/Downloads/wihsata final/wihsata-combined/wihsata-api/vendor/laravel/framework/src/Illuminate/Foundation/Http/Middleware/InvokeDeferredCallbacks.php(22): Illuminate/Pipeline/Pipeline->Illuminate/Pipeline/{closure}(Object(Illuminate/Http/Request))
#47 C:/Users/User/Downloads/wihsata final/wihsata-combined/wihsata-api/vendor/laravel/framework/src/Illuminate/Pipeline/Pipeline.php(209): Illuminate/Foundation/Http/Middleware/InvokeDeferredCallbacks->handle(Object(Illuminate/Http/Request), Object(Closure))
#48 C:/Users/User/Downloads/wihsata final/wihsata-combined/wihsata-api/vendor/laravel/framework/src/Illuminate/Pipeline/Pipeline.php(127): Illuminate/Pipeline/Pipeline->Illuminate/Pipeline/{closure}(Object(Illuminate/Http/Request))
#49 C:/Users/User/Downloads/wihsata final/wihsata-combined/wihsata-api/vendor/laravel/framework/src/Illuminate/Foundation/Http/Kernel.php(176): Illuminate/Pipeline/Pipeline->then(Object(Closure))
#50 C:/Users/User/Downloads/wihsata final/wihsata-combined/wihsata-api/vendor/laravel/framework/src/Illuminate/Foundation/Http/Kernel.php(145): Illuminate/Foundation/Http/Kernel->sendRequestThroughRouter(Object(Illuminate/Http/Request))
#51 C:/Users/User/Downloads/wihsata final/wihsata-combined/wihsata-api/vendor/laravel/framework/src/Illuminate/Foundation/Application.php(1220): Illuminate/Foundation/Http/Kernel->handle(Object(Illuminate/Http/Request))
#52 C:/Users/User/Downloads/wihsata final/wihsata-combined/wihsata-api/public/index.php(17): Illuminate/Foundation/Application->handleRequest(Object(Illuminate/Http/Request))
#53 C:/Users/User/Downloads/wihsata final/wihsata-combined/wihsata-api/vendor/laravel/framework/src/Illuminate/Foundation/resources/server.php(23): require_once('C://Users//User//D...')
#54 {main}

[previous exception] [object] (PDOException(code: 7): SQLSTATE[08006] [7] could not translate host name \"ep-young-glade-azm0ni7w.c-3.ap-southeast-1.aws.neon.tech\" to address: Unknown host at C:/Users/User/Downloads/wihsata final/wihsata-combined/wihsata-api/vendor/laravel/framework/src/Illuminate/Database/Connectors/Connector.php:66)
[stacktrace]
#0 C:/Users/User/Downloads/wihsata final/wihsata-combined/wihsata-api/vendor/laravel/framework/src/Illuminate/Database/Connectors/Connector.php(66): PDO->__construct('pgsql:host=ep-y...', 'neondb_owner', Object(SensitiveParameterValue), Array)
#1 C:/Users/User/Downloads/wihsata final/wihsata-combined/wihsata-api/vendor/laravel/framework/src/Illuminate/Database/Connectors/Connector.php(85): Illuminate/Database/Connectors/Connector->createPdoConnection('pgsql:host=ep-y...', 'neondb_owner', Object(SensitiveParameterValue), Array)
#2 C:/Users/User/Downloads/wihsata final/wihsata-combined/wihsata-api/vendor/laravel/framework/src/Illuminate/Database/Connectors/Connector.php(48): Illuminate/Database/Connectors/Connector->tryAgainIfCausedByLostConnection(Object(PDOException), 'pgsql:host=ep-y...', 'neondb_owner', Object(SensitiveParameterValue), Array)
#3 C:/Users/User/Downloads/wihsata final/wihsata-combined/wihsata-api/vendor/laravel/framework/src/Illuminate/Database/Connectors/PostgresConnector.php(35): Illuminate/Database/Connectors/Connector->createConnection('pgsql:host=ep-y...', Array, Array)
#4 C:/Users/User/Downloads/wihsata final/wihsata-combined/wihsata-api/vendor/laravel/framework/src/Illuminate/Database/Connectors/ConnectionFactory.php(185): Illuminate/Database/Connectors/PostgresConnector->connect(Array)
#5 [internal function]: Illuminate/Database/Connectors/ConnectionFactory->Illuminate/Database/Connectors/{closure}()
#6 C:/Users/User/Downloads/wihsata final/wihsata-combined/wihsata-api/vendor/laravel/framework/src/Illuminate/Database/Connection.php(1231): call_user_func(Object(Closure))
#7 C:/Users/User/Downloads/wihsata final/wihsata-combined/wihsata-api/vendor/laravel/framework/src/Illuminate/Database/Connection.php(1267): Illuminate/Database/Connection->getPdo()
#8 C:/Users/User/Downloads/wihsata final/wihsata-combined/wihsata-api/vendor/laravel/framework/src/Illuminate/Database/Connection.php(512): Illuminate/Database/Connection->getReadPdo()
#9 C:/Users/User/Downloads/wihsata final/wihsata-combined/wihsata-api/vendor/laravel/framework/src/Illuminate/Database/Connection.php(407): Illuminate/Database/Connection->getPdoForSelect(true)
#10 C:/Users/User/Downloads/wihsata final/wihsata-combined/wihsata-api/vendor/laravel/framework/src/Illuminate/Database/Connection.php(812): Illuminate/Database/Connection->Illuminate/Database/{closure}('select * from \"...', Array)
#11 C:/Users/User/Downloads/wihsata final/wihsata-combined/wihsata-api/vendor/laravel/framework/src/Illuminate/Database/Connection.php(979): Illuminate/Database/Connection->runQueryCallback('select * from \"...', Array, Object(Closure))
#12 C:/Users/User/Downloads/wihsata final/wihsata-combined/wihsata-api/vendor/laravel/framework/src/Illuminate/Database/Connection.php(958): Illuminate/Database/Connection->tryAgainIfCausedByLostConnection(Object(Illuminate/Database/QueryException), 'select * from \"...', Array, Object(Closure))
#13 C:/Users/User/Downloads/wihsata final/wihsata-combined/wihsata-api/vendor/laravel/framework/src/Illuminate/Database/Connection.php(781): Illuminate/Database/Connection->handleQueryException(Object(Illuminate/Database/QueryException), 'select * from \"...', Array, Object(Closure))
#14 C:/Users/User/Downloads/wihsata final/wihsata-combined/wihsata-api/vendor/laravel/framework/src/Illuminate/Database/Connection.php(398): Illuminate/Database/Connection->run('select * from \"...', Array, Object(Closure))
#15 C:/Users/User/Downloads/wihsata final/wihsata-combined/wihsata-api/vendor/laravel/framework/src/Illuminate/Database/Query/Builder.php(3106): Illuminate/Database/Connection->select('select * from \"...', Array, true)
#16 C:/Users/User/Downloads/wihsata final/wihsata-combined/wihsata-api/vendor/laravel/framework/src/Illuminate/Database/Query/Builder.php(3091): Illuminate/Database/Query/Builder->runSelect()
#17 C:/Users/User/Downloads/wihsata final/wihsata-combined/wihsata-api/vendor/laravel/framework/src/Illuminate/Database/Query/Builder.php(3676): Illuminate/Database/Query/Builder->Illuminate/Database/Query/{closure}()
#18 C:/Users/User/Downloads/wihsata final/wihsata-combined/wihsata-api/vendor/laravel/framework/src/Illuminate/Database/Query/Builder.php(3090): Illuminate/Database/Query/Builder->onceWithColumns(Array, Object(Closure))
#19 C:/Users/User/Downloads/wihsata final/wihsata-combined/wihsata-api/vendor/laravel/framework/src/Illuminate/Database/Eloquent/Builder.php(811): Illuminate/Database/Query/Builder->get(Array)
#20 C:/Users/User/Downloads/wihsata final/wihsata-combined/wihsata-api/vendor/laravel/framework/src/Illuminate/Database/Eloquent/Builder.php(793): Illuminate/Database/Eloquent/Builder->getModels(Array)
#21 C:/Users/User/Downloads/wihsata final/wihsata-combined/wihsata-api/vendor/laravel/framework/src/Illuminate/Database/Concerns/BuildsQueries.php(343): Illuminate/Database/Eloquent/Builder->get(Array)
#22 C:/Users/User/Downloads/wihsata final/wihsata-combined/wihsata-api/vendor/laravel/framework/src/Illuminate/Database/Eloquent/Builder.php(477): Illuminate/Database/Eloquent/Builder->first(Array)
#23 C:/Users/User/Downloads/wihsata final/wihsata-combined/wihsata-api/vendor/laravel/framework/src/Illuminate/Support/Traits/ForwardsCalls.php(23): Illuminate/Database/Eloquent/Builder->find('1')
#24 C:/Users/User/Downloads/wihsata final/wihsata-combined/wihsata-api/vendor/laravel/framework/src/Illuminate/Database/Eloquent/Model.php(2372): Illuminate/Database/Eloquent/Model->forwardCallTo(Object(Illuminate/Database/Eloquent/Builder), 'find', Array)
#25 C:/Users/User/Downloads/wihsata final/wihsata-combined/wihsata-api/vendor/laravel/framework/src/Illuminate/Database/Eloquent/Model.php(2384): Illuminate/Database/Eloquent/Model->__call('find', Array)
#26 C:/Users/User/Downloads/wihsata final/wihsata-combined/wihsata-api/vendor/laravel/sanctum/src/PersonalAccessToken.php(66): Illuminate/Database/Eloquent/Model::__callStatic('find', Array)
#27 C:/Users/User/Downloads/wihsata final/wihsata-combined/wihsata-api/vendor/laravel/sanctum/src/Guard.php(43): Laravel/Sanctum/PersonalAccessToken::findToken('ng4GobHtHkht0rH...')
#28 [internal function]: Laravel/Sanctum/Guard->__invoke(Object(Illuminate/Http/Request), Object(Illuminate/Auth/EloquentUserProvider))
#29 C:/Users/User/Downloads/wihsata final/wihsata-combined/wihsata-api/vendor/laravel/framework/src/Illuminate/Auth/RequestGuard.php(57): call_user_func(Object(Laravel/Sanctum/Guard), Object(Illuminate/Http/Request), Object(Illuminate/Auth/EloquentUserProvider))
#30 C:/Users/User/Downloads/wihsata final/wihsata-combined/wihsata-api/vendor/laravel/framework/src/Illuminate/Auth/GuardHelpers.php(56): Illuminate/Auth/RequestGuard->user()
#31 C:/Users/User/Downloads/wihsata final/wihsata-combined/wihsata-api/vendor/laravel/framework/src/Illuminate/Auth/Middleware/Authenticate.php(83): Illuminate/Auth/RequestGuard->check()
#32 C:/Users/User/Downloads/wihsata final/wihsata-combined/wihsata-api/vendor/laravel/framework/src/Illuminate/Auth/Middleware/Authenticate.php(62): Illuminate/Auth/Middleware/Authenticate->authenticate(Object(Illuminate/Http/Request), Array)
#33 C:/Users/User/Downloads/wihsata final/wihsata-combined/wihsata-api/vendor/laravel/framework/src/Illuminate/Pipeline/Pipeline.php(209): Illuminate/Auth/Middleware/Authenticate->handle(Object(Illuminate/Http/Request), Object(Closure), 'sanctum')
#34 C:/Users/User/Downloads/wihsata final/wihsata-combined/wihsata-api/vendor/laravel/framework/src/Illuminate/Http/Middleware/HandleCors.php(62): Illuminate/Pipeline/Pipeline->Illuminate/Pipeline/{closure}(Object(Illuminate/Http/Request))
#35 C:/Users/User/Downloads/wihsata final/wihsata-combined/wihsata-api/vendor/laravel/framework/src/Illuminate/Pipeline/Pipeline.php(209): Illuminate/Http/Middleware/HandleCors->handle(Object(Illuminate/Http/Request), Object(Closure))
#36 C:/Users/User/Downloads/wihsata final/wihsata-combined/wihsata-api/vendor/laravel/framework/src/Illuminate/Pipeline/Pipeline.php(127): Illuminate/Pipeline/Pipeline->Illuminate/Pipeline/{closure}(Object(Illuminate/Http/Request))
#37 C:/Users/User/Downloads/wihsata final/wihsata-combined/wihsata-api/vendor/laravel/framework/src/Illuminate/Routing/Router.php(807): Illuminate/Pipeline/Pipeline->then(Object(Closure))
#38 C:/Users/User/Downloads/wihsata final/wihsata-combined/wihsata-api/vendor/laravel/framework/src/Illuminate/Routing/Router.php(786): Illuminate/Routing/Router->runRouteWithinStack(Object(Illuminate/Routing/Route), Object(Illuminate/Http/Request))
#39 C:/Users/User/Downloads/wihsata final/wihsata-combined/wihsata-api/vendor/laravel/framework/src/Illuminate/Routing/Router.php(750): Illuminate/Routing/Router->runRoute(Object(Illuminate/Http/Request), Object(Illuminate/Routing/Route))
#40 C:/Users/User/Downloads/wihsata final/wihsata-combined/wihsata-api/vendor/laravel/framework/src/Illuminate/Routing/Router.php(739): Illuminate/Routing/Router->dispatchToRoute(Object(Illuminate/Http/Request))
#41 C:/Users/User/Downloads/wihsata final/wihsata-combined/wihsata-api/vendor/laravel/framework/src/Illuminate/Foundation/Http/Kernel.php(201): Illuminate/Routing/Router->dispatch(Object(Illuminate/Http/Request))
#42 C:/Users/User/Downloads/wihsata final/wihsata-combined/wihsata-api/vendor/laravel/framework/src/Illuminate/Pipeline/Pipeline.php(170): Illuminate/Foundation/Http/Kernel->Illuminate/Foundation/Http/{closure}(Object(Illuminate/Http/Request))
#43 C:/Users/User/Downloads/wihsata final/wihsata-combined/wihsata-api/vendor/laravel/framework/src/Illuminate/Foundation/Http/Middleware/TransformsRequest.php(21): Illuminate/Pipeline/Pipeline->Illuminate/Pipeline/{closure}(Object(Illuminate/Http/Request))
#44 C:/Users/User/Downloads/wihsata final/wihsata-combined/wihsata-api/vendor/laravel/framework/src/Illuminate/Foundation/Http/Middleware/ConvertEmptyStringsToNull.php(31): Illuminate/Foundation/Http/Middleware/TransformsRequest->handle(Object(Illuminate/Http/Request), Object(Closure))
#45 C:/Users/User/Downloads/wihsata final/wihsata-combined/wihsata-api/vendor/laravel/framework/src/Illuminate/Pipeline/Pipeline.php(209): Illuminate/Foundation/Http/Middleware/ConvertEmptyStringsToNull->handle(Object(Illuminate/Http/Request), Object(Closure))
#46 C:/Users/User/Downloads/wihsata final/wihsata-combined/wihsata-api/vendor/laravel/framework/src/Illuminate/Foundation/Http/Middleware/TransformsRequest.php(21): Illuminate/Pipeline/Pipeline->Illuminate/Pipeline/{closure}(Object(Illuminate/Http/Request))
#47 C:/Users/User/Downloads/wihsata final/wihsata-combined/wihsata-api/vendor/laravel/framework/src/Illuminate/Foundation/Http/Middleware/TrimStrings.php(51): Illuminate/Foundation/Http/Middleware/TransformsRequest->handle(Object(Illuminate/Http/Request), Object(Closure))
#48 C:/Users/User/Downloads/wihsata final/wihsata-combined/wihsata-api/vendor/laravel/framework/src/Illuminate/Pipeline/Pipeline.php(209): Illuminate/Foundation/Http/Middleware/TrimStrings->handle(Object(Illuminate/Http/Request), Object(Closure))
#49 C:/Users/User/Downloads/wihsata final/wihsata-combined/wihsata-api/vendor/laravel/framework/src/Illuminate/Http/Middleware/ValidatePostSize.php(27): Illuminate/Pipeline/Pipeline->Illuminate/Pipeline/{closure}(Object(Illuminate/Http/Request))
#50 C:/Users/User/Downloads/wihsata final/wihsata-combined/wihsata-api/vendor/laravel/framework/src/Illuminate/Pipeline/Pipeline.php(209): Illuminate/Http/Middleware/ValidatePostSize->handle(Object(Illuminate/Http/Request), Object(Closure))
#51 C:/Users/User/Downloads/wihsata final/wihsata-combined/wihsata-api/vendor/laravel/framework/src/Illuminate/Foundation/Http/Middleware/PreventRequestsDuringMaintenance.php(110): Illuminate/Pipeline/Pipeline->Illuminate/Pipeline/{closure}(Object(Illuminate/Http/Request))
#52 C:/Users/User/Downloads/wihsata final/wihsata-combined/wihsata-api/vendor/laravel/framework/src/Illuminate/Pipeline/Pipeline.php(209): Illuminate/Foundation/Http/Middleware/PreventRequestsDuringMaintenance->handle(Object(Illuminate/Http/Request), Object(Closure))
#53 C:/Users/User/Downloads/wihsata final/wihsata-combined/wihsata-api/vendor/laravel/framework/src/Illuminate/Http/Middleware/HandleCors.php(62): Illuminate/Pipeline/Pipeline->Illuminate/Pipeline/{closure}(Object(Illuminate/Http/Request))
#54 C:/Users/User/Downloads/wihsata final/wihsata-combined/wihsata-api/vendor/laravel/framework/src/Illuminate/Pipeline/Pipeline.php(209): Illuminate/Http/Middleware/HandleCors->handle(Object(Illuminate/Http/Request), Object(Closure))
#55 C:/Users/User/Downloads/wihsata final/wihsata-combined/wihsata-api/vendor/laravel/framework/src/Illuminate/Http/Middleware/TrustProxies.php(58): Illuminate/Pipeline/Pipeline->Illuminate/Pipeline/{closure}(Object(Illuminate/Http/Request))
#56 C:/Users/User/Downloads/wihsata final/wihsata-combined/wihsata-api/vendor/laravel/framework/src/Illuminate/Pipeline/Pipeline.php(209): Illuminate/Http/Middleware/TrustProxies->handle(Object(Illuminate/Http/Request), Object(Closure))
#57 C:/Users/User/Downloads/wihsata final/wihsata-combined/wihsata-api/vendor/laravel/framework/src/Illuminate/Foundation/Http/Middleware/InvokeDeferredCallbacks.php(22): Illuminate/Pipeline/Pipeline->Illuminate/Pipeline/{closure}(Object(Illuminate/Http/Request))
#58 C:/Users/User/Downloads/wihsata final/wihsata-combined/wihsata-api/vendor/laravel/framework/src/Illuminate/Pipeline/Pipeline.php(209): Illuminate/Foundation/Http/Middleware/InvokeDeferredCallbacks->handle(Object(Illuminate/Http/Request), Object(Closure))
#59 C:/Users/User/Downloads/wihsata final/wihsata-combined/wihsata-api/vendor/laravel/framework/src/Illuminate/Pipeline/Pipeline.php(127): Illuminate/Pipeline/Pipeline->Illuminate/Pipeline/{closure}(Object(Illuminate/Http/Request))
#60 C:/Users/User/Downloads/wihsata final/wihsata-combined/wihsata-api/vendor/laravel/framework/src/Illuminate/Foundation/Http/Kernel.php(176): Illuminate/Pipeline/Pipeline->then(Object(Closure))
#61 C:/Users/User/Downloads/wihsata final/wihsata-combined/wihsata-api/vendor/laravel/framework/src/Illuminate/Foundation/Http/Kernel.php(145): Illuminate/Foundation/Http/Kernel->sendRequestThroughRouter(Object(Illuminate/Http/Request))
#62 C:/Users/User/Downloads/wihsata final/wihsata-combined/wihsata-api/vendor/laravel/framework/src/Illuminate/Foundation/Application.php(1220): Illuminate/Foundation/Http/Kernel->handle(Object(Illuminate/Http/Request))
#63 C:/Users/User/Downloads/wihsata final/wihsata-combined/wihsata-api/public/index.php(17): Illuminate/Foundation/Application->handleRequest(Object(Illuminate/Http/Request))
#64 C:/Users/User/Downloads/wihsata final/wihsata-combined/wihsata-api/vendor/laravel/framework/src/Illuminate/Foundation/resources/server.php(23): require_once('C://Users//User//D...')
#65 {main}
"} 
[2026-08-18 05:34:24] local.ERROR: SQLSTATE[08006] [7] could not translate host name "ep-young-glade-azm0ni7w.c-3.ap-southeast-1.aws.neon.tech" to address: Unknown host (Connection: pgsql, SQL: select * from "personal_access_tokens" where "personal_access_tokens"."id" = 1 limit 1) {"exception":"[object] (Illuminate\\Database\\QueryException(code: 7): SQLSTATE[08006] [7] could not translate host name \"ep-young-glade-azm0ni7w.c-3.ap-southeast-1.aws.neon.tech\" to address: Unknown host (Connection: pgsql, SQL: select * from \"personal_access_tokens\" where \"personal_access_tokens\".\"id\" = 1 limit 1) at C:/Users/User/Downloads/wihsata final/wihsata-combined/wihsata-api/vendor/laravel/framework/src/Illuminate/Database/Connection.php:825)
[stacktrace]
#0 C:/Users/User/Downloads/wihsata final/wihsata-combined/wihsata-api/vendor/laravel/framework/src/Illuminate/Database/Connection.php(979): Illuminate/Database/Connection->runQueryCallback('select * from \"...', Array, Object(Closure))
#1 C:/Users/User/Downloads/wihsata final/wihsata-combined/wihsata-api/vendor/laravel/framework/src/Illuminate/Database/Connection.php(958): Illuminate/Database/Connection->tryAgainIfCausedByLostConnection(Object(Illuminate/Database/QueryException), 'select * from \"...', Array, Object(Closure))
#2 C:/Users/User/Downloads/wihsata final/wihsata-combined/wihsata-api/vendor/laravel/framework/src/Illuminate/Database/Connection.php(781): Illuminate/Database/Connection->handleQueryException(Object(Illuminate/Database/QueryException), 'select * from \"...', Array, Object(Closure))
#3 C:/Users/User/Downloads/wihsata final/wihsata-combined/wihsata-api/vendor/laravel/framework/src/Illuminate/Database/Connection.php(398): Illuminate/Database/Connection->run('select * from \"...', Array, Object(Closure))
#4 C:/Users/User/Downloads/wihsata final/wihsata-combined/wihsata-api/vendor/laravel/framework/src/Illuminate/Database/Query/Builder.php(3106): Illuminate/Database/Connection->select('select * from \"...', Array, true)
#5 C:/Users/User/Downloads/wihsata final/wihsata-combined/wihsata-api/vendor/laravel/framework/src/Illuminate/Database/Query/Builder.php(3091): Illuminate/Database/Query/Builder->runSelect()
#6 C:/Users/User/Downloads/wihsata final/wihsata-combined/wihsata-api/vendor/laravel/framework/src/Illuminate/Database/Query/Builder.php(3676): Illuminate/Database/Query/Builder->Illuminate/Database/Query/{closure}()
#7 C:/Users/User/Downloads/wihsata final/wihsata-combined/wihsata-api/vendor/laravel/framework/src/Illuminate/Database/Query/Builder.php(3090): Illuminate/Database/Query/Builder->onceWithColumns(Array, Object(Closure))
#8 C:/Users/User/Downloads/wihsata final/wihsata-combined/wihsata-api/vendor/laravel/framework/src/Illuminate/Database/Eloquent/Builder.php(811): Illuminate/Database/Query/Builder->get(Array)
#9 C:/Users/User/Downloads/wihsata final/wihsata-combined/wihsata-api/vendor/laravel/framework/src/Illuminate/Database/Eloquent/Builder.php(793): Illuminate/Database/Eloquent/Builder->getModels(Array)
#10 C:/Users/User/Downloads/wihsata final/wihsata-combined/wihsata-api/vendor/laravel/framework/src/Illuminate/Database/Concerns/BuildsQueries.php(343): Illuminate/Database/Eloquent/Builder->get(Array)
#11 C:/Users/User/Downloads/wihsata final/wihsata-combined/wihsata-api/vendor/laravel/framework/src/Illuminate/Database/Eloquent/Builder.php(477): Illuminate/Database/Eloquent/Builder->first(Array)
#12 C:/Users/User/Downloads/wihsata final/wihsata-combined/wihsata-api/vendor/laravel/framework/src/Illuminate/Support/Traits/ForwardsCalls.php(23): Illuminate/Database/Eloquent/Builder->find('1')
#13 C:/Users/User/Downloads/wihsata final/wihsata-combined/wihsata-api/vendor/laravel/framework/src/Illuminate/Database/Eloquent/Model.php(2372): Illuminate/Database/Eloquent/Model->forwardCallTo(Object(Illuminate/Database/Eloquent/Builder), 'find', Array)
#14 C:/Users/User/Downloads/wihsata final/wihsata-combined/wihsata-api/vendor/laravel/framework/src/Illuminate/Database/Eloquent/Model.php(2384): Illuminate/Database/Eloquent/Model->__call('find', Array)
#15 C:/Users/User/Downloads/wihsata final/wihsata-combined/wihsata-api/vendor/laravel/sanctum/src/PersonalAccessToken.php(66): Illuminate/Database/Eloquent/Model::__callStatic('find', Array)
#16 C:/Users/User/Downloads/wihsata final/wihsata-combined/wihsata-api/vendor/laravel/sanctum/src/Guard.php(43): Laravel/Sanctum/PersonalAccessToken::findToken('ng4GobHtHkht0rH...')
#17 [internal function]: Laravel/Sanctum/Guard->__invoke(Object(Illuminate/Http/Request), Object(Illuminate/Auth/EloquentUserProvider))
#18 C:/Users/User/Downloads/wihsata final/wihsata-combined/wihsata-api/vendor/laravel/framework/src/Illuminate/Auth/RequestGuard.php(57): call_user_func(Object(Laravel/Sanctum/Guard), Object(Illuminate/Http/Request), Object(Illuminate/Auth/EloquentUserProvider))
#19 C:/Users/User/Downloads/wihsata final/wihsata-combined/wihsata-api/vendor/laravel/framework/src/Illuminate/Auth/GuardHelpers.php(56): Illuminate/Auth/RequestGuard->user()
#20 C:/Users/User/Downloads/wihsata final/wihsata-combined/wihsata-api/vendor/laravel/framework/src/Illuminate/Auth/Middleware/Authenticate.php(83): Illuminate/Auth/RequestGuard->check()
#21 C:/Users/User/Downloads/wihsata final/wihsata-combined/wihsata-api/vendor/laravel/framework/src/Illuminate/Auth/Middleware/Authenticate.php(62): Illuminate/Auth/Middleware/Authenticate->authenticate(Object(Illuminate/Http/Request), Array)
#22 C:/Users/User/Downloads/wihsata final/wihsata-combined/wihsata-api/vendor/laravel/framework/src/Illuminate/Pipeline/Pipeline.php(209): Illuminate/Auth/Middleware/Authenticate->handle(Object(Illuminate/Http/Request), Object(Closure), 'sanctum')
#23 C:/Users/User/Downloads/wihsata final/wihsata-combined/wihsata-api/vendor/laravel/framework/src/Illuminate/Http/Middleware/HandleCors.php(62): Illuminate/Pipeline/Pipeline->Illuminate/Pipeline/{closure}(Object(Illuminate/Http/Request))
#24 C:/Users/User/Downloads/wihsata final/wihsata-combined/wihsata-api/vendor/laravel/framework/src/Illuminate/Pipeline/Pipeline.php(209): Illuminate/Http/Middleware/HandleCors->handle(Object(Illuminate/Http/Request), Object(Closure))
#25 C:/Users/User/Downloads/wihsata final/wihsata-combined/wihsata-api/vendor/laravel/framework/src/Illuminate/Pipeline/Pipeline.php(127): Illuminate/Pipeline/Pipeline->Illuminate/Pipeline/{closure}(Object(Illuminate/Http/Request))
#26 C:/Users/User/Downloads/wihsata final/wihsata-combined/wihsata-api/vendor/laravel/framework/src/Illuminate/Routing/Router.php(807): Illuminate/Pipeline/Pipeline->then(Object(Closure))
#27 C:/Users/User/Downloads/wihsata final/wihsata-combined/wihsata-api/vendor/laravel/framework/src/Illuminate/Routing/Router.php(786): Illuminate/Routing/Router->runRouteWithinStack(Object(Illuminate/Routing/Route), Object(Illuminate/Http/Request))
#28 C:/Users/User/Downloads/wihsata final/wihsata-combined/wihsata-api/vendor/laravel/framework/src/Illuminate/Routing/Router.php(750): Illuminate/Routing/Router->runRoute(Object(Illuminate/Http/Request), Object(Illuminate/Routing/Route))
#29 C:/Users/User/Downloads/wihsata final/wihsata-combined/wihsata-api/vendor/laravel/framework/src/Illuminate/Routing/Router.php(739): Illuminate/Routing/Router->dispatchToRoute(Object(Illuminate/Http/Request))
#30 C:/Users/User/Downloads/wihsata final/wihsata-combined/wihsata-api/vendor/laravel/framework/src/Illuminate/Foundation/Http/Kernel.php(201): Illuminate/Routing/Router->dispatch(Object(Illuminate/Http/Request))
#31 C:/Users/User/Downloads/wihsata final/wihsata-combined/wihsata-api/vendor/laravel/framework/src/Illuminate/Pipeline/Pipeline.php(170): Illuminate/Foundation/Http/Kernel->Illuminate/Foundation/Http/{closure}(Object(Illuminate/Http/Request))
#32 C:/Users/User/Downloads/wihsata final/wihsata-combined/wihsata-api/vendor/laravel/framework/src/Illuminate/Foundation/Http/Middleware/TransformsRequest.php(21): Illuminate/Pipeline/Pipeline->Illuminate/Pipeline/{closure}(Object(Illuminate/Http/Request))
#33 C:/Users/User/Downloads/wihsata final/wihsata-combined/wihsata-api/vendor/laravel/framework/src/Illuminate/Foundation/Http/Middleware/ConvertEmptyStringsToNull.php(31): Illuminate/Foundation/Http/Middleware/TransformsRequest->handle(Object(Illuminate/Http/Request), Object(Closure))
#34 C:/Users/User/Downloads/wihsata final/wihsata-combined/wihsata-api/vendor/laravel/framework/src/Illuminate/Pipeline/Pipeline.php(209): Illuminate/Foundation/Http/Middleware/ConvertEmptyStringsToNull->handle(Object(Illuminate/Http/Request), Object(Closure))
#35 C:/Users/User/Downloads/wihsata final/wihsata-combined/wihsata-api/vendor/laravel/framework/src/Illuminate/Foundation/Http/Middleware/TransformsRequest.php(21): Illuminate/Pipeline/Pipeline->Illuminate/Pipeline/{closure}(Object(Illuminate/Http/Request))
#36 C:/Users/User/Downloads/wihsata final/wihsata-combined/wihsata-api/vendor/laravel/framework/src/Illuminate/Foundation/Http/Middleware/TrimStrings.php(51): Illuminate/Foundation/Http/Middleware/TransformsRequest->handle(Object(Illuminate/Http/Request), Object(Closure))
#37 C:/Users/User/Downloads/wihsata final/wihsata-combined/wihsata-api/vendor/laravel/framework/src/Illuminate/Pipeline/Pipeline.php(209): Illuminate/Foundation/Http/Middleware/TrimStrings->handle(Object(Illuminate/Http/Request), Object(Closure))
#38 C:/Users/User/Downloads/wihsata final/wihsata-combined/wihsata-api/vendor/laravel/framework/src/Illuminate/Http/Middleware/ValidatePostSize.php(27): Illuminate/Pipeline/Pipeline->Illuminate/Pipeline/{closure}(Object(Illuminate/Http/Request))
#39 C:/Users/User/Downloads/wihsata final/wihsata-combined/wihsata-api/vendor/laravel/framework/src/Illuminate/Pipeline/Pipeline.php(209): Illuminate/Http/Middleware/ValidatePostSize->handle(Object(Illuminate/Http/Request), Object(Closure))
#40 C:/Users/User/Downloads/wihsata final/wihsata-combined/wihsata-api/vendor/laravel/framework/src/Illuminate/Foundation/Http/Middleware/PreventRequestsDuringMaintenance.php(110): Illuminate/Pipeline/Pipeline->Illuminate/Pipeline/{closure}(Object(Illuminate/Http/Request))
#41 C:/Users/User/Downloads/wihsata final/wihsata-combined/wihsata-api/vendor/laravel/framework/src/Illuminate/Pipeline/Pipeline.php(209): Illuminate/Foundation/Http/Middleware/PreventRequestsDuringMaintenance->handle(Object(Illuminate/Http/Request), Object(Closure))
#42 C:/Users/User/Downloads/wihsata final/wihsata-combined/wihsata-api/vendor/laravel/framework/src/Illuminate/Http/Middleware/HandleCors.php(62): Illuminate/Pipeline/Pipeline->Illuminate/Pipeline/{closure}(Object(Illuminate/Http/Request))
#43 C:/Users/User/Downloads/wihsata final/wihsata-combined/wihsata-api/vendor/laravel/framework/src/Illuminate/Pipeline/Pipeline.php(209): Illuminate/Http/Middleware/HandleCors->handle(Object(Illuminate/Http/Request), Object(Closure))
#44 C:/Users/User/Downloads/wihsata final/wihsata-combined/wihsata-api/vendor/laravel/framework/src/Illuminate/Http/Middleware/TrustProxies.php(58): Illuminate/Pipeline/Pipeline->Illuminate/Pipeline/{closure}(Object(Illuminate/Http/Request))
#45 C:/Users/User/Downloads/wihsata final/wihsata-combined/wihsata-api/vendor/laravel/framework/src/Illuminate/Pipeline/Pipeline.php(209): Illuminate/Http/Middleware/TrustProxies->handle(Object(Illuminate/Http/Request), Object(Closure))
#46 C:/Users/User/Downloads/wihsata final/wihsata-combined/wihsata-api/vendor/laravel/framework/src/Illuminate/Foundation/Http/Middleware/InvokeDeferredCallbacks.php(22): Illuminate/Pipeline/Pipeline->Illuminate/Pipeline/{closure}(Object(Illuminate/Http/Request))
#47 C:/Users/User/Downloads/wihsata final/wihsata-combined/wihsata-api/vendor/laravel/framework/src/Illuminate/Pipeline/Pipeline.php(209): Illuminate/Foundation/Http/Middleware/InvokeDeferredCallbacks->handle(Object(Illuminate/Http/Request), Object(Closure))
#48 C:/Users/User/Downloads/wihsata final/wihsata-combined/wihsata-api/vendor/laravel/framework/src/Illuminate/Pipeline/Pipeline.php(127): Illuminate/Pipeline/Pipeline->Illuminate/Pipeline/{closure}(Object(Illuminate/Http/Request))
#49 C:/Users/User/Downloads/wihsata final/wihsata-combined/wihsata-api/vendor/laravel/framework/src/Illuminate/Foundation/Http/Kernel.php(176): Illuminate/Pipeline/Pipeline->then(Object(Closure))
#50 C:/Users/User/Downloads/wihsata final/wihsata-combined/wihsata-api/vendor/laravel/framework/src/Illuminate/Foundation/Http/Kernel.php(145): Illuminate/Foundation/Http/Kernel->sendRequestThroughRouter(Object(Illuminate/Http/Request))
#51 C:/Users/User/Downloads/wihsata final/wihsata-combined/wihsata-api/vendor/laravel/framework/src/Illuminate/Foundation/Application.php(1220): Illuminate/Foundation/Http/Kernel->handle(Object(Illuminate/Http/Request))
#52 C:/Users/User/Downloads/wihsata final/wihsata-combined/wihsata-api/public/index.php(17): Illuminate/Foundation/Application->handleRequest(Object(Illuminate/Http/Request))
#53 C:/Users/User/Downloads/wihsata final/wihsata-combined/wihsata-api/vendor/laravel/framework/src/Illuminate/Foundation/resources/server.php(23): require_once('C://Users//User//D...')
#54 {main}

[previous exception] [object] (PDOException(code: 7): SQLSTATE[08006] [7] could not translate host name \"ep-young-glade-azm0ni7w.c-3.ap-southeast-1.aws.neon.tech\" to address: Unknown host at C:/Users/User/Downloads/wihsata final/wihsata-combined/wihsata-api/vendor/laravel/framework/src/Illuminate/Database/Connectors/Connector.php:66)
[stacktrace]
#0 C:/Users/User/Downloads/wihsata final/wihsata-combined/wihsata-api/vendor/laravel/framework/src/Illuminate/Database/Connectors/Connector.php(66): PDO->__construct('pgsql:host=ep-y...', 'neondb_owner', Object(SensitiveParameterValue), Array)
#1 C:/Users/User/Downloads/wihsata final/wihsata-combined/wihsata-api/vendor/laravel/framework/src/Illuminate/Database/Connectors/Connector.php(85): Illuminate/Database/Connectors/Connector->createPdoConnection('pgsql:host=ep-y...', 'neondb_owner', Object(SensitiveParameterValue), Array)
#2 C:/Users/User/Downloads/wihsata final/wihsata-combined/wihsata-api/vendor/laravel/framework/src/Illuminate/Database/Connectors/Connector.php(48): Illuminate/Database/Connectors/Connector->tryAgainIfCausedByLostConnection(Object(PDOException), 'pgsql:host=ep-y...', 'neondb_owner', Object(SensitiveParameterValue), Array)
#3 C:/Users/User/Downloads/wihsata final/wihsata-combined/wihsata-api/vendor/laravel/framework/src/Illuminate/Database/Connectors/PostgresConnector.php(35): Illuminate/Database/Connectors/Connector->createConnection('pgsql:host=ep-y...', Array, Array)
#4 C:/Users/User/Downloads/wihsata final/wihsata-combined/wihsata-api/vendor/laravel/framework/src/Illuminate/Database/Connectors/ConnectionFactory.php(185): Illuminate/Database/Connectors/PostgresConnector->connect(Array)
#5 [internal function]: Illuminate/Database/Connectors/ConnectionFactory->Illuminate/Database/Connectors/{closure}()
#6 C:/Users/User/Downloads/wihsata final/wihsata-combined/wihsata-api/vendor/laravel/framework/src/Illuminate/Database/Connection.php(1231): call_user_func(Object(Closure))
#7 C:/Users/User/Downloads/wihsata final/wihsata-combined/wihsata-api/vendor/laravel/framework/src/Illuminate/Database/Connection.php(1267): Illuminate/Database/Connection->getPdo()
#8 C:/Users/User/Downloads/wihsata final/wihsata-combined/wihsata-api/vendor/laravel/framework/src/Illuminate/Database/Connection.php(512): Illuminate/Database/Connection->getReadPdo()
#9 C:/Users/User/Downloads/wihsata final/wihsata-combined/wihsata-api/vendor/laravel/framework/src/Illuminate/Database/Connection.php(407): Illuminate/Database/Connection->getPdoForSelect(true)
#10 C:/Users/User/Downloads/wihsata final/wihsata-combined/wihsata-api/vendor/laravel/framework/src/Illuminate/Database/Connection.php(812): Illuminate/Database/Connection->Illuminate/Database/{closure}('select * from \"...', Array)
#11 C:/Users/User/Downloads/wihsata final/wihsata-combined/wihsata-api/vendor/laravel/framework/src/Illuminate/Database/Connection.php(979): Illuminate/Database/Connection->runQueryCallback('select * from \"...', Array, Object(Closure))
#12 C:/Users/User/Downloads/wihsata final/wihsata-combined/wihsata-api/vendor/laravel/framework/src/Illuminate/Database/Connection.php(958): Illuminate/Database/Connection->tryAgainIfCausedByLostConnection(Object(Illuminate/Database/QueryException), 'select * from \"...', Array, Object(Closure))
#13 C:/Users/User/Downloads/wihsata final/wihsata-combined/wihsata-api/vendor/laravel/framework/src/Illuminate/Database/Connection.php(781): Illuminate/Database/Connection->handleQueryException(Object(Illuminate/Database/QueryException), 'select * from \"...', Array, Object(Closure))
#14 C:/Users/User/Downloads/wihsata final/wihsata-combined/wihsata-api/vendor/laravel/framework/src/Illuminate/Database/Connection.php(398): Illuminate/Database/Connection->run('select * from \"...', Array, Object(Closure))
#15 C:/Users/User/Downloads/wihsata final/wihsata-combined/wihsata-api/vendor/laravel/framework/src/Illuminate/Database/Query/Builder.php(3106): Illuminate/Database/Connection->select('select * from \"...', Array, true)
#16 C:/Users/User/Downloads/wihsata final/wihsata-combined/wihsata-api/vendor/laravel/framework/src/Illuminate/Database/Query/Builder.php(3091): Illuminate/Database/Query/Builder->runSelect()
#17 C:/Users/User/Downloads/wihsata final/wihsata-combined/wihsata-api/vendor/laravel/framework/src/Illuminate/Database/Query/Builder.php(3676): Illuminate/Database/Query/Builder->Illuminate/Database/Query/{closure}()
#18 C:/Users/User/Downloads/wihsata final/wihsata-combined/wihsata-api/vendor/laravel/framework/src/Illuminate/Database/Query/Builder.php(3090): Illuminate/Database/Query/Builder->onceWithColumns(Array, Object(Closure))
#19 C:/Users/User/Downloads/wihsata final/wihsata-combined/wihsata-api/vendor/laravel/framework/src/Illuminate/Database/Eloquent/Builder.php(811): Illuminate/Database/Query/Builder->get(Array)
#20 C:/Users/User/Downloads/wihsata final/wihsata-combined/wihsata-api/vendor/laravel/framework/src/Illuminate/Database/Eloquent/Builder.php(793): Illuminate/Database/Eloquent/Builder->getModels(Array)
#21 C:/Users/User/Downloads/wihsata final/wihsata-combined/wihsata-api/vendor/laravel/framework/src/Illuminate/Database/Concerns/BuildsQueries.php(343): Illuminate/Database/Eloquent/Builder->get(Array)
#22 C:/Users/User/Downloads/wihsata final/wihsata-combined/wihsata-api/vendor/laravel/framework/src/Illuminate/Database/Eloquent/Builder.php(477): Illuminate/Database/Eloquent/Builder->first(Array)
#23 C:/Users/User/Downloads/wihsata final/wihsata-combined/wihsata-api/vendor/laravel/framework/src/Illuminate/Support/Traits/ForwardsCalls.php(23): Illuminate/Database/Eloquent/Builder->find('1')
#24 C:/Users/User/Downloads/wihsata final/wihsata-combined/wihsata-api/vendor/laravel/framework/src/Illuminate/Database/Eloquent/Model.php(2372): Illuminate/Database/Eloquent/Model->forwardCallTo(Object(Illuminate/Database/Eloquent/Builder), 'find', Array)
#25 C:/Users/User/Downloads/wihsata final/wihsata-combined/wihsata-api/vendor/laravel/framework/src/Illuminate/Database/Eloquent/Model.php(2384): Illuminate/Database/Eloquent/Model->__call('find', Array)
#26 C:/Users/User/Downloads/wihsata final/wihsata-combined/wihsata-api/vendor/laravel/sanctum/src/PersonalAccessToken.php(66): Illuminate/Database/Eloquent/Model::__callStatic('find', Array)
#27 C:/Users/User/Downloads/wihsata final/wihsata-combined/wihsata-api/vendor/laravel/sanctum/src/Guard.php(43): Laravel/Sanctum/PersonalAccessToken::findToken('ng4GobHtHkht0rH...')
#28 [internal function]: Laravel/Sanctum/Guard->__invoke(Object(Illuminate/Http/Request), Object(Illuminate/Auth/EloquentUserProvider))
#29 C:/Users/User/Downloads/wihsata final/wihsata-combined/wihsata-api/vendor/laravel/framework/src/Illuminate/Auth/RequestGuard.php(57): call_user_func(Object(Laravel/Sanctum/Guard), Object(Illuminate/Http/Request), Object(Illuminate/Auth/EloquentUserProvider))
#30 C:/Users/User/Downloads/wihsata final/wihsata-combined/wihsata-api/vendor/laravel/framework/src/Illuminate/Auth/GuardHelpers.php(56): Illuminate/Auth/RequestGuard->user()
#31 C:/Users/User/Downloads/wihsata final/wihsata-combined/wihsata-api/vendor/laravel/framework/src/Illuminate/Auth/Middleware/Authenticate.php(83): Illuminate/Auth/RequestGuard->check()
#32 C:/Users/User/Downloads/wihsata final/wihsata-combined/wihsata-api/vendor/laravel/framework/src/Illuminate/Auth/Middleware/Authenticate.php(62): Illuminate/Auth/Middleware/Authenticate->authenticate(Object(Illuminate/Http/Request), Array)
#33 C:/Users/User/Downloads/wihsata final/wihsata-combined/wihsata-api/vendor/laravel/framework/src/Illuminate/Pipeline/Pipeline.php(209): Illuminate/Auth/Middleware/Authenticate->handle(Object(Illuminate/Http/Request), Object(Closure), 'sanctum')
#34 C:/Users/User/Downloads/wihsata final/wihsata-combined/wihsata-api/vendor/laravel/framework/src/Illuminate/Http/Middleware/HandleCors.php(62): Illuminate/Pipeline/Pipeline->Illuminate/Pipeline/{closure}(Object(Illuminate/Http/Request))
#35 C:/Users/User/Downloads/wihsata final/wihsata-combined/wihsata-api/vendor/laravel/framework/src/Illuminate/Pipeline/Pipeline.php(209): Illuminate/Http/Middleware/HandleCors->handle(Object(Illuminate/Http/Request), Object(Closure))
#36 C:/Users/User/Downloads/wihsata final/wihsata-combined/wihsata-api/vendor/laravel/framework/src/Illuminate/Pipeline/Pipeline.php(127): Illuminate/Pipeline/Pipeline->Illuminate/Pipeline/{closure}(Object(Illuminate/Http/Request))
#37 C:/Users/User/Downloads/wihsata final/wihsata-combined/wihsata-api/vendor/laravel/framework/src/Illuminate/Routing/Router.php(807): Illuminate/Pipeline/Pipeline->then(Object(Closure))
#38 C:/Users/User/Downloads/wihsata final/wihsata-combined/wihsata-api/vendor/laravel/framework/src/Illuminate/Routing/Router.php(786): Illuminate/Routing/Router->runRouteWithinStack(Object(Illuminate/Routing/Route), Object(Illuminate/Http/Request))
#39 C:/Users/User/Downloads/wihsata final/wihsata-combined/wihsata-api/vendor/laravel/framework/src/Illuminate/Routing/Router.php(750): Illuminate/Routing/Router->runRoute(Object(Illuminate/Http/Request), Object(Illuminate/Routing/Route))
#40 C:/Users/User/Downloads/wihsata final/wihsata-combined/wihsata-api/vendor/laravel/framework/src/Illuminate/Routing/Router.php(739): Illuminate/Routing/Router->dispatchToRoute(Object(Illuminate/Http/Request))
#41 C:/Users/User/Downloads/wihsata final/wihsata-combined/wihsata-api/vendor/laravel/framework/src/Illuminate/Foundation/Http/Kernel.php(201): Illuminate/Routing/Router->dispatch(Object(Illuminate/Http/Request))
#42 C:/Users/User/Downloads/wihsata final/wihsata-combined/wihsata-api/vendor/laravel/framework/src/Illuminate/Pipeline/Pipeline.php(170): Illuminate/Foundation/Http/Kernel->Illuminate/Foundation/Http/{closure}(Object(Illuminate/Http/Request))
#43 C:/Users/User/Downloads/wihsata final/wihsata-combined/wihsata-api/vendor/laravel/framework/src/Illuminate/Foundation/Http/Middleware/TransformsRequest.php(21): Illuminate/Pipeline/Pipeline->Illuminate/Pipeline/{closure}(Object(Illuminate/Http/Request))
#44 C:/Users/User/Downloads/wihsata final/wihsata-combined/wihsata-api/vendor/laravel/framework/src/Illuminate/Foundation/Http/Middleware/ConvertEmptyStringsToNull.php(31): Illuminate/Foundation/Http/Middleware/TransformsRequest->handle(Object(Illuminate/Http/Request), Object(Closure))
#45 C:/Users/User/Downloads/wihsata final/wihsata-combined/wihsata-api/vendor/laravel/framework/src/Illuminate/Pipeline/Pipeline.php(209): Illuminate/Foundation/Http/Middleware/ConvertEmptyStringsToNull->handle(Object(Illuminate/Http/Request), Object(Closure))
#46 C:/Users/User/Downloads/wihsata final/wihsata-combined/wihsata-api/vendor/laravel/framework/src/Illuminate/Foundation/Http/Middleware/TransformsRequest.php(21): Illuminate/Pipeline/Pipeline->Illuminate/Pipeline/{closure}(Object(Illuminate/Http/Request))
#47 C:/Users/User/Downloads/wihsata final/wihsata-combined/wihsata-api/vendor/laravel/framework/src/Illuminate/Foundation/Http/Middleware/TrimStrings.php(51): Illuminate/Foundation/Http/Middleware/TransformsRequest->handle(Object(Illuminate/Http/Request), Object(Closure))
#48 C:/Users/User/Downloads/wihsata final/wihsata-combined/wihsata-api/vendor/laravel/framework/src/Illuminate/Pipeline/Pipeline.php(209): Illuminate/Foundation/Http/Middleware/TrimStrings->handle(Object(Illuminate/Http/Request), Object(Closure))
#49 C:/Users/User/Downloads/wihsata final/wihsata-combined/wihsata-api/vendor/laravel/framework/src/Illuminate/Http/Middleware/ValidatePostSize.php(27): Illuminate/Pipeline/Pipeline->Illuminate/Pipeline/{closure}(Object(Illuminate/Http/Request))
#50 C:/Users/User/Downloads/wihsata final/wihsata-combined/wihsata-api/vendor/laravel/framework/src/Illuminate/Pipeline/Pipeline.php(209): Illuminate/Http/Middleware/ValidatePostSize->handle(Object(Illuminate/Http/Request), Object(Closure))
#51 C:/Users/User/Downloads/wihsata final/wihsata-combined/wihsata-api/vendor/laravel/framework/src/Illuminate/Foundation/Http/Middleware/PreventRequestsDuringMaintenance.php(110): Illuminate/Pipeline/Pipeline->Illuminate/Pipeline/{closure}(Object(Illuminate/Http/Request))
#52 C:/Users/User/Downloads/wihsata final/wihsata-combined/wihsata-api/vendor/laravel/framework/src/Illuminate/Pipeline/Pipeline.php(209): Illuminate/Foundation/Http/Middleware/PreventRequestsDuringMaintenance->handle(Object(Illuminate/Http/Request), Object(Closure))
#53 C:/Users/User/Downloads/wihsata final/wihsata-combined/wihsata-api/vendor/laravel/framework/src/Illuminate/Http/Middleware/HandleCors.php(62): Illuminate/Pipeline/Pipeline->Illuminate/Pipeline/{closure}(Object(Illuminate/Http/Request))
#54 C:/Users/User/Downloads/wihsata final/wihsata-combined/wihsata-api/vendor/laravel/framework/src/Illuminate/Pipeline/Pipeline.php(209): Illuminate/Http/Middleware/HandleCors->handle(Object(Illuminate/Http/Request), Object(Closure))
#55 C:/Users/User/Downloads/wihsata final/wihsata-combined/wihsata-api/vendor/laravel/framework/src/Illuminate/Http/Middleware/TrustProxies.php(58): Illuminate/Pipeline/Pipeline->Illuminate/Pipeline/{closure}(Object(Illuminate/Http/Request))
#56 C:/Users/User/Downloads/wihsata final/wihsata-combined/wihsata-api/vendor/laravel/framework/src/Illuminate/Pipeline/Pipeline.php(209): Illuminate/Http/Middleware/TrustProxies->handle(Object(Illuminate/Http/Request), Object(Closure))
#57 C:/Users/User/Downloads/wihsata final/wihsata-combined/wihsata-api/vendor/laravel/framework/src/Illuminate/Foundation/Http/Middleware/InvokeDeferredCallbacks.php(22): Illuminate/Pipeline/Pipeline->Illuminate/Pipeline/{closure}(Object(Illuminate/Http/Request))
#58 C:/Users/User/Downloads/wihsata final/wihsata-combined/wihsata-api/vendor/laravel/framework/src/Illuminate/Pipeline/Pipeline.php(209): Illuminate/Foundation/Http/Middleware/InvokeDeferredCallbacks->handle(Object(Illuminate/Http/Request), Object(Closure))
#59 C:/Users/User/Downloads/wihsata final/wihsata-combined/wihsata-api/vendor/laravel/framework/src/Illuminate/Pipeline/Pipeline.php(127): Illuminate/Pipeline/Pipeline->Illuminate/Pipeline/{closure}(Object(Illuminate/Http/Request))
#60 C:/Users/User/Downloads/wihsata final/wihsata-combined/wihsata-api/vendor/laravel/framework/src/Illuminate/Foundation/Http/Kernel.php(176): Illuminate/Pipeline/Pipeline->then(Object(Closure))
#61 C:/Users/User/Downloads/wihsata final/wihsata-combined/wihsata-api/vendor/laravel/framework/src/Illuminate/Foundation/Http/Kernel.php(145): Illuminate/Foundation/Http/Kernel->sendRequestThroughRouter(Object(Illuminate/Http/Request))
#62 C:/Users/User/Downloads/wihsata final/wihsata-combined/wihsata-api/vendor/laravel/framework/src/Illuminate/Foundation/Application.php(1220): Illuminate/Foundation/Http/Kernel->handle(Object(Illuminate/Http/Request))
#63 C:/Users/User/Downloads/wihsata final/wihsata-combined/wihsata-api/public/index.php(17): Illuminate/Foundation/Application->handleRequest(Object(Illuminate/Http/Request))
#64 C:/Users/User/Downloads/wihsata final/wihsata-combined/wihsata-api/vendor/laravel/framework/src/Illuminate/Foundation/resources/server.php(23): require_once('C://Users//User//D...')
#65 {main}
"} 
[2026-08-18 05:34:24] local.ERROR: SQLSTATE[08006] [7] could not translate host name "ep-young-glade-azm0ni7w.c-3.ap-southeast-1.aws.neon.tech" to address: Unknown host (Connection: pgsql, SQL: select * from "personal_access_tokens" where "personal_access_tokens"."id" = 1 limit 1) {"exception":"[object] (Illuminate\\Database\\QueryException(code: 7): SQLSTATE[08006] [7] could not translate host name \"ep-young-glade-azm0ni7w.c-3.ap-southeast-1.aws.neon.tech\" to address: Unknown host (Connection: pgsql, SQL: select * from \"personal_access_tokens\" where \"personal_access_tokens\".\"id\" = 1 limit 1) at C:/Users/User/Downloads/wihsata final/wihsata-combined/wihsata-api/vendor/laravel/framework/src/Illuminate/Database/Connection.php:825)
[stacktrace]
#0 C:/Users/User/Downloads/wihsata final/wihsata-combined/wihsata-api/vendor/laravel/framework/src/Illuminate/Database/Connection.php(979): Illuminate/Database/Connection->runQueryCallback('select * from \"...', Array, Object(Closure))
#1 C:/Users/User/Downloads/wihsata final/wihsata-combined/wihsata-api/vendor/laravel/framework/src/Illuminate/Database/Connection.php(958): Illuminate/Database/Connection->tryAgainIfCausedByLostConnection(Object(Illuminate/Database/QueryException), 'select * from \"...', Array, Object(Closure))
#2 C:/Users/User/Downloads/wihsata final/wihsata-combined/wihsata-api/vendor/laravel/framework/src/Illuminate/Database/Connection.php(781): Illuminate/Database/Connection->handleQueryException(Object(Illuminate/Database/QueryException), 'select * from \"...', Array, Object(Closure))
#3 C:/Users/User/Downloads/wihsata final/wihsata-combined/wihsata-api/vendor/laravel/framework/src/Illuminate/Database/Connection.php(398): Illuminate/Database/Connection->run('select * from \"...', Array, Object(Closure))
#4 C:/Users/User/Downloads/wihsata final/wihsata-combined/wihsata-api/vendor/laravel/framework/src/Illuminate/Database/Query/Builder.php(3106): Illuminate/Database/Connection->select('select * from \"...', Array, true)
#5 C:/Users/User/Downloads/wihsata final/wihsata-combined/wihsata-api/vendor/laravel/framework/src/Illuminate/Database/Query/Builder.php(3091): Illuminate/Database/Query/Builder->runSelect()
#6 C:/Users/User/Downloads/wihsata final/wihsata-combined/wihsata-api/vendor/laravel/framework/src/Illuminate/Database/Query/Builder.php(3676): Illuminate/Database/Query/Builder->Illuminate/Database/Query/{closure}()
#7 C:/Users/User/Downloads/wihsata final/wihsata-combined/wihsata-api/vendor/laravel/framework/src/Illuminate/Database/Query/Builder.php(3090): Illuminate/Database/Query/Builder->onceWithColumns(Array, Object(Closure))
#8 C:/Users/User/Downloads/wihsata final/wihsata-combined/wihsata-api/vendor/laravel/framework/src/Illuminate/Database/Eloquent/Builder.php(811): Illuminate/Database/Query/Builder->get(Array)
#9 C:/Users/User/Downloads/wihsata final/wihsata-combined/wihsata-api/vendor/laravel/framework/src/Illuminate/Database/Eloquent/Builder.php(793): Illuminate/Database/Eloquent/Builder->getModels(Array)
#10 C:/Users/User/Downloads/wihsata final/wihsata-combined/wihsata-api/vendor/laravel/framework/src/Illuminate/Database/Concerns/BuildsQueries.php(343): Illuminate/Database/Eloquent/Builder->get(Array)
#11 C:/Users/User/Downloads/wihsata final/wihsata-combined/wihsata-api/vendor/laravel/framework/src/Illuminate/Database/Eloquent/Builder.php(477): Illuminate/Database/Eloquent/Builder->first(Array)
#12 C:/Users/User/Downloads/wihsata final/wihsata-combined/wihsata-api/vendor/laravel/framework/src/Illuminate/Support/Traits/ForwardsCalls.php(23): Illuminate/Database/Eloquent/Builder->find('1')
#13 C:/Users/User/Downloads/wihsata final/wihsata-combined/wihsata-api/vendor/laravel/framework/src/Illuminate/Database/Eloquent/Model.php(2372): Illuminate/Database/Eloquent/Model->forwardCallTo(Object(Illuminate/Database/Eloquent/Builder), 'find', Array)
#14 C:/Users/User/Downloads/wihsata final/wihsata-combined/wihsata-api/vendor/laravel/framework/src/Illuminate/Database/Eloquent/Model.php(2384): Illuminate/Database/Eloquent/Model->__call('find', Array)
#15 C:/Users/User/Downloads/wihsata final/wihsata-combined/wihsata-api/vendor/laravel/sanctum/src/PersonalAccessToken.php(66): Illuminate/Database/Eloquent/Model::__callStatic('find', Array)
#16 C:/Users/User/Downloads/wihsata final/wihsata-combined/wihsata-api/vendor/laravel/sanctum/src/Guard.php(43): Laravel/Sanctum/PersonalAccessToken::findToken('ng4GobHtHkht0rH...')
#17 [internal function]: Laravel/Sanctum/Guard->__invoke(Object(Illuminate/Http/Request), Object(Illuminate/Auth/EloquentUserProvider))
#18 C:/Users/User/Downloads/wihsata final/wihsata-combined/wihsata-api/vendor/laravel/framework/src/Illuminate/Auth/RequestGuard.php(57): call_user_func(Object(Laravel/Sanctum/Guard), Object(Illuminate/Http/Request), Object(Illuminate/Auth/EloquentUserProvider))
#19 C:/Users/User/Downloads/wihsata final/wihsata-combined/wihsata-api/vendor/laravel/framework/src/Illuminate/Auth/GuardHelpers.php(56): Illuminate/Auth/RequestGuard->user()
#20 C:/Users/User/Downloads/wihsata final/wihsata-combined/wihsata-api/vendor/laravel/framework/src/Illuminate/Auth/Middleware/Authenticate.php(83): Illuminate/Auth/RequestGuard->check()
#21 C:/Users/User/Downloads/wihsata final/wihsata-combined/wihsata-api/vendor/laravel/framework/src/Illuminate/Auth/Middleware/Authenticate.php(62): Illuminate/Auth/Middleware/Authenticate->authenticate(Object(Illuminate/Http/Request), Array)
#22 C:/Users/User/Downloads/wihsata final/wihsata-combined/wihsata-api/vendor/laravel/framework/src/Illuminate/Pipeline/Pipeline.php(209): Illuminate/Auth/Middleware/Authenticate->handle(Object(Illuminate/Http/Request), Object(Closure), 'sanctum')
#23 C:/Users/User/Downloads/wihsata final/wihsata-combined/wihsata-api/vendor/laravel/framework/src/Illuminate/Http/Middleware/HandleCors.php(62): Illuminate/Pipeline/Pipeline->Illuminate/Pipeline/{closure}(Object(Illuminate/Http/Request))
#24 C:/Users/User/Downloads/wihsata final/wihsata-combined/wihsata-api/vendor/laravel/framework/src/Illuminate/Pipeline/Pipeline.php(209): Illuminate/Http/Middleware/HandleCors->handle(Object(Illuminate/Http/Request), Object(Closure))
#25 C:/Users/User/Downloads/wihsata final/wihsata-combined/wihsata-api/vendor/laravel/framework/src/Illuminate/Pipeline/Pipeline.php(127): Illuminate/Pipeline/Pipeline->Illuminate/Pipeline/{closure}(Object(Illuminate/Http/Request))
#26 C:/Users/User/Downloads/wihsata final/wihsata-combined/wihsata-api/vendor/laravel/framework/src/Illuminate/Routing/Router.php(807): Illuminate/Pipeline/Pipeline->then(Object(Closure))
#27 C:/Users/User/Downloads/wihsata final/wihsata-combined/wihsata-api/vendor/laravel/framework/src/Illuminate/Routing/Router.php(786): Illuminate/Routing/Router->runRouteWithinStack(Object(Illuminate/Routing/Route), Object(Illuminate/Http/Request))
#28 C:/Users/User/Downloads/wihsata final/wihsata-combined/wihsata-api/vendor/laravel/framework/src/Illuminate/Routing/Router.php(750): Illuminate/Routing/Router->runRoute(Object(Illuminate/Http/Request), Object(Illuminate/Routing/Route))
#29 C:/Users/User/Downloads/wihsata final/wihsata-combined/wihsata-api/vendor/laravel/framework/src/Illuminate/Routing/Router.php(739): Illuminate/Routing/Router->dispatchToRoute(Object(Illuminate/Http/Request))
#30 C:/Users/User/Downloads/wihsata final/wihsata-combined/wihsata-api/vendor/laravel/framework/src/Illuminate/Foundation/Http/Kernel.php(201): Illuminate/Routing/Router->dispatch(Object(Illuminate/Http/Request))
#31 C:/Users/User/Downloads/wihsata final/wihsata-combined/wihsata-api/vendor/laravel/framework/src/Illuminate/Pipeline/Pipeline.php(170): Illuminate/Foundation/Http/Kernel->Illuminate/Foundation/Http/{closure}(Object(Illuminate/Http/Request))
#32 C:/Users/User/Downloads/wihsata final/wihsata-combined/wihsata-api/vendor/laravel/framework/src/Illuminate/Foundation/Http/Middleware/TransformsRequest.php(21): Illuminate/Pipeline/Pipeline->Illuminate/Pipeline/{closure}(Object(Illuminate/Http/Request))
#33 C:/Users/User/Downloads/wihsata final/wihsata-combined/wihsata-api/vendor/laravel/framework/src/Illuminate/Foundation/Http/Middleware/ConvertEmptyStringsToNull.php(31): Illuminate/Foundation/Http/Middleware/TransformsRequest->handle(Object(Illuminate/Http/Request), Object(Closure))
#34 C:/Users/User/Downloads/wihsata final/wihsata-combined/wihsata-api/vendor/laravel/framework/src/Illuminate/Pipeline/Pipeline.php(209): Illuminate/Foundation/Http/Middleware/ConvertEmptyStringsToNull->handle(Object(Illuminate/Http/Request), Object(Closure))
#35 C:/Users/User/Downloads/wihsata final/wihsata-combined/wihsata-api/vendor/laravel/framework/src/Illuminate/Foundation/Http/Middleware/TransformsRequest.php(21): Illuminate/Pipeline/Pipeline->Illuminate/Pipeline/{closure}(Object(Illuminate/Http/Request))
#36 C:/Users/User/Downloads/wihsata final/wihsata-combined/wihsata-api/vendor/laravel/framework/src/Illuminate/Foundation/Http/Middleware/TrimStrings.php(51): Illuminate/Foundation/Http/Middleware/TransformsRequest->handle(Object(Illuminate/Http/Request), Object(Closure))
#37 C:/Users/User/Downloads/wihsata final/wihsata-combined/wihsata-api/vendor/laravel/framework/src/Illuminate/Pipeline/Pipeline.php(209): Illuminate/Foundation/Http/Middleware/TrimStrings->handle(Object(Illuminate/Http/Request), Object(Closure))
#38 C:/Users/User/Downloads/wihsata final/wihsata-combined/wihsata-api/vendor/laravel/framework/src/Illuminate/Http/Middleware/ValidatePostSize.php(27): Illuminate/Pipeline/Pipeline->Illuminate/Pipeline/{closure}(Object(Illuminate/Http/Request))
#39 C:/Users/User/Downloads/wihsata final/wihsata-combined/wihsata-api/vendor/laravel/framework/src/Illuminate/Pipeline/Pipeline.php(209): Illuminate/Http/Middleware/ValidatePostSize->handle(Object(Illuminate/Http/Request), Object(Closure))
#40 C:/Users/User/Downloads/wihsata final/wihsata-combined/wihsata-api/vendor/laravel/framework/src/Illuminate/Foundation/Http/Middleware/PreventRequestsDuringMaintenance.php(110): Illuminate/Pipeline/Pipeline->Illuminate/Pipeline/{closure}(Object(Illuminate/Http/Request))
#41 C:/Users/User/Downloads/wihsata final/wihsata-combined/wihsata-api/vendor/laravel/framework/src/Illuminate/Pipeline/Pipeline.php(209): Illuminate/Foundation/Http/Middleware/PreventRequestsDuringMaintenance->handle(Object(Illuminate/Http/Request), Object(Closure))
#42 C:/Users/User/Downloads/wihsata final/wihsata-combined/wihsata-api/vendor/laravel/framework/src/Illuminate/Http/Middleware/HandleCors.php(62): Illuminate/Pipeline/Pipeline->Illuminate/Pipeline/{closure}(Object(Illuminate/Http/Request))
#43 C:/Users/User/Downloads/wihsata final/wihsata-combined/wihsata-api/vendor/laravel/framework/src/Illuminate/Pipeline/Pipeline.php(209): Illuminate/Http/Middleware/HandleCors->handle(Object(Illuminate/Http/Request), Object(Closure))
#44 C:/Users/User/Downloads/wihsata final/wihsata-combined/wihsata-api/vendor/laravel/framework/src/Illuminate/Http/Middleware/TrustProxies.php(58): Illuminate/Pipeline/Pipeline->Illuminate/Pipeline/{closure}(Object(Illuminate/Http/Request))
#45 C:/Users/User/Downloads/wihsata final/wihsata-combined/wihsata-api/vendor/laravel/framework/src/Illuminate/Pipeline/Pipeline.php(209): Illuminate/Http/Middleware/TrustProxies->handle(Object(Illuminate/Http/Request), Object(Closure))
#46 C:/Users/User/Downloads/wihsata final/wihsata-combined/wihsata-api/vendor/laravel/framework/src/Illuminate/Foundation/Http/Middleware/InvokeDeferredCallbacks.php(22): Illuminate/Pipeline/Pipeline->Illuminate/Pipeline/{closure}(Object(Illuminate/Http/Request))
#47 C:/Users/User/Downloads/wihsata final/wihsata-combined/wihsata-api/vendor/laravel/framework/src/Illuminate/Pipeline/Pipeline.php(209): Illuminate/Foundation/Http/Middleware/InvokeDeferredCallbacks->handle(Object(Illuminate/Http/Request), Object(Closure))
#48 C:/Users/User/Downloads/wihsata final/wihsata-combined/wihsata-api/vendor/laravel/framework/src/Illuminate/Pipeline/Pipeline.php(127): Illuminate/Pipeline/Pipeline->Illuminate/Pipeline/{closure}(Object(Illuminate/Http/Request))
#49 C:/Users/User/Downloads/wihsata final/wihsata-combined/wihsata-api/vendor/laravel/framework/src/Illuminate/Foundation/Http/Kernel.php(176): Illuminate/Pipeline/Pipeline->then(Object(Closure))
#50 C:/Users/User/Downloads/wihsata final/wihsata-combined/wihsata-api/vendor/laravel/framework/src/Illuminate/Foundation/Http/Kernel.php(145): Illuminate/Foundation/Http/Kernel->sendRequestThroughRouter(Object(Illuminate/Http/Request))
#51 C:/Users/User/Downloads/wihsata final/wihsata-combined/wihsata-api/vendor/laravel/framework/src/Illuminate/Foundation/Application.php(1220): Illuminate/Foundation/Http/Kernel->handle(Object(Illuminate/Http/Request))
#52 C:/Users/User/Downloads/wihsata final/wihsata-combined/wihsata-api/public/index.php(17): Illuminate/Foundation/Application->handleRequest(Object(Illuminate/Http/Request))
#53 C:/Users/User/Downloads/wihsata final/wihsata-combined/wihsata-api/vendor/laravel/framework/src/Illuminate/Foundation/resources/server.php(23): require_once('C://Users//User//D...')
#54 {main}

[previous exception] [object] (PDOException(code: 7): SQLSTATE[08006] [7] could not translate host name \"ep-young-glade-azm0ni7w.c-3.ap-southeast-1.aws.neon.tech\" to address: Unknown host at C:/Users/User/Downloads/wihsata final/wihsata-combined/wihsata-api/vendor/laravel/framework/src/Illuminate/Database/Connectors/Connector.php:66)
[stacktrace]
#0 C:/Users/User/Downloads/wihsata final/wihsata-combined/wihsata-api/vendor/laravel/framework/src/Illuminate/Database/Connectors/Connector.php(66): PDO->__construct('pgsql:host=ep-y...', 'neondb_owner', Object(SensitiveParameterValue), Array)
#1 C:/Users/User/Downloads/wihsata final/wihsata-combined/wihsata-api/vendor/laravel/framework/src/Illuminate/Database/Connectors/Connector.php(85): Illuminate/Database/Connectors/Connector->createPdoConnection('pgsql:host=ep-y...', 'neondb_owner', Object(SensitiveParameterValue), Array)
#2 C:/Users/User/Downloads/wihsata final/wihsata-combined/wihsata-api/vendor/laravel/framework/src/Illuminate/Database/Connectors/Connector.php(48): Illuminate/Database/Connectors/Connector->tryAgainIfCausedByLostConnection(Object(PDOException), 'pgsql:host=ep-y...', 'neondb_owner', Object(SensitiveParameterValue), Array)
#3 C:/Users/User/Downloads/wihsata final/wihsata-combined/wihsata-api/vendor/laravel/framework/src/Illuminate/Database/Connectors/PostgresConnector.php(35): Illuminate/Database/Connectors/Connector->createConnection('pgsql:host=ep-y...', Array, Array)
#4 C:/Users/User/Downloads/wihsata final/wihsata-combined/wihsata-api/vendor/laravel/framework/src/Illuminate/Database/Connectors/ConnectionFactory.php(185): Illuminate/Database/Connectors/PostgresConnector->connect(Array)
#5 [internal function]: Illuminate/Database/Connectors/ConnectionFactory->Illuminate/Database/Connectors/{closure}()
#6 C:/Users/User/Downloads/wihsata final/wihsata-combined/wihsata-api/vendor/laravel/framework/src/Illuminate/Database/Connection.php(1231): call_user_func(Object(Closure))
#7 C:/Users/User/Downloads/wihsata final/wihsata-combined/wihsata-api/vendor/laravel/framework/src/Illuminate/Database/Connection.php(1267): Illuminate/Database/Connection->getPdo()
#8 C:/Users/User/Downloads/wihsata final/wihsata-combined/wihsata-api/vendor/laravel/framework/src/Illuminate/Database/Connection.php(512): Illuminate/Database/Connection->getReadPdo()
#9 C:/Users/User/Downloads/wihsata final/wihsata-combined/wihsata-api/vendor/laravel/framework/src/Illuminate/Database/Connection.php(407): Illuminate/Database/Connection->getPdoForSelect(true)
#10 C:/Users/User/Downloads/wihsata final/wihsata-combined/wihsata-api/vendor/laravel/framework/src/Illuminate/Database/Connection.php(812): Illuminate/Database/Connection->Illuminate/Database/{closure}('select * from \"...', Array)
#11 C:/Users/User/Downloads/wihsata final/wihsata-combined/wihsata-api/vendor/laravel/framework/src/Illuminate/Database/Connection.php(979): Illuminate/Database/Connection->runQueryCallback('select * from \"...', Array, Object(Closure))
#12 C:/Users/User/Downloads/wihsata final/wihsata-combined/wihsata-api/vendor/laravel/framework/src/Illuminate/Database/Connection.php(958): Illuminate/Database/Connection->tryAgainIfCausedByLostConnection(Object(Illuminate/Database/QueryException), 'select * from \"...', Array, Object(Closure))
#13 C:/Users/User/Downloads/wihsata final/wihsata-combined/wihsata-api/vendor/laravel/framework/src/Illuminate/Database/Connection.php(781): Illuminate/Database/Connection->handleQueryException(Object(Illuminate/Database/QueryException), 'select * from \"...', Array, Object(Closure))
#14 C:/Users/User/Downloads/wihsata final/wihsata-combined/wihsata-api/vendor/laravel/framework/src/Illuminate/Database/Connection.php(398): Illuminate/Database/Connection->run('select * from \"...', Array, Object(Closure))
#15 C:/Users/User/Downloads/wihsata final/wihsata-combined/wihsata-api/vendor/laravel/framework/src/Illuminate/Database/Query/Builder.php(3106): Illuminate/Database/Connection->select('select * from \"...', Array, true)
#16 C:/Users/User/Downloads/wihsata final/wihsata-combined/wihsata-api/vendor/laravel/framework/src/Illuminate/Database/Query/Builder.php(3091): Illuminate/Database/Query/Builder->runSelect()
#17 C:/Users/User/Downloads/wihsata final/wihsata-combined/wihsata-api/vendor/laravel/framework/src/Illuminate/Database/Query/Builder.php(3676): Illuminate/Database/Query/Builder->Illuminate/Database/Query/{closure}()
#18 C:/Users/User/Downloads/wihsata final/wihsata-combined/wihsata-api/vendor/laravel/framework/src/Illuminate/Database/Query/Builder.php(3090): Illuminate/Database/Query/Builder->onceWithColumns(Array, Object(Closure))
#19 C:/Users/User/Downloads/wihsata final/wihsata-combined/wihsata-api/vendor/laravel/framework/src/Illuminate/Database/Eloquent/Builder.php(811): Illuminate/Database/Query/Builder->get(Array)
#20 C:/Users/User/Downloads/wihsata final/wihsata-combined/wihsata-api/vendor/laravel/framework/src/Illuminate/Database/Eloquent/Builder.php(793): Illuminate/Database/Eloquent/Builder->getModels(Array)
#21 C:/Users/User/Downloads/wihsata final/wihsata-combined/wihsata-api/vendor/laravel/framework/src/Illuminate/Database/Concerns/BuildsQueries.php(343): Illuminate/Database/Eloquent/Builder->get(Array)
#22 C:/Users/User/Downloads/wihsata final/wihsata-combined/wihsata-api/vendor/laravel/framework/src/Illuminate/Database/Eloquent/Builder.php(477): Illuminate/Database/Eloquent/Builder->first(Array)
#23 C:/Users/User/Downloads/wihsata final/wihsata-combined/wihsata-api/vendor/laravel/framework/src/Illuminate/Support/Traits/ForwardsCalls.php(23): Illuminate/Database/Eloquent/Builder->find('1')
#24 C:/Users/User/Downloads/wihsata final/wihsata-combined/wihsata-api/vendor/laravel/framework/src/Illuminate/Database/Eloquent/Model.php(2372): Illuminate/Database/Eloquent/Model->forwardCallTo(Object(Illuminate/Database/Eloquent/Builder), 'find', Array)
#25 C:/Users/User/Downloads/wihsata final/wihsata-combined/wihsata-api/vendor/laravel/framework/src/Illuminate/Database/Eloquent/Model.php(2384): Illuminate/Database/Eloquent/Model->__call('find', Array)
#26 C:/Users/User/Downloads/wihsata final/wihsata-combined/wihsata-api/vendor/laravel/sanctum/src/PersonalAccessToken.php(66): Illuminate/Database/Eloquent/Model::__callStatic('find', Array)
#27 C:/Users/User/Downloads/wihsata final/wihsata-combined/wihsata-api/vendor/laravel/sanctum/src/Guard.php(43): Laravel/Sanctum/PersonalAccessToken::findToken('ng4GobHtHkht0rH...')
#28 [internal function]: Laravel/Sanctum/Guard->__invoke(Object(Illuminate/Http/Request), Object(Illuminate/Auth/EloquentUserProvider))
#29 C:/Users/User/Downloads/wihsata final/wihsata-combined/wihsata-api/vendor/laravel/framework/src/Illuminate/Auth/RequestGuard.php(57): call_user_func(Object(Laravel/Sanctum/Guard), Object(Illuminate/Http/Request), Object(Illuminate/Auth/EloquentUserProvider))
#30 C:/Users/User/Downloads/wihsata final/wihsata-combined/wihsata-api/vendor/laravel/framework/src/Illuminate/Auth/GuardHelpers.php(56): Illuminate/Auth/RequestGuard->user()
#31 C:/Users/User/Downloads/wihsata final/wihsata-combined/wihsata-api/vendor/laravel/framework/src/Illuminate/Auth/Middleware/Authenticate.php(83): Illuminate/Auth/RequestGuard->check()
#32 C:/Users/User/Downloads/wihsata final/wihsata-combined/wihsata-api/vendor/laravel/framework/src/Illuminate/Auth/Middleware/Authenticate.php(62): Illuminate/Auth/Middleware/Authenticate->authenticate(Object(Illuminate/Http/Request), Array)
#33 C:/Users/User/Downloads/wihsata final/wihsata-combined/wihsata-api/vendor/laravel/framework/src/Illuminate/Pipeline/Pipeline.php(209): Illuminate/Auth/Middleware/Authenticate->handle(Object(Illuminate/Http/Request), Object(Closure), 'sanctum')
#34 C:/Users/User/Downloads/wihsata final/wihsata-combined/wihsata-api/vendor/laravel/framework/src/Illuminate/Http/Middleware/HandleCors.php(62): Illuminate/Pipeline/Pipeline->Illuminate/Pipeline/{closure}(Object(Illuminate/Http/Request))
#35 C:/Users/User/Downloads/wihsata final/wihsata-combined/wihsata-api/vendor/laravel/framework/src/Illuminate/Pipeline/Pipeline.php(209): Illuminate/Http/Middleware/HandleCors->handle(Object(Illuminate/Http/Request), Object(Closure))
#36 C:/Users/User/Downloads/wihsata final/wihsata-combined/wihsata-api/vendor/laravel/framework/src/Illuminate/Pipeline/Pipeline.php(127): Illuminate/Pipeline/Pipeline->Illuminate/Pipeline/{closure}(Object(Illuminate/Http/Request))
#37 C:/Users/User/Downloads/wihsata final/wihsata-combined/wihsata-api/vendor/laravel/framework/src/Illuminate/Routing/Router.php(807): Illuminate/Pipeline/Pipeline->then(Object(Closure))
#38 C:/Users/User/Downloads/wihsata final/wihsata-combined/wihsata-api/vendor/laravel/framework/src/Illuminate/Routing/Router.php(786): Illuminate/Routing/Router->runRouteWithinStack(Object(Illuminate/Routing/Route), Object(Illuminate/Http/Request))
#39 C:/Users/User/Downloads/wihsata final/wihsata-combined/wihsata-api/vendor/laravel/framework/src/Illuminate/Routing/Router.php(750): Illuminate/Routing/Router->runRoute(Object(Illuminate/Http/Request), Object(Illuminate/Routing/Route))
#40 C:/Users/User/Downloads/wihsata final/wihsata-combined/wihsata-api/vendor/laravel/framework/src/Illuminate/Routing/Router.php(739): Illuminate/Routing/Router->dispatchToRoute(Object(Illuminate/Http/Request))
#41 C:/Users/User/Downloads/wihsata final/wihsata-combined/wihsata-api/vendor/laravel/framework/src/Illuminate/Foundation/Http/Kernel.php(201): Illuminate/Routing/Router->dispatch(Object(Illuminate/Http/Request))
#42 C:/Users/User/Downloads/wihsata final/wihsata-combined/wihsata-api/vendor/laravel/framework/src/Illuminate/Pipeline/Pipeline.php(170): Illuminate/Foundation/Http/Kernel->Illuminate/Foundation/Http/{closure}(Object(Illuminate/Http/Request))
#43 C:/Users/User/Downloads/wihsata final/wihsata-combined/wihsata-api/vendor/laravel/framework/src/Illuminate/Foundation/Http/Middleware/TransformsRequest.php(21): Illuminate/Pipeline/Pipeline->Illuminate/Pipeline/{closure}(Object(Illuminate/Http/Request))
#44 C:/Users/User/Downloads/wihsata final/wihsata-combined/wihsata-api/vendor/laravel/framework/src/Illuminate/Foundation/Http/Middleware/ConvertEmptyStringsToNull.php(31): Illuminate/Foundation/Http/Middleware/TransformsRequest->handle(Object(Illuminate/Http/Request), Object(Closure))
#45 C:/Users/User/Downloads/wihsata final/wihsata-combined/wihsata-api/vendor/laravel/framework/src/Illuminate/Pipeline/Pipeline.php(209): Illuminate/Foundation/Http/Middleware/ConvertEmptyStringsToNull->handle(Object(Illuminate/Http/Request), Object(Closure))
#46 C:/Users/User/Downloads/wihsata final/wihsata-combined/wihsata-api/vendor/laravel/framework/src/Illuminate/Foundation/Http/Middleware/TransformsRequest.php(21): Illuminate/Pipeline/Pipeline->Illuminate/Pipeline/{closure}(Object(Illuminate/Http/Request))
#47 C:/Users/User/Downloads/wihsata final/wihsata-combined/wihsata-api/vendor/laravel/framework/src/Illuminate/Foundation/Http/Middleware/TrimStrings.php(51): Illuminate/Foundation/Http/Middleware/TransformsRequest->handle(Object(Illuminate/Http/Request), Object(Closure))
#48 C:/Users/User/Downloads/wihsata final/wihsata-combined/wihsata-api/vendor/laravel/framework/src/Illuminate/Pipeline/Pipeline.php(209): Illuminate/Foundation/Http/Middleware/TrimStrings->handle(Object(Illuminate/Http/Request), Object(Closure))
#49 C:/Users/User/Downloads/wihsata final/wihsata-combined/wihsata-api/vendor/laravel/framework/src/Illuminate/Http/Middleware/ValidatePostSize.php(27): Illuminate/Pipeline/Pipeline->Illuminate/Pipeline/{closure}(Object(Illuminate/Http/Request))
#50 C:/Users/User/Downloads/wihsata final/wihsata-combined/wihsata-api/vendor/laravel/framework/src/Illuminate/Pipeline/Pipeline.php(209): Illuminate/Http/Middleware/ValidatePostSize->handle(Object(Illuminate/Http/Request), Object(Closure))
#51 C:/Users/User/Downloads/wihsata final/wihsata-combined/wihsata-api/vendor/laravel/framework/src/Illuminate/Foundation/Http/Middleware/PreventRequestsDuringMaintenance.php(110): Illuminate/Pipeline/Pipeline->Illuminate/Pipeline/{closure}(Object(Illuminate/Http/Request))
#52 C:/Users/User/Downloads/wihsata final/wihsata-combined/wihsata-api/vendor/laravel/framework/src/Illuminate/Pipeline/Pipeline.php(209): Illuminate/Foundation/Http/Middleware/PreventRequestsDuringMaintenance->handle(Object(Illuminate/Http/Request), Object(Closure))
#53 C:/Users/User/Downloads/wihsata final/wihsata-combined/wihsata-api/vendor/laravel/framework/src/Illuminate/Http/Middleware/HandleCors.php(62): Illuminate/Pipeline/Pipeline->Illuminate/Pipeline/{closure}(Object(Illuminate/Http/Request))
#54 C:/Users/User/Downloads/wihsata final/wihsata-combined/wihsata-api/vendor/laravel/framework/src/Illuminate/Pipeline/Pipeline.php(209): Illuminate/Http/Middleware/HandleCors->handle(Object(Illuminate/Http/Request), Object(Closure))
#55 C:/Users/User/Downloads/wihsata final/wihsata-combined/wihsata-api/vendor/laravel/framework/src/Illuminate/Http/Middleware/TrustProxies.php(58): Illuminate/Pipeline/Pipeline->Illuminate/Pipeline/{closure}(Object(Illuminate/Http/Request))
#56 C:/Users/User/Downloads/wihsata final/wihsata-combined/wihsata-api/vendor/laravel/framework/src/Illuminate/Pipeline/Pipeline.php(209): Illuminate/Http/Middleware/TrustProxies->handle(Object(Illuminate/Http/Request), Object(Closure))
#57 C:/Users/User/Downloads/wihsata final/wihsata-combined/wihsata-api/vendor/laravel/framework/src/Illuminate/Foundation/Http/Middleware/InvokeDeferredCallbacks.php(22): Illuminate/Pipeline/Pipeline->Illuminate/Pipeline/{closure}(Object(Illuminate/Http/Request))
#58 C:/Users/User/Downloads/wihsata final/wihsata-combined/wihsata-api/vendor/laravel/framework/src/Illuminate/Pipeline/Pipeline.php(209): Illuminate/Foundation/Http/Middleware/InvokeDeferredCallbacks->handle(Object(Illuminate/Http/Request), Object(Closure))
#59 C:/Users/User/Downloads/wihsata final/wihsata-combined/wihsata-api/vendor/laravel/framework/src/Illuminate/Pipeline/Pipeline.php(127): Illuminate/Pipeline/Pipeline->Illuminate/Pipeline/{closure}(Object(Illuminate/Http/Request))
#60 C:/Users/User/Downloads/wihsata final/wihsata-combined/wihsata-api/vendor/laravel/framework/src/Illuminate/Foundation/Http/Kernel.php(176): Illuminate/Pipeline/Pipeline->then(Object(Closure))
#61 C:/Users/User/Downloads/wihsata final/wihsata-combined/wihsata-api/vendor/laravel/framework/src/Illuminate/Foundation/Http/Kernel.php(145): Illuminate/Foundation/Http/Kernel->sendRequestThroughRouter(Object(Illuminate/Http/Request))
#62 C:/Users/User/Downloads/wihsata final/wihsata-combined/wihsata-api/vendor/laravel/framework/src/Illuminate/Foundation/Application.php(1220): Illuminate/Foundation/Http/Kernel->handle(Object(Illuminate/Http/Request))
#63 C:/Users/User/Downloads/wihsata final/wihsata-combined/wihsata-api/public/index.php(17): Illuminate/Foundation/Application->handleRequest(Object(Illuminate/Http/Request))
#64 C:/Users/User/Downloads/wihsata final/wihsata-combined/wihsata-api/vendor/laravel/framework/src/Illuminate/Foundation/resources/server.php(23): require_once('C://Users//User//D...')
#65 {main}
"} 
[2026-08-18 05:34:25] local.ERROR: SQLSTATE[08006] [7] could not translate host name "ep-young-glade-azm0ni7w.c-3.ap-southeast-1.aws.neon.tech" to address: Unknown host (Connection: pgsql, SQL: select * from "personal_access_tokens" where "personal_access_tokens"."id" = 1 limit 1) {"exception":"[object] (Illuminate\\Database\\QueryException(code: 7): SQLSTATE[08006] [7] could not translate host name \"ep-young-glade-azm0ni7w.c-3.ap-southeast-1.aws.neon.tech\" to address: Unknown host (Connection: pgsql, SQL: select * from \"personal_access_tokens\" where \"personal_access_tokens\".\"id\" = 1 limit 1) at C:/Users/User/Downloads/wihsata final/wihsata-combined/wihsata-api/vendor/laravel/framework/src/Illuminate/Database/Connection.php:825)
[stacktrace]
#0 C:/Users/User/Downloads/wihsata final/wihsata-combined/wihsata-api/vendor/laravel/framework/src/Illuminate/Database/Connection.php(979): Illuminate/Database/Connection->runQueryCallback('select * from \"...', Array, Object(Closure))
#1 C:/Users/User/Downloads/wihsata final/wihsata-combined/wihsata-api/vendor/laravel/framework/src/Illuminate/Database/Connection.php(958): Illuminate/Database/Connection->tryAgainIfCausedByLostConnection(Object(Illuminate/Database/QueryException), 'select * from \"...', Array, Object(Closure))
#2 C:/Users/User/Downloads/wihsata final/wihsata-combined/wihsata-api/vendor/laravel/framework/src/Illuminate/Database/Connection.php(781): Illuminate/Database/Connection->handleQueryException(Object(Illuminate/Database/QueryException), 'select * from \"...', Array, Object(Closure))
#3 C:/Users/User/Downloads/wihsata final/wihsata-combined/wihsata-api/vendor/laravel/framework/src/Illuminate/Database/Connection.php(398): Illuminate/Database/Connection->run('select * from \"...', Array, Object(Closure))
#4 C:/Users/User/Downloads/wihsata final/wihsata-combined/wihsata-api/vendor/laravel/framework/src/Illuminate/Database/Query/Builder.php(3106): Illuminate/Database/Connection->select('select * from \"...', Array, true)
#5 C:/Users/User/Downloads/wihsata final/wihsata-combined/wihsata-api/vendor/laravel/framework/src/Illuminate/Database/Query/Builder.php(3091): Illuminate/Database/Query/Builder->runSelect()
#6 C:/Users/User/Downloads/wihsata final/wihsata-combined/wihsata-api/vendor/laravel/framework/src/Illuminate/Database/Query/Builder.php(3676): Illuminate/Database/Query/Builder->Illuminate/Database/Query/{closure}()
#7 C:/Users/User/Downloads/wihsata final/wihsata-combined/wihsata-api/vendor/laravel/framework/src/Illuminate/Database/Query/Builder.php(3090): Illuminate/Database/Query/Builder->onceWithColumns(Array, Object(Closure))
#8 C:/Users/User/Downloads/wihsata final/wihsata-combined/wihsata-api/vendor/laravel/framework/src/Illuminate/Database/Eloquent/Builder.php(811): Illuminate/Database/Query/Builder->get(Array)
#9 C:/Users/User/Downloads/wihsata final/wihsata-combined/wihsata-api/vendor/laravel/framework/src/Illuminate/Database/Eloquent/Builder.php(793): Illuminate/Database/Eloquent/Builder->getModels(Array)
#10 C:/Users/User/Downloads/wihsata final/wihsata-combined/wihsata-api/vendor/laravel/framework/src/Illuminate/Database/Concerns/BuildsQueries.php(343): Illuminate/Database/Eloquent/Builder->get(Array)
#11 C:/Users/User/Downloads/wihsata final/wihsata-combined/wihsata-api/vendor/laravel/framework/src/Illuminate/Database/Eloquent/Builder.php(477): Illuminate/Database/Eloquent/Builder->first(Array)
#12 C:/Users/User/Downloads/wihsata final/wihsata-combined/wihsata-api/vendor/laravel/framework/src/Illuminate/Support/Traits/ForwardsCalls.php(23): Illuminate/Database/Eloquent/Builder->find('1')
#13 C:/Users/User/Downloads/wihsata final/wihsata-combined/wihsata-api/vendor/laravel/framework/src/Illuminate/Database/Eloquent/Model.php(2372): Illuminate/Database/Eloquent/Model->forwardCallTo(Object(Illuminate/Database/Eloquent/Builder), 'find', Array)
#14 C:/Users/User/Downloads/wihsata final/wihsata-combined/wihsata-api/vendor/laravel/framework/src/Illuminate/Database/Eloquent/Model.php(2384): Illuminate/Database/Eloquent/Model->__call('find', Array)
#15 C:/Users/User/Downloads/wihsata final/wihsata-combined/wihsata-api/vendor/laravel/sanctum/src/PersonalAccessToken.php(66): Illuminate/Database/Eloquent/Model::__callStatic('find', Array)
#16 C:/Users/User/Downloads/wihsata final/wihsata-combined/wihsata-api/vendor/laravel/sanctum/src/Guard.php(43): Laravel/Sanctum/PersonalAccessToken::findToken('ng4GobHtHkht0rH...')
#17 [internal function]: Laravel/Sanctum/Guard->__invoke(Object(Illuminate/Http/Request), Object(Illuminate/Auth/EloquentUserProvider))
#18 C:/Users/User/Downloads/wihsata final/wihsata-combined/wihsata-api/vendor/laravel/framework/src/Illuminate/Auth/RequestGuard.php(57): call_user_func(Object(Laravel/Sanctum/Guard), Object(Illuminate/Http/Request), Object(Illuminate/Auth/EloquentUserProvider))
#19 C:/Users/User/Downloads/wihsata final/wihsata-combined/wihsata-api/vendor/laravel/framework/src/Illuminate/Auth/GuardHelpers.php(56): Illuminate/Auth/RequestGuard->user()
#20 C:/Users/User/Downloads/wihsata final/wihsata-combined/wihsata-api/vendor/laravel/framework/src/Illuminate/Auth/Middleware/Authenticate.php(83): Illuminate/Auth/RequestGuard->check()
#21 C:/Users/User/Downloads/wihsata final/wihsata-combined/wihsata-api/vendor/laravel/framework/src/Illuminate/Auth/Middleware/Authenticate.php(62): Illuminate/Auth/Middleware/Authenticate->authenticate(Object(Illuminate/Http/Request), Array)
#22 C:/Users/User/Downloads/wihsata final/wihsata-combined/wihsata-api/vendor/laravel/framework/src/Illuminate/Pipeline/Pipeline.php(209): Illuminate/Auth/Middleware/Authenticate->handle(Object(Illuminate/Http/Request), Object(Closure), 'sanctum')
#23 C:/Users/User/Downloads/wihsata final/wihsata-combined/wihsata-api/vendor/laravel/framework/src/Illuminate/Http/Middleware/HandleCors.php(62): Illuminate/Pipeline/Pipeline->Illuminate/Pipeline/{closure}(Object(Illuminate/Http/Request))
#24 C:/Users/User/Downloads/wihsata final/wihsata-combined/wihsata-api/vendor/laravel/framework/src/Illuminate/Pipeline/Pipeline.php(209): Illuminate/Http/Middleware/HandleCors->handle(Object(Illuminate/Http/Request), Object(Closure))
#25 C:/Users/User/Downloads/wihsata final/wihsata-combined/wihsata-api/vendor/laravel/framework/src/Illuminate/Pipeline/Pipeline.php(127): Illuminate/Pipeline/Pipeline->Illuminate/Pipeline/{closure}(Object(Illuminate/Http/Request))
#26 C:/Users/User/Downloads/wihsata final/wihsata-combined/wihsata-api/vendor/laravel/framework/src/Illuminate/Routing/Router.php(807): Illuminate/Pipeline/Pipeline->then(Object(Closure))
#27 C:/Users/User/Downloads/wihsata final/wihsata-combined/wihsata-api/vendor/laravel/framework/src/Illuminate/Routing/Router.php(786): Illuminate/Routing/Router->runRouteWithinStack(Object(Illuminate/Routing/Route), Object(Illuminate/Http/Request))
#28 C:/Users/User/Downloads/wihsata final/wihsata-combined/wihsata-api/vendor/laravel/framework/src/Illuminate/Routing/Router.php(750): Illuminate/Routing/Router->runRoute(Object(Illuminate/Http/Request), Object(Illuminate/Routing/Route))
#29 C:/Users/User/Downloads/wihsata final/wihsata-combined/wihsata-api/vendor/laravel/framework/src/Illuminate/Routing/Router.php(739): Illuminate/Routing/Router->dispatchToRoute(Object(Illuminate/Http/Request))
#30 C:/Users/User/Downloads/wihsata final/wihsata-combined/wihsata-api/vendor/laravel/framework/src/Illuminate/Foundation/Http/Kernel.php(201): Illuminate/Routing/Router->dispatch(Object(Illuminate/Http/Request))
#31 C:/Users/User/Downloads/wihsata final/wihsata-combined/wihsata-api/vendor/laravel/framework/src/Illuminate/Pipeline/Pipeline.php(170): Illuminate/Foundation/Http/Kernel->Illuminate/Foundation/Http/{closure}(Object(Illuminate/Http/Request))
#32 C:/Users/User/Downloads/wihsata final/wihsata-combined/wihsata-api/vendor/laravel/framework/src/Illuminate/Foundation/Http/Middleware/TransformsRequest.php(21): Illuminate/Pipeline/Pipeline->Illuminate/Pipeline/{closure}(Object(Illuminate/Http/Request))
#33 C:/Users/User/Downloads/wihsata final/wihsata-combined/wihsata-api/vendor/laravel/framework/src/Illuminate/Foundation/Http/Middleware/ConvertEmptyStringsToNull.php(31): Illuminate/Foundation/Http/Middleware/TransformsRequest->handle(Object(Illuminate/Http/Request), Object(Closure))
#34 C:/Users/User/Downloads/wihsata final/wihsata-combined/wihsata-api/vendor/laravel/framework/src/Illuminate/Pipeline/Pipeline.php(209): Illuminate/Foundation/Http/Middleware/ConvertEmptyStringsToNull->handle(Object(Illuminate/Http/Request), Object(Closure))
#35 C:/Users/User/Downloads/wihsata final/wihsata-combined/wihsata-api/vendor/laravel/framework/src/Illuminate/Foundation/Http/Middleware/TransformsRequest.php(21): Illuminate/Pipeline/Pipeline->Illuminate/Pipeline/{closure}(Object(Illuminate/Http/Request))
#36 C:/Users/User/Downloads/wihsata final/wihsata-combined/wihsata-api/vendor/laravel/framework/src/Illuminate/Foundation/Http/Middleware/TrimStrings.php(51): Illuminate/Foundation/Http/Middleware/TransformsRequest->handle(Object(Illuminate/Http/Request), Object(Closure))
#37 C:/Users/User/Downloads/wihsata final/wihsata-combined/wihsata-api/vendor/laravel/framework/src/Illuminate/Pipeline/Pipeline.php(209): Illuminate/Foundation/Http/Middleware/TrimStrings->handle(Object(Illuminate/Http/Request), Object(Closure))
#38 C:/Users/User/Downloads/wihsata final/wihsata-combined/wihsata-api/vendor/laravel/framework/src/Illuminate/Http/Middleware/ValidatePostSize.php(27): Illuminate/Pipeline/Pipeline->Illuminate/Pipeline/{closure}(Object(Illuminate/Http/Request))
#39 C:/Users/User/Downloads/wihsata final/wihsata-combined/wihsata-api/vendor/laravel/framework/src/Illuminate/Pipeline/Pipeline.php(209): Illuminate/Http/Middleware/ValidatePostSize->handle(Object(Illuminate/Http/Request), Object(Closure))
#40 C:/Users/User/Downloads/wihsata final/wihsata-combined/wihsata-api/vendor/laravel/framework/src/Illuminate/Foundation/Http/Middleware/PreventRequestsDuringMaintenance.php(110): Illuminate/Pipeline/Pipeline->Illuminate/Pipeline/{closure}(Object(Illuminate/Http/Request))
#41 C:/Users/User/Downloads/wihsata final/wihsata-combined/wihsata-api/vendor/laravel/framework/src/Illuminate/Pipeline/Pipeline.php(209): Illuminate/Foundation/Http/Middleware/PreventRequestsDuringMaintenance->handle(Object(Illuminate/Http/Request), Object(Closure))
#42 C:/Users/User/Downloads/wihsata final/wihsata-combined/wihsata-api/vendor/laravel/framework/src/Illuminate/Http/Middleware/HandleCors.php(62): Illuminate/Pipeline/Pipeline->Illuminate/Pipeline/{closure}(Object(Illuminate/Http/Request))
#43 C:/Users/User/Downloads/wihsata final/wihsata-combined/wihsata-api/vendor/laravel/framework/src/Illuminate/Pipeline/Pipeline.php(209): Illuminate/Http/Middleware/HandleCors->handle(Object(Illuminate/Http/Request), Object(Closure))
#44 C:/Users/User/Downloads/wihsata final/wihsata-combined/wihsata-api/vendor/laravel/framework/src/Illuminate/Http/Middleware/TrustProxies.php(58): Illuminate/Pipeline/Pipeline->Illuminate/Pipeline/{closure}(Object(Illuminate/Http/Request))
#45 C:/Users/User/Downloads/wihsata final/wihsata-combined/wihsata-api/vendor/laravel/framework/src/Illuminate/Pipeline/Pipeline.php(209): Illuminate/Http/Middleware/TrustProxies->handle(Object(Illuminate/Http/Request), Object(Closure))
#46 C:/Users/User/Downloads/wihsata final/wihsata-combined/wihsata-api/vendor/laravel/framework/src/Illuminate/Foundation/Http/Middleware/InvokeDeferredCallbacks.php(22): Illuminate/Pipeline/Pipeline->Illuminate/Pipeline/{closure}(Object(Illuminate/Http/Request))
#47 C:/Users/User/Downloads/wihsata final/wihsata-combined/wihsata-api/vendor/laravel/framework/src/Illuminate/Pipeline/Pipeline.php(209): Illuminate/Foundation/Http/Middleware/InvokeDeferredCallbacks->handle(Object(Illuminate/Http/Request), Object(Closure))
#48 C:/Users/User/Downloads/wihsata final/wihsata-combined/wihsata-api/vendor/laravel/framework/src/Illuminate/Pipeline/Pipeline.php(127): Illuminate/Pipeline/Pipeline->Illuminate/Pipeline/{closure}(Object(Illuminate/Http/Request))
#49 C:/Users/User/Downloads/wihsata final/wihsata-combined/wihsata-api/vendor/laravel/framework/src/Illuminate/Foundation/Http/Kernel.php(176): Illuminate/Pipeline/Pipeline->then(Object(Closure))
#50 C:/Users/User/Downloads/wihsata final/wihsata-combined/wihsata-api/vendor/laravel/framework/src/Illuminate/Foundation/Http/Kernel.php(145): Illuminate/Foundation/Http/Kernel->sendRequestThroughRouter(Object(Illuminate/Http/Request))
#51 C:/Users/User/Downloads/wihsata final/wihsata-combined/wihsata-api/vendor/laravel/framework/src/Illuminate/Foundation/Application.php(1220): Illuminate/Foundation/Http/Kernel->handle(Object(Illuminate/Http/Request))
#52 C:/Users/User/Downloads/wihsata final/wihsata-combined/wihsata-api/public/index.php(17): Illuminate/Foundation/Application->handleRequest(Object(Illuminate/Http/Request))
#53 C:/Users/User/Downloads/wihsata final/wihsata-combined/wihsata-api/vendor/laravel/framework/src/Illuminate/Foundation/resources/server.php(23): require_once('C://Users//User//D...')
#54 {main}

[previous exception] [object] (PDOException(code: 7): SQLSTATE[08006] [7] could not translate host name \"ep-young-glade-azm0ni7w.c-3.ap-southeast-1.aws.neon.tech\" to address: Unknown host at C:/Users/User/Downloads/wihsata final/wihsata-combined/wihsata-api/vendor/laravel/framework/src/Illuminate/Database/Connectors/Connector.php:66)
[stacktrace]
#0 C:/Users/User/Downloads/wihsata final/wihsata-combined/wihsata-api/vendor/laravel/framework/src/Illuminate/Database/Connectors/Connector.php(66): PDO->__construct('pgsql:host=ep-y...', 'neondb_owner', Object(SensitiveParameterValue), Array)
#1 C:/Users/User/Downloads/wihsata final/wihsata-combined/wihsata-api/vendor/laravel/framework/src/Illuminate/Database/Connectors/Connector.php(85): Illuminate/Database/Connectors/Connector->createPdoConnection('pgsql:host=ep-y...', 'neondb_owner', Object(SensitiveParameterValue), Array)
#2 C:/Users/User/Downloads/wihsata final/wihsata-combined/wihsata-api/vendor/laravel/framework/src/Illuminate/Database/Connectors/Connector.php(48): Illuminate/Database/Connectors/Connector->tryAgainIfCausedByLostConnection(Object(PDOException), 'pgsql:host=ep-y...', 'neondb_owner', Object(SensitiveParameterValue), Array)
#3 C:/Users/User/Downloads/wihsata final/wihsata-combined/wihsata-api/vendor/laravel/framework/src/Illuminate/Database/Connectors/PostgresConnector.php(35): Illuminate/Database/Connectors/Connector->createConnection('pgsql:host=ep-y...', Array, Array)
#4 C:/Users/User/Downloads/wihsata final/wihsata-combined/wihsata-api/vendor/laravel/framework/src/Illuminate/Database/Connectors/ConnectionFactory.php(185): Illuminate/Database/Connectors/PostgresConnector->connect(Array)
#5 [internal function]: Illuminate/Database/Connectors/ConnectionFactory->Illuminate/Database/Connectors/{closure}()
#6 C:/Users/User/Downloads/wihsata final/wihsata-combined/wihsata-api/vendor/laravel/framework/src/Illuminate/Database/Connection.php(1231): call_user_func(Object(Closure))
#7 C:/Users/User/Downloads/wihsata final/wihsata-combined/wihsata-api/vendor/laravel/framework/src/Illuminate/Database/Connection.php(1267): Illuminate/Database/Connection->getPdo()
#8 C:/Users/User/Downloads/wihsata final/wihsata-combined/wihsata-api/vendor/laravel/framework/src/Illuminate/Database/Connection.php(512): Illuminate/Database/Connection->getReadPdo()
#9 C:/Users/User/Downloads/wihsata final/wihsata-combined/wihsata-api/vendor/laravel/framework/src/Illuminate/Database/Connection.php(407): Illuminate/Database/Connection->getPdoForSelect(true)
#10 C:/Users/User/Downloads/wihsata final/wihsata-combined/wihsata-api/vendor/laravel/framework/src/Illuminate/Database/Connection.php(812): Illuminate/Database/Connection->Illuminate/Database/{closure}('select * from \"...', Array)
#11 C:/Users/User/Downloads/wihsata final/wihsata-combined/wihsata-api/vendor/laravel/framework/src/Illuminate/Database/Connection.php(979): Illuminate/Database/Connection->runQueryCallback('select * from \"...', Array, Object(Closure))
#12 C:/Users/User/Downloads/wihsata final/wihsata-combined/wihsata-api/vendor/laravel/framework/src/Illuminate/Database/Connection.php(958): Illuminate/Database/Connection->tryAgainIfCausedByLostConnection(Object(Illuminate/Database/QueryException), 'select * from \"...', Array, Object(Closure))
#13 C:/Users/User/Downloads/wihsata final/wihsata-combined/wihsata-api/vendor/laravel/framework/src/Illuminate/Database/Connection.php(781): Illuminate/Database/Connection->handleQueryException(Object(Illuminate/Database/QueryException), 'select * from \"...', Array, Object(Closure))
#14 C:/Users/User/Downloads/wihsata final/wihsata-combined/wihsata-api/vendor/laravel/framework/src/Illuminate/Database/Connection.php(398): Illuminate/Database/Connection->run('select * from \"...', Array, Object(Closure))
#15 C:/Users/User/Downloads/wihsata final/wihsata-combined/wihsata-api/vendor/laravel/framework/src/Illuminate/Database/Query/Builder.php(3106): Illuminate/Database/Connection->select('select * from \"...', Array, true)
#16 C:/Users/User/Downloads/wihsata final/wihsata-combined/wihsata-api/vendor/laravel/framework/src/Illuminate/Database/Query/Builder.php(3091): Illuminate/Database/Query/Builder->runSelect()
#17 C:/Users/User/Downloads/wihsata final/wihsata-combined/wihsata-api/vendor/laravel/framework/src/Illuminate/Database/Query/Builder.php(3676): Illuminate/Database/Query/Builder->Illuminate/Database/Query/{closure}()
#18 C:/Users/User/Downloads/wihsata final/wihsata-combined/wihsata-api/vendor/laravel/framework/src/Illuminate/Database/Query/Builder.php(3090): Illuminate/Database/Query/Builder->onceWithColumns(Array, Object(Closure))
#19 C:/Users/User/Downloads/wihsata final/wihsata-combined/wihsata-api/vendor/laravel/framework/src/Illuminate/Database/Eloquent/Builder.php(811): Illuminate/Database/Query/Builder->get(Array)
#20 C:/Users/User/Downloads/wihsata final/wihsata-combined/wihsata-api/vendor/laravel/framework/src/Illuminate/Database/Eloquent/Builder.php(793): Illuminate/Database/Eloquent/Builder->getModels(Array)
#21 C:/Users/User/Downloads/wihsata final/wihsata-combined/wihsata-api/vendor/laravel/framework/src/Illuminate/Database/Concerns/BuildsQueries.php(343): Illuminate/Database/Eloquent/Builder->get(Array)
#22 C:/Users/User/Downloads/wihsata final/wihsata-combined/wihsata-api/vendor/laravel/framework/src/Illuminate/Database/Eloquent/Builder.php(477): Illuminate/Database/Eloquent/Builder->first(Array)
#23 C:/Users/User/Downloads/wihsata final/wihsata-combined/wihsata-api/vendor/laravel/framework/src/Illuminate/Support/Traits/ForwardsCalls.php(23): Illuminate/Database/Eloquent/Builder->find('1')
#24 C:/Users/User/Downloads/wihsata final/wihsata-combined/wihsata-api/vendor/laravel/framework/src/Illuminate/Database/Eloquent/Model.php(2372): Illuminate/Database/Eloquent/Model->forwardCallTo(Object(Illuminate/Database/Eloquent/Builder), 'find', Array)
#25 C:/Users/User/Downloads/wihsata final/wihsata-combined/wihsata-api/vendor/laravel/framework/src/Illuminate/Database/Eloquent/Model.php(2384): Illuminate/Database/Eloquent/Model->__call('find', Array)
#26 C:/Users/User/Downloads/wihsata final/wihsata-combined/wihsata-api/vendor/laravel/sanctum/src/PersonalAccessToken.php(66): Illuminate/Database/Eloquent/Model::__callStatic('find', Array)
#27 C:/Users/User/Downloads/wihsata final/wihsata-combined/wihsata-api/vendor/laravel/sanctum/src/Guard.php(43): Laravel/Sanctum/PersonalAccessToken::findToken('ng4GobHtHkht0rH...')
#28 [internal function]: Laravel/Sanctum/Guard->__invoke(Object(Illuminate/Http/Request), Object(Illuminate/Auth/EloquentUserProvider))
#29 C:/Users/User/Downloads/wihsata final/wihsata-combined/wihsata-api/vendor/laravel/framework/src/Illuminate/Auth/RequestGuard.php(57): call_user_func(Object(Laravel/Sanctum/Guard), Object(Illuminate/Http/Request), Object(Illuminate/Auth/EloquentUserProvider))
#30 C:/Users/User/Downloads/wihsata final/wihsata-combined/wihsata-api/vendor/laravel/framework/src/Illuminate/Auth/GuardHelpers.php(56): Illuminate/Auth/RequestGuard->user()
#31 C:/Users/User/Downloads/wihsata final/wihsata-combined/wihsata-api/vendor/laravel/framework/src/Illuminate/Auth/Middleware/Authenticate.php(83): Illuminate/Auth/RequestGuard->check()
#32 C:/Users/User/Downloads/wihsata final/wihsata-combined/wihsata-api/vendor/laravel/framework/src/Illuminate/Auth/Middleware/Authenticate.php(62): Illuminate/Auth/Middleware/Authenticate->authenticate(Object(Illuminate/Http/Request), Array)
#33 C:/Users/User/Downloads/wihsata final/wihsata-combined/wihsata-api/vendor/laravel/framework/src/Illuminate/Pipeline/Pipeline.php(209): Illuminate/Auth/Middleware/Authenticate->handle(Object(Illuminate/Http/Request), Object(Closure), 'sanctum')
#34 C:/Users/User/Downloads/wihsata final/wihsata-combined/wihsata-api/vendor/laravel/framework/src/Illuminate/Http/Middleware/HandleCors.php(62): Illuminate/Pipeline/Pipeline->Illuminate/Pipeline/{closure}(Object(Illuminate/Http/Request))
#35 C:/Users/User/Downloads/wihsata final/wihsata-combined/wihsata-api/vendor/laravel/framework/src/Illuminate/Pipeline/Pipeline.php(209): Illuminate/Http/Middleware/HandleCors->handle(Object(Illuminate/Http/Request), Object(Closure))
#36 C:/Users/User/Downloads/wihsata final/wihsata-combined/wihsata-api/vendor/laravel/framework/src/Illuminate/Pipeline/Pipeline.php(127): Illuminate/Pipeline/Pipeline->Illuminate/Pipeline/{closure}(Object(Illuminate/Http/Request))
#37 C:/Users/User/Downloads/wihsata final/wihsata-combined/wihsata-api/vendor/laravel/framework/src/Illuminate/Routing/Router.php(807): Illuminate/Pipeline/Pipeline->then(Object(Closure))
#38 C:/Users/User/Downloads/wihsata final/wihsata-combined/wihsata-api/vendor/laravel/framework/src/Illuminate/Routing/Router.php(786): Illuminate/Routing/Router->runRouteWithinStack(Object(Illuminate/Routing/Route), Object(Illuminate/Http/Request))
#39 C:/Users/User/Downloads/wihsata final/wihsata-combined/wihsata-api/vendor/laravel/framework/src/Illuminate/Routing/Router.php(750): Illuminate/Routing/Router->runRoute(Object(Illuminate/Http/Request), Object(Illuminate/Routing/Route))
#40 C:/Users/User/Downloads/wihsata final/wihsata-combined/wihsata-api/vendor/laravel/framework/src/Illuminate/Routing/Router.php(739): Illuminate/Routing/Router->dispatchToRoute(Object(Illuminate/Http/Request))
#41 C:/Users/User/Downloads/wihsata final/wihsata-combined/wihsata-api/vendor/laravel/framework/src/Illuminate/Foundation/Http/Kernel.php(201): Illuminate/Routing/Router->dispatch(Object(Illuminate/Http/Request))
#42 C:/Users/User/Downloads/wihsata final/wihsata-combined/wihsata-api/vendor/laravel/framework/src/Illuminate/Pipeline/Pipeline.php(170): Illuminate/Foundation/Http/Kernel->Illuminate/Foundation/Http/{closure}(Object(Illuminate/Http/Request))
#43 C:/Users/User/Downloads/wihsata final/wihsata-combined/wihsata-api/vendor/laravel/framework/src/Illuminate/Foundation/Http/Middleware/TransformsRequest.php(21): Illuminate/Pipeline/Pipeline->Illuminate/Pipeline/{closure}(Object(Illuminate/Http/Request))
#44 C:/Users/User/Downloads/wihsata final/wihsata-combined/wihsata-api/vendor/laravel/framework/src/Illuminate/Foundation/Http/Middleware/ConvertEmptyStringsToNull.php(31): Illuminate/Foundation/Http/Middleware/TransformsRequest->handle(Object(Illuminate/Http/Request), Object(Closure))
#45 C:/Users/User/Downloads/wihsata final/wihsata-combined/wihsata-api/vendor/laravel/framework/src/Illuminate/Pipeline/Pipeline.php(209): Illuminate/Foundation/Http/Middleware/ConvertEmptyStringsToNull->handle(Object(Illuminate/Http/Request), Object(Closure))
#46 C:/Users/User/Downloads/wihsata final/wihsata-combined/wihsata-api/vendor/laravel/framework/src/Illuminate/Foundation/Http/Middleware/TransformsRequest.php(21): Illuminate/Pipeline/Pipeline->Illuminate/Pipeline/{closure}(Object(Illuminate/Http/Request))
#47 C:/Users/User/Downloads/wihsata final/wihsata-combined/wihsata-api/vendor/laravel/framework/src/Illuminate/Foundation/Http/Middleware/TrimStrings.php(51): Illuminate/Foundation/Http/Middleware/TransformsRequest->handle(Object(Illuminate/Http/Request), Object(Closure))
#48 C:/Users/User/Downloads/wihsata final/wihsata-combined/wihsata-api/vendor/laravel/framework/src/Illuminate/Pipeline/Pipeline.php(209): Illuminate/Foundation/Http/Middleware/TrimStrings->handle(Object(Illuminate/Http/Request), Object(Closure))
#49 C:/Users/User/Downloads/wihsata final/wihsata-combined/wihsata-api/vendor/laravel/framework/src/Illuminate/Http/Middleware/ValidatePostSize.php(27): Illuminate/Pipeline/Pipeline->Illuminate/Pipeline/{closure}(Object(Illuminate/Http/Request))
#50 C:/Users/User/Downloads/wihsata final/wihsata-combined/wihsata-api/vendor/laravel/framework/src/Illuminate/Pipeline/Pipeline.php(209): Illuminate/Http/Middleware/ValidatePostSize->handle(Object(Illuminate/Http/Request), Object(Closure))
#51 C:/Users/User/Downloads/wihsata final/wihsata-combined/wihsata-api/vendor/laravel/framework/src/Illuminate/Foundation/Http/Middleware/PreventRequestsDuringMaintenance.php(110): Illuminate/Pipeline/Pipeline->Illuminate/Pipeline/{closure}(Object(Illuminate/Http/Request))
#52 C:/Users/User/Downloads/wihsata final/wihsata-combined/wihsata-api/vendor/laravel/framework/src/Illuminate/Pipeline/Pipeline.php(209): Illuminate/Foundation/Http/Middleware/PreventRequestsDuringMaintenance->handle(Object(Illuminate/Http/Request), Object(Closure))
#53 C:/Users/User/Downloads/wihsata final/wihsata-combined/wihsata-api/vendor/laravel/framework/src/Illuminate/Http/Middleware/HandleCors.php(62): Illuminate/Pipeline/Pipeline->Illuminate/Pipeline/{closure}(Object(Illuminate/Http/Request))
#54 C:/Users/User/Downloads/wihsata final/wihsata-combined/wihsata-api/vendor/laravel/framework/src/Illuminate/Pipeline/Pipeline.php(209): Illuminate/Http/Middleware/HandleCors->handle(Object(Illuminate/Http/Request), Object(Closure))
#55 C:/Users/User/Downloads/wihsata final/wihsata-combined/wihsata-api/vendor/laravel/framework/src/Illuminate/Http/Middleware/TrustProxies.php(58): Illuminate/Pipeline/Pipeline->Illuminate/Pipeline/{closure}(Object(Illuminate/Http/Request))
#56 C:/Users/User/Downloads/wihsata final/wihsata-combined/wihsata-api/vendor/laravel/framework/src/Illuminate/Pipeline/Pipeline.php(209): Illuminate/Http/Middleware/TrustProxies->handle(Object(Illuminate/Http/Request), Object(Closure))
#57 C:/Users/User/Downloads/wihsata final/wihsata-combined/wihsata-api/vendor/laravel/framework/src/Illuminate/Foundation/Http/Middleware/InvokeDeferredCallbacks.php(22): Illuminate/Pipeline/Pipeline->Illuminate/Pipeline/{closure}(Object(Illuminate/Http/Request))
#58 C:/Users/User/Downloads/wihsata final/wihsata-combined/wihsata-api/vendor/laravel/framework/src/Illuminate/Pipeline/Pipeline.php(209): Illuminate/Foundation/Http/Middleware/InvokeDeferredCallbacks->handle(Object(Illuminate/Http/Request), Object(Closure))
#59 C:/Users/User/Downloads/wihsata final/wihsata-combined/wihsata-api/vendor/laravel/framework/src/Illuminate/Pipeline/Pipeline.php(127): Illuminate/Pipeline/Pipeline->Illuminate/Pipeline/{closure}(Object(Illuminate/Http/Request))
#60 C:/Users/User/Downloads/wihsata final/wihsata-combined/wihsata-api/vendor/laravel/framework/src/Illuminate/Foundation/Http/Kernel.php(176): Illuminate/Pipeline/Pipeline->then(Object(Closure))
#61 C:/Users/User/Downloads/wihsata final/wihsata-combined/wihsata-api/vendor/laravel/framework/src/Illuminate/Foundation/Http/Kernel.php(145): Illuminate/Foundation/Http/Kernel->sendRequestThroughRouter(Object(Illuminate/Http/Request))
#62 C:/Users/User/Downloads/wihsata final/wihsata-combined/wihsata-api/vendor/laravel/framework/src/Illuminate/Foundation/Application.php(1220): Illuminate/Foundation/Http/Kernel->handle(Object(Illuminate/Http/Request))
#63 C:/Users/User/Downloads/wihsata final/wihsata-combined/wihsata-api/public/index.php(17): Illuminate/Foundation/Application->handleRequest(Object(Illuminate/Http/Request))
#64 C:/Users/User/Downloads/wihsata final/wihsata-combined/wihsata-api/vendor/laravel/framework/src/Illuminate/Foundation/resources/server.php(23): require_once('C://Users//User//D...')
#65 {main}
"} 
[2026-08-18 05:34:31] local.ERROR: SQLSTATE[08006] [7] could not translate host name "ep-young-glade-azm0ni7w.c-3.ap-southeast-1.aws.neon.tech" to address: Unknown host (Connection: pgsql, SQL: select * from "personal_access_tokens" where "personal_access_tokens"."id" = 1 limit 1) {"exception":"[object] (Illuminate\\Database\\QueryException(code: 7): SQLSTATE[08006] [7] could not translate host name \"ep-young-glade-azm0ni7w.c-3.ap-southeast-1.aws.neon.tech\" to address: Unknown host (Connection: pgsql, SQL: select * from \"personal_access_tokens\" where \"personal_access_tokens\".\"id\" = 1 limit 1) at C:/Users/User/Downloads/wihsata final/wihsata-combined/wihsata-api/vendor/laravel/framework/src/Illuminate/Database/Connection.php:825)
[stacktrace]
#0 C:/Users/User/Downloads/wihsata final/wihsata-combined/wihsata-api/vendor/laravel/framework/src/Illuminate/Database/Connection.php(979): Illuminate/Database/Connection->runQueryCallback('select * from \"...', Array, Object(Closure))
#1 C:/Users/User/Downloads/wihsata final/wihsata-combined/wihsata-api/vendor/laravel/framework/src/Illuminate/Database/Connection.php(958): Illuminate/Database/Connection->tryAgainIfCausedByLostConnection(Object(Illuminate/Database/QueryException), 'select * from \"...', Array, Object(Closure))
#2 C:/Users/User/Downloads/wihsata final/wihsata-combined/wihsata-api/vendor/laravel/framework/src/Illuminate/Database/Connection.php(781): Illuminate/Database/Connection->handleQueryException(Object(Illuminate/Database/QueryException), 'select * from \"...', Array, Object(Closure))
#3 C:/Users/User/Downloads/wihsata final/wihsata-combined/wihsata-api/vendor/laravel/framework/src/Illuminate/Database/Connection.php(398): Illuminate/Database/Connection->run('select * from \"...', Array, Object(Closure))
#4 C:/Users/User/Downloads/wihsata final/wihsata-combined/wihsata-api/vendor/laravel/framework/src/Illuminate/Database/Query/Builder.php(3106): Illuminate/Database/Connection->select('select * from \"...', Array, true)
#5 C:/Users/User/Downloads/wihsata final/wihsata-combined/wihsata-api/vendor/laravel/framework/src/Illuminate/Database/Query/Builder.php(3091): Illuminate/Database/Query/Builder->runSelect()
#6 C:/Users/User/Downloads/wihsata final/wihsata-combined/wihsata-api/vendor/laravel/framework/src/Illuminate/Database/Query/Builder.php(3676): Illuminate/Database/Query/Builder->Illuminate/Database/Query/{closure}()
#7 C:/Users/User/Downloads/wihsata final/wihsata-combined/wihsata-api/vendor/laravel/framework/src/Illuminate/Database/Query/Builder.php(3090): Illuminate/Database/Query/Builder->onceWithColumns(Array, Object(Closure))
#8 C:/Users/User/Downloads/wihsata final/wihsata-combined/wihsata-api/vendor/laravel/framework/src/Illuminate/Database/Eloquent/Builder.php(811): Illuminate/Database/Query/Builder->get(Array)
#9 C:/Users/User/Downloads/wihsata final/wihsata-combined/wihsata-api/vendor/laravel/framework/src/Illuminate/Database/Eloquent/Builder.php(793): Illuminate/Database/Eloquent/Builder->getModels(Array)
#10 C:/Users/User/Downloads/wihsata final/wihsata-combined/wihsata-api/vendor/laravel/framework/src/Illuminate/Database/Concerns/BuildsQueries.php(343): Illuminate/Database/Eloquent/Builder->get(Array)
#11 C:/Users/User/Downloads/wihsata final/wihsata-combined/wihsata-api/vendor/laravel/framework/src/Illuminate/Database/Eloquent/Builder.php(477): Illuminate/Database/Eloquent/Builder->first(Array)
#12 C:/Users/User/Downloads/wihsata final/wihsata-combined/wihsata-api/vendor/laravel/framework/src/Illuminate/Support/Traits/ForwardsCalls.php(23): Illuminate/Database/Eloquent/Builder->find('1')
#13 C:/Users/User/Downloads/wihsata final/wihsata-combined/wihsata-api/vendor/laravel/framework/src/Illuminate/Database/Eloquent/Model.php(2372): Illuminate/Database/Eloquent/Model->forwardCallTo(Object(Illuminate/Database/Eloquent/Builder), 'find', Array)
#14 C:/Users/User/Downloads/wihsata final/wihsata-combined/wihsata-api/vendor/laravel/framework/src/Illuminate/Database/Eloquent/Model.php(2384): Illuminate/Database/Eloquent/Model->__call('find', Array)
#15 C:/Users/User/Downloads/wihsata final/wihsata-combined/wihsata-api/vendor/laravel/sanctum/src/PersonalAccessToken.php(66): Illuminate/Database/Eloquent/Model::__callStatic('find', Array)
#16 C:/Users/User/Downloads/wihsata final/wihsata-combined/wihsata-api/vendor/laravel/sanctum/src/Guard.php(43): Laravel/Sanctum/PersonalAccessToken::findToken('ng4GobHtHkht0rH...')
#17 [internal function]: Laravel/Sanctum/Guard->__invoke(Object(Illuminate/Http/Request), Object(Illuminate/Auth/EloquentUserProvider))
#18 C:/Users/User/Downloads/wihsata final/wihsata-combined/wihsata-api/vendor/laravel/framework/src/Illuminate/Auth/RequestGuard.php(57): call_user_func(Object(Laravel/Sanctum/Guard), Object(Illuminate/Http/Request), Object(Illuminate/Auth/EloquentUserProvider))
#19 C:/Users/User/Downloads/wihsata final/wihsata-combined/wihsata-api/vendor/laravel/framework/src/Illuminate/Auth/GuardHelpers.php(56): Illuminate/Auth/RequestGuard->user()
#20 C:/Users/User/Downloads/wihsata final/wihsata-combined/wihsata-api/vendor/laravel/framework/src/Illuminate/Auth/Middleware/Authenticate.php(83): Illuminate/Auth/RequestGuard->check()
#21 C:/Users/User/Downloads/wihsata final/wihsata-combined/wihsata-api/vendor/laravel/framework/src/Illuminate/Auth/Middleware/Authenticate.php(62): Illuminate/Auth/Middleware/Authenticate->authenticate(Object(Illuminate/Http/Request), Array)
#22 C:/Users/User/Downloads/wihsata final/wihsata-combined/wihsata-api/vendor/laravel/framework/src/Illuminate/Pipeline/Pipeline.php(209): Illuminate/Auth/Middleware/Authenticate->handle(Object(Illuminate/Http/Request), Object(Closure), 'sanctum')
#23 C:/Users/User/Downloads/wihsata final/wihsata-combined/wihsata-api/vendor/laravel/framework/src/Illuminate/Http/Middleware/HandleCors.php(62): Illuminate/Pipeline/Pipeline->Illuminate/Pipeline/{closure}(Object(Illuminate/Http/Request))
#24 C:/Users/User/Downloads/wihsata final/wihsata-combined/wihsata-api/vendor/laravel/framework/src/Illuminate/Pipeline/Pipeline.php(209): Illuminate/Http/Middleware/HandleCors->handle(Object(Illuminate/Http/Request), Object(Closure))
#25 C:/Users/User/Downloads/wihsata final/wihsata-combined/wihsata-api/vendor/laravel/framework/src/Illuminate/Pipeline/Pipeline.php(127): Illuminate/Pipeline/Pipeline->Illuminate/Pipeline/{closure}(Object(Illuminate/Http/Request))
#26 C:/Users/User/Downloads/wihsata final/wihsata-combined/wihsata-api/vendor/laravel/framework/src/Illuminate/Routing/Router.php(807): Illuminate/Pipeline/Pipeline->then(Object(Closure))
#27 C:/Users/User/Downloads/wihsata final/wihsata-combined/wihsata-api/vendor/laravel/framework/src/Illuminate/Routing/Router.php(786): Illuminate/Routing/Router->runRouteWithinStack(Object(Illuminate/Routing/Route), Object(Illuminate/Http/Request))
#28 C:/Users/User/Downloads/wihsata final/wihsata-combined/wihsata-api/vendor/laravel/framework/src/Illuminate/Routing/Router.php(750): Illuminate/Routing/Router->runRoute(Object(Illuminate/Http/Request), Object(Illuminate/Routing/Route))
#29 C:/Users/User/Downloads/wihsata final/wihsata-combined/wihsata-api/vendor/laravel/framework/src/Illuminate/Routing/Router.php(739): Illuminate/Routing/Router->dispatchToRoute(Object(Illuminate/Http/Request))
#30 C:/Users/User/Downloads/wihsata final/wihsata-combined/wihsata-api/vendor/laravel/framework/src/Illuminate/Foundation/Http/Kernel.php(201): Illuminate/Routing/Router->dispatch(Object(Illuminate/Http/Request))
#31 C:/Users/User/Downloads/wihsata final/wihsata-combined/wihsata-api/vendor/laravel/framework/src/Illuminate/Pipeline/Pipeline.php(170): Illuminate/Foundation/Http/Kernel->Illuminate/Foundation/Http/{closure}(Object(Illuminate/Http/Request))
#32 C:/Users/User/Downloads/wihsata final/wihsata-combined/wihsata-api/vendor/laravel/framework/src/Illuminate/Foundation/Http/Middleware/TransformsRequest.php(21): Illuminate/Pipeline/Pipeline->Illuminate/Pipeline/{closure}(Object(Illuminate/Http/Request))
#33 C:/Users/User/Downloads/wihsata final/wihsata-combined/wihsata-api/vendor/laravel/framework/src/Illuminate/Foundation/Http/Middleware/ConvertEmptyStringsToNull.php(31): Illuminate/Foundation/Http/Middleware/TransformsRequest->handle(Object(Illuminate/Http/Request), Object(Closure))
#34 C:/Users/User/Downloads/wihsata final/wihsata-combined/wihsata-api/vendor/laravel/framework/src/Illuminate/Pipeline/Pipeline.php(209): Illuminate/Foundation/Http/Middleware/ConvertEmptyStringsToNull->handle(Object(Illuminate/Http/Request), Object(Closure))
#35 C:/Users/User/Downloads/wihsata final/wihsata-combined/wihsata-api/vendor/laravel/framework/src/Illuminate/Foundation/Http/Middleware/TransformsRequest.php(21): Illuminate/Pipeline/Pipeline->Illuminate/Pipeline/{closure}(Object(Illuminate/Http/Request))
#36 C:/Users/User/Downloads/wihsata final/wihsata-combined/wihsata-api/vendor/laravel/framework/src/Illuminate/Foundation/Http/Middleware/TrimStrings.php(51): Illuminate/Foundation/Http/Middleware/TransformsRequest->handle(Object(Illuminate/Http/Request), Object(Closure))
#37 C:/Users/User/Downloads/wihsata final/wihsata-combined/wihsata-api/vendor/laravel/framework/src/Illuminate/Pipeline/Pipeline.php(209): Illuminate/Foundation/Http/Middleware/TrimStrings->handle(Object(Illuminate/Http/Request), Object(Closure))
#38 C:/Users/User/Downloads/wihsata final/wihsata-combined/wihsata-api/vendor/laravel/framework/src/Illuminate/Http/Middleware/ValidatePostSize.php(27): Illuminate/Pipeline/Pipeline->Illuminate/Pipeline/{closure}(Object(Illuminate/Http/Request))
#39 C:/Users/User/Downloads/wihsata final/wihsata-combined/wihsata-api/vendor/laravel/framework/src/Illuminate/Pipeline/Pipeline.php(209): Illuminate/Http/Middleware/ValidatePostSize->handle(Object(Illuminate/Http/Request), Object(Closure))
#40 C:/Users/User/Downloads/wihsata final/wihsata-combined/wihsata-api/vendor/laravel/framework/src/Illuminate/Foundation/Http/Middleware/PreventRequestsDuringMaintenance.php(110): Illuminate/Pipeline/Pipeline->Illuminate/Pipeline/{closure}(Object(Illuminate/Http/Request))
#41 C:/Users/User/Downloads/wihsata final/wihsata-combined/wihsata-api/vendor/laravel/framework/src/Illuminate/Pipeline/Pipeline.php(209): Illuminate/Foundation/Http/Middleware/PreventRequestsDuringMaintenance->handle(Object(Illuminate/Http/Request), Object(Closure))
#42 C:/Users/User/Downloads/wihsata final/wihsata-combined/wihsata-api/vendor/laravel/framework/src/Illuminate/Http/Middleware/HandleCors.php(62): Illuminate/Pipeline/Pipeline->Illuminate/Pipeline/{closure}(Object(Illuminate/Http/Request))
#43 C:/Users/User/Downloads/wihsata final/wihsata-combined/wihsata-api/vendor/laravel/framework/src/Illuminate/Pipeline/Pipeline.php(209): Illuminate/Http/Middleware/HandleCors->handle(Object(Illuminate/Http/Request), Object(Closure))
#44 C:/Users/User/Downloads/wihsata final/wihsata-combined/wihsata-api/vendor/laravel/framework/src/Illuminate/Http/Middleware/TrustProxies.php(58): Illuminate/Pipeline/Pipeline->Illuminate/Pipeline/{closure}(Object(Illuminate/Http/Request))
#45 C:/Users/User/Downloads/wihsata final/wihsata-combined/wihsata-api/vendor/laravel/framework/src/Illuminate/Pipeline/Pipeline.php(209): Illuminate/Http/Middleware/TrustProxies->handle(Object(Illuminate/Http/Request), Object(Closure))
#46 C:/Users/User/Downloads/wihsata final/wihsata-combined/wihsata-api/vendor/laravel/framework/src/Illuminate/Foundation/Http/Middleware/InvokeDeferredCallbacks.php(22): Illuminate/Pipeline/Pipeline->Illuminate/Pipeline/{closure}(Object(Illuminate/Http/Request))
#47 C:/Users/User/Downloads/wihsata final/wihsata-combined/wihsata-api/vendor/laravel/framework/src/Illuminate/Pipeline/Pipeline.php(209): Illuminate/Foundation/Http/Middleware/InvokeDeferredCallbacks->handle(Object(Illuminate/Http/Request), Object(Closure))
#48 C:/Users/User/Downloads/wihsata final/wihsata-combined/wihsata-api/vendor/laravel/framework/src/Illuminate/Pipeline/Pipeline.php(127): Illuminate/Pipeline/Pipeline->Illuminate/Pipeline/{closure}(Object(Illuminate/Http/Request))
#49 C:/Users/User/Downloads/wihsata final/wihsata-combined/wihsata-api/vendor/laravel/framework/src/Illuminate/Foundation/Http/Kernel.php(176): Illuminate/Pipeline/Pipeline->then(Object(Closure))
#50 C:/Users/User/Downloads/wihsata final/wihsata-combined/wihsata-api/vendor/laravel/framework/src/Illuminate/Foundation/Http/Kernel.php(145): Illuminate/Foundation/Http/Kernel->sendRequestThroughRouter(Object(Illuminate/Http/Request))
#51 C:/Users/User/Downloads/wihsata final/wihsata-combined/wihsata-api/vendor/laravel/framework/src/Illuminate/Foundation/Application.php(1220): Illuminate/Foundation/Http/Kernel->handle(Object(Illuminate/Http/Request))
#52 C:/Users/User/Downloads/wihsata final/wihsata-combined/wihsata-api/public/index.php(17): Illuminate/Foundation/Application->handleRequest(Object(Illuminate/Http/Request))
#53 C:/Users/User/Downloads/wihsata final/wihsata-combined/wihsata-api/vendor/laravel/framework/src/Illuminate/Foundation/resources/server.php(23): require_once('C://Users//User//D...')
#54 {main}

[previous exception] [object] (PDOException(code: 7): SQLSTATE[08006] [7] could not translate host name \"ep-young-glade-azm0ni7w.c-3.ap-southeast-1.aws.neon.tech\" to address: Unknown host at C:/Users/User/Downloads/wihsata final/wihsata-combined/wihsata-api/vendor/laravel/framework/src/Illuminate/Database/Connectors/Connector.php:66)
[stacktrace]
#0 C:/Users/User/Downloads/wihsata final/wihsata-combined/wihsata-api/vendor/laravel/framework/src/Illuminate/Database/Connectors/Connector.php(66): PDO->__construct('pgsql:host=ep-y...', 'neondb_owner', Object(SensitiveParameterValue), Array)
#1 C:/Users/User/Downloads/wihsata final/wihsata-combined/wihsata-api/vendor/laravel/framework/src/Illuminate/Database/Connectors/Connector.php(85): Illuminate/Database/Connectors/Connector->createPdoConnection('pgsql:host=ep-y...', 'neondb_owner', Object(SensitiveParameterValue), Array)
#2 C:/Users/User/Downloads/wihsata final/wihsata-combined/wihsata-api/vendor/laravel/framework/src/Illuminate/Database/Connectors/Connector.php(48): Illuminate/Database/Connectors/Connector->tryAgainIfCausedByLostConnection(Object(PDOException), 'pgsql:host=ep-y...', 'neondb_owner', Object(SensitiveParameterValue), Array)
#3 C:/Users/User/Downloads/wihsata final/wihsata-combined/wihsata-api/vendor/laravel/framework/src/Illuminate/Database/Connectors/PostgresConnector.php(35): Illuminate/Database/Connectors/Connector->createConnection('pgsql:host=ep-y...', Array, Array)
#4 C:/Users/User/Downloads/wihsata final/wihsata-combined/wihsata-api/vendor/laravel/framework/src/Illuminate/Database/Connectors/ConnectionFactory.php(185): Illuminate/Database/Connectors/PostgresConnector->connect(Array)
#5 [internal function]: Illuminate/Database/Connectors/ConnectionFactory->Illuminate/Database/Connectors/{closure}()
#6 C:/Users/User/Downloads/wihsata final/wihsata-combined/wihsata-api/vendor/laravel/framework/src/Illuminate/Database/Connection.php(1231): call_user_func(Object(Closure))
#7 C:/Users/User/Downloads/wihsata final/wihsata-combined/wihsata-api/vendor/laravel/framework/src/Illuminate/Database/Connection.php(1267): Illuminate/Database/Connection->getPdo()
#8 C:/Users/User/Downloads/wihsata final/wihsata-combined/wihsata-api/vendor/laravel/framework/src/Illuminate/Database/Connection.php(512): Illuminate/Database/Connection->getReadPdo()
#9 C:/Users/User/Downloads/wihsata final/wihsata-combined/wihsata-api/vendor/laravel/framework/src/Illuminate/Database/Connection.php(407): Illuminate/Database/Connection->getPdoForSelect(true)
#10 C:/Users/User/Downloads/wihsata final/wihsata-combined/wihsata-api/vendor/laravel/framework/src/Illuminate/Database/Connection.php(812): Illuminate/Database/Connection->Illuminate/Database/{closure}('select * from \"...', Array)
#11 C:/Users/User/Downloads/wihsata final/wihsata-combined/wihsata-api/vendor/laravel/framework/src/Illuminate/Database/Connection.php(979): Illuminate/Database/Connection->runQueryCallback('select * from \"...', Array, Object(Closure))
#12 C:/Users/User/Downloads/wihsata final/wihsata-combined/wihsata-api/vendor/laravel/framework/src/Illuminate/Database/Connection.php(958): Illuminate/Database/Connection->tryAgainIfCausedByLostConnection(Object(Illuminate/Database/QueryException), 'select * from \"...', Array, Object(Closure))
#13 C:/Users/User/Downloads/wihsata final/wihsata-combined/wihsata-api/vendor/laravel/framework/src/Illuminate/Database/Connection.php(781): Illuminate/Database/Connection->handleQueryException(Object(Illuminate/Database/QueryException), 'select * from \"...', Array, Object(Closure))
#14 C:/Users/User/Downloads/wihsata final/wihsata-combined/wihsata-api/vendor/laravel/framework/src/Illuminate/Database/Connection.php(398): Illuminate/Database/Connection->run('select * from \"...', Array, Object(Closure))
#15 C:/Users/User/Downloads/wihsata final/wihsata-combined/wihsata-api/vendor/laravel/framework/src/Illuminate/Database/Query/Builder.php(3106): Illuminate/Database/Connection->select('select * from \"...', Array, true)
#16 C:/Users/User/Downloads/wihsata final/wihsata-combined/wihsata-api/vendor/laravel/framework/src/Illuminate/Database/Query/Builder.php(3091): Illuminate/Database/Query/Builder->runSelect()
#17 C:/Users/User/Downloads/wihsata final/wihsata-combined/wihsata-api/vendor/laravel/framework/src/Illuminate/Database/Query/Builder.php(3676): Illuminate/Database/Query/Builder->Illuminate/Database/Query/{closure}()
#18 C:/Users/User/Downloads/wihsata final/wihsata-combined/wihsata-api/vendor/laravel/framework/src/Illuminate/Database/Query/Builder.php(3090): Illuminate/Database/Query/Builder->onceWithColumns(Array, Object(Closure))
#19 C:/Users/User/Downloads/wihsata final/wihsata-combined/wihsata-api/vendor/laravel/framework/src/Illuminate/Database/Eloquent/Builder.php(811): Illuminate/Database/Query/Builder->get(Array)
#20 C:/Users/User/Downloads/wihsata final/wihsata-combined/wihsata-api/vendor/laravel/framework/src/Illuminate/Database/Eloquent/Builder.php(793): Illuminate/Database/Eloquent/Builder->getModels(Array)
#21 C:/Users/User/Downloads/wihsata final/wihsata-combined/wihsata-api/vendor/laravel/framework/src/Illuminate/Database/Concerns/BuildsQueries.php(343): Illuminate/Database/Eloquent/Builder->get(Array)
#22 C:/Users/User/Downloads/wihsata final/wihsata-combined/wihsata-api/vendor/laravel/framework/src/Illuminate/Database/Eloquent/Builder.php(477): Illuminate/Database/Eloquent/Builder->first(Array)
#23 C:/Users/User/Downloads/wihsata final/wihsata-combined/wihsata-api/vendor/laravel/framework/src/Illuminate/Support/Traits/ForwardsCalls.php(23): Illuminate/Database/Eloquent/Builder->find('1')
#24 C:/Users/User/Downloads/wihsata final/wihsata-combined/wihsata-api/vendor/laravel/framework/src/Illuminate/Database/Eloquent/Model.php(2372): Illuminate/Database/Eloquent/Model->forwardCallTo(Object(Illuminate/Database/Eloquent/Builder), 'find', Array)
#25 C:/Users/User/Downloads/wihsata final/wihsata-combined/wihsata-api/vendor/laravel/framework/src/Illuminate/Database/Eloquent/Model.php(2384): Illuminate/Database/Eloquent/Model->__call('find', Array)
#26 C:/Users/User/Downloads/wihsata final/wihsata-combined/wihsata-api/vendor/laravel/sanctum/src/PersonalAccessToken.php(66): Illuminate/Database/Eloquent/Model::__callStatic('find', Array)
#27 C:/Users/User/Downloads/wihsata final/wihsata-combined/wihsata-api/vendor/laravel/sanctum/src/Guard.php(43): Laravel/Sanctum/PersonalAccessToken::findToken('ng4GobHtHkht0rH...')
#28 [internal function]: Laravel/Sanctum/Guard->__invoke(Object(Illuminate/Http/Request), Object(Illuminate/Auth/EloquentUserProvider))
#29 C:/Users/User/Downloads/wihsata final/wihsata-combined/wihsata-api/vendor/laravel/framework/src/Illuminate/Auth/RequestGuard.php(57): call_user_func(Object(Laravel/Sanctum/Guard), Object(Illuminate/Http/Request), Object(Illuminate/Auth/EloquentUserProvider))
#30 C:/Users/User/Downloads/wihsata final/wihsata-combined/wihsata-api/vendor/laravel/framework/src/Illuminate/Auth/GuardHelpers.php(56): Illuminate/Auth/RequestGuard->user()
#31 C:/Users/User/Downloads/wihsata final/wihsata-combined/wihsata-api/vendor/laravel/framework/src/Illuminate/Auth/Middleware/Authenticate.php(83): Illuminate/Auth/RequestGuard->check()
#32 C:/Users/User/Downloads/wihsata final/wihsata-combined/wihsata-api/vendor/laravel/framework/src/Illuminate/Auth/Middleware/Authenticate.php(62): Illuminate/Auth/Middleware/Authenticate->authenticate(Object(Illuminate/Http/Request), Array)
#33 C:/Users/User/Downloads/wihsata final/wihsata-combined/wihsata-api/vendor/laravel/framework/src/Illuminate/Pipeline/Pipeline.php(209): Illuminate/Auth/Middleware/Authenticate->handle(Object(Illuminate/Http/Request), Object(Closure), 'sanctum')
#34 C:/Users/User/Downloads/wihsata final/wihsata-combined/wihsata-api/vendor/laravel/framework/src/Illuminate/Http/Middleware/HandleCors.php(62): Illuminate/Pipeline/Pipeline->Illuminate/Pipeline/{closure}(Object(Illuminate/Http/Request))
#35 C:/Users/User/Downloads/wihsata final/wihsata-combined/wihsata-api/vendor/laravel/framework/src/Illuminate/Pipeline/Pipeline.php(209): Illuminate/Http/Middleware/HandleCors->handle(Object(Illuminate/Http/Request), Object(Closure))
#36 C:/Users/User/Downloads/wihsata final/wihsata-combined/wihsata-api/vendor/laravel/framework/src/Illuminate/Pipeline/Pipeline.php(127): Illuminate/Pipeline/Pipeline->Illuminate/Pipeline/{closure}(Object(Illuminate/Http/Request))
#37 C:/Users/User/Downloads/wihsata final/wihsata-combined/wihsata-api/vendor/laravel/framework/src/Illuminate/Routing/Router.php(807): Illuminate/Pipeline/Pipeline->then(Object(Closure))
#38 C:/Users/User/Downloads/wihsata final/wihsata-combined/wihsata-api/vendor/laravel/framework/src/Illuminate/Routing/Router.php(786): Illuminate/Routing/Router->runRouteWithinStack(Object(Illuminate/Routing/Route), Object(Illuminate/Http/Request))
#39 C:/Users/User/Downloads/wihsata final/wihsata-combined/wihsata-api/vendor/laravel/framework/src/Illuminate/Routing/Router.php(750): Illuminate/Routing/Router->runRoute(Object(Illuminate/Http/Request), Object(Illuminate/Routing/Route))
#40 C:/Users/User/Downloads/wihsata final/wihsata-combined/wihsata-api/vendor/laravel/framework/src/Illuminate/Routing/Router.php(739): Illuminate/Routing/Router->dispatchToRoute(Object(Illuminate/Http/Request))
#41 C:/Users/User/Downloads/wihsata final/wihsata-combined/wihsata-api/vendor/laravel/framework/src/Illuminate/Foundation/Http/Kernel.php(201): Illuminate/Routing/Router->dispatch(Object(Illuminate/Http/Request))
#42 C:/Users/User/Downloads/wihsata final/wihsata-combined/wihsata-api/vendor/laravel/framework/src/Illuminate/Pipeline/Pipeline.php(170): Illuminate/Foundation/Http/Kernel->Illuminate/Foundation/Http/{closure}(Object(Illuminate/Http/Request))
#43 C:/Users/User/Downloads/wihsata final/wihsata-combined/wihsata-api/vendor/laravel/framework/src/Illuminate/Foundation/Http/Middleware/TransformsRequest.php(21): Illuminate/Pipeline/Pipeline->Illuminate/Pipeline/{closure}(Object(Illuminate/Http/Request))
#44 C:/Users/User/Downloads/wihsata final/wihsata-combined/wihsata-api/vendor/laravel/framework/src/Illuminate/Foundation/Http/Middleware/ConvertEmptyStringsToNull.php(31): Illuminate/Foundation/Http/Middleware/TransformsRequest->handle(Object(Illuminate/Http/Request), Object(Closure))
#45 C:/Users/User/Downloads/wihsata final/wihsata-combined/wihsata-api/vendor/laravel/framework/src/Illuminate/Pipeline/Pipeline.php(209): Illuminate/Foundation/Http/Middleware/ConvertEmptyStringsToNull->handle(Object(Illuminate/Http/Request), Object(Closure))
#46 C:/Users/User/Downloads/wihsata final/wihsata-combined/wihsata-api/vendor/laravel/framework/src/Illuminate/Foundation/Http/Middleware/TransformsRequest.php(21): Illuminate/Pipeline/Pipeline->Illuminate/Pipeline/{closure}(Object(Illuminate/Http/Request))
#47 C:/Users/User/Downloads/wihsata final/wihsata-combined/wihsata-api/vendor/laravel/framework/src/Illuminate/Foundation/Http/Middleware/TrimStrings.php(51): Illuminate/Foundation/Http/Middleware/TransformsRequest->handle(Object(Illuminate/Http/Request), Object(Closure))
#48 C:/Users/User/Downloads/wihsata final/wihsata-combined/wihsata-api/vendor/laravel/framework/src/Illuminate/Pipeline/Pipeline.php(209): Illuminate/Foundation/Http/Middleware/TrimStrings->handle(Object(Illuminate/Http/Request), Object(Closure))
#49 C:/Users/User/Downloads/wihsata final/wihsata-combined/wihsata-api/vendor/laravel/framework/src/Illuminate/Http/Middleware/ValidatePostSize.php(27): Illuminate/Pipeline/Pipeline->Illuminate/Pipeline/{closure}(Object(Illuminate/Http/Request))
#50 C:/Users/User/Downloads/wihsata final/wihsata-combined/wihsata-api/vendor/laravel/framework/src/Illuminate/Pipeline/Pipeline.php(209): Illuminate/Http/Middleware/ValidatePostSize->handle(Object(Illuminate/Http/Request), Object(Closure))
#51 C:/Users/User/Downloads/wihsata final/wihsata-combined/wihsata-api/vendor/laravel/framework/src/Illuminate/Foundation/Http/Middleware/PreventRequestsDuringMaintenance.php(110): Illuminate/Pipeline/Pipeline->Illuminate/Pipeline/{closure}(Object(Illuminate/Http/Request))
#52 C:/Users/User/Downloads/wihsata final/wihsata-combined/wihsata-api/vendor/laravel/framework/src/Illuminate/Pipeline/Pipeline.php(209): Illuminate/Foundation/Http/Middleware/PreventRequestsDuringMaintenance->handle(Object(Illuminate/Http/Request), Object(Closure))
#53 C:/Users/User/Downloads/wihsata final/wihsata-combined/wihsata-api/vendor/laravel/framework/src/Illuminate/Http/Middleware/HandleCors.php(62): Illuminate/Pipeline/Pipeline->Illuminate/Pipeline/{closure}(Object(Illuminate/Http/Request))
#54 C:/Users/User/Downloads/wihsata final/wihsata-combined/wihsata-api/vendor/laravel/framework/src/Illuminate/Pipeline/Pipeline.php(209): Illuminate/Http/Middleware/HandleCors->handle(Object(Illuminate/Http/Request), Object(Closure))
#55 C:/Users/User/Downloads/wihsata final/wihsata-combined/wihsata-api/vendor/laravel/framework/src/Illuminate/Http/Middleware/TrustProxies.php(58): Illuminate/Pipeline/Pipeline->Illuminate/Pipeline/{closure}(Object(Illuminate/Http/Request))
#56 C:/Users/User/Downloads/wihsata final/wihsata-combined/wihsata-api/vendor/laravel/framework/src/Illuminate/Pipeline/Pipeline.php(209): Illuminate/Http/Middleware/TrustProxies->handle(Object(Illuminate/Http/Request), Object(Closure))
#57 C:/Users/User/Downloads/wihsata final/wihsata-combined/wihsata-api/vendor/laravel/framework/src/Illuminate/Foundation/Http/Middleware/InvokeDeferredCallbacks.php(22): Illuminate/Pipeline/Pipeline->Illuminate/Pipeline/{closure}(Object(Illuminate/Http/Request))
#58 C:/Users/User/Downloads/wihsata final/wihsata-combined/wihsata-api/vendor/laravel/framework/src/Illuminate/Pipeline/Pipeline.php(209): Illuminate/Foundation/Http/Middleware/InvokeDeferredCallbacks->handle(Object(Illuminate/Http/Request), Object(Closure))
#59 C:/Users/User/Downloads/wihsata final/wihsata-combined/wihsata-api/vendor/laravel/framework/src/Illuminate/Pipeline/Pipeline.php(127): Illuminate/Pipeline/Pipeline->Illuminate/Pipeline/{closure}(Object(Illuminate/Http/Request))
#60 C:/Users/User/Downloads/wihsata final/wihsata-combined/wihsata-api/vendor/laravel/framework/src/Illuminate/Foundation/Http/Kernel.php(176): Illuminate/Pipeline/Pipeline->then(Object(Closure))
#61 C:/Users/User/Downloads/wihsata final/wihsata-combined/wihsata-api/vendor/laravel/framework/src/Illuminate/Foundation/Http/Kernel.php(145): Illuminate/Foundation/Http/Kernel->sendRequestThroughRouter(Object(Illuminate/Http/Request))
#62 C:/Users/User/Downloads/wihsata final/wihsata-combined/wihsata-api/vendor/laravel/framework/src/Illuminate/Foundation/Application.php(1220): Illuminate/Foundation/Http/Kernel->handle(Object(Illuminate/Http/Request))
#63 C:/Users/User/Downloads/wihsata final/wihsata-combined/wihsata-api/public/index.php(17): Illuminate/Foundation/Application->handleRequest(Object(Illuminate/Http/Request))
#64 C:/Users/User/Downloads/wihsata final/wihsata-combined/wihsata-api/vendor/laravel/framework/src/Illuminate/Foundation/resources/server.php(23): require_once('C://Users//User//D...')
#65 {main}
"} 
[2026-08-18 05:34:32] local.ERROR: SQLSTATE[08006] [7] could not translate host name "ep-young-glade-azm0ni7w.c-3.ap-southeast-1.aws.neon.tech" to address: Unknown host (Connection: pgsql, SQL: select * from "personal_access_tokens" where "personal_access_tokens"."id" = 1 limit 1) {"exception":"[object] (Illuminate\\Database\\QueryException(code: 7): SQLSTATE[08006] [7] could not translate host name \"ep-young-glade-azm0ni7w.c-3.ap-southeast-1.aws.neon.tech\" to address: Unknown host (Connection: pgsql, SQL: select * from \"personal_access_tokens\" where \"personal_access_tokens\".\"id\" = 1 limit 1) at C:/Users/User/Downloads/wihsata final/wihsata-combined/wihsata-api/vendor/laravel/framework/src/Illuminate/Database/Connection.php:825)
[stacktrace]
#0 C:/Users/User/Downloads/wihsata final/wihsata-combined/wihsata-api/vendor/laravel/framework/src/Illuminate/Database/Connection.php(979): Illuminate/Database/Connection->runQueryCallback('select * from \"...', Array, Object(Closure))
#1 C:/Users/User/Downloads/wihsata final/wihsata-combined/wihsata-api/vendor/laravel/framework/src/Illuminate/Database/Connection.php(958): Illuminate/Database/Connection->tryAgainIfCausedByLostConnection(Object(Illuminate/Database/QueryException), 'select * from \"...', Array, Object(Closure))
#2 C:/Users/User/Downloads/wihsata final/wihsata-combined/wihsata-api/vendor/laravel/framework/src/Illuminate/Database/Connection.php(781): Illuminate/Database/Connection->handleQueryException(Object(Illuminate/Database/QueryException), 'select * from \"...', Array, Object(Closure))
#3 C:/Users/User/Downloads/wihsata final/wihsata-combined/wihsata-api/vendor/laravel/framework/src/Illuminate/Database/Connection.php(398): Illuminate/Database/Connection->run('select * from \"...', Array, Object(Closure))
#4 C:/Users/User/Downloads/wihsata final/wihsata-combined/wihsata-api/vendor/laravel/framework/src/Illuminate/Database/Query/Builder.php(3106): Illuminate/Database/Connection->select('select * from \"...', Array, true)
#5 C:/Users/User/Downloads/wihsata final/wihsata-combined/wihsata-api/vendor/laravel/framework/src/Illuminate/Database/Query/Builder.php(3091): Illuminate/Database/Query/Builder->runSelect()
#6 C:/Users/User/Downloads/wihsata final/wihsata-combined/wihsata-api/vendor/laravel/framework/src/Illuminate/Database/Query/Builder.php(3676): Illuminate/Database/Query/Builder->Illuminate/Database/Query/{closure}()
#7 C:/Users/User/Downloads/wihsata final/wihsata-combined/wihsata-api/vendor/laravel/framework/src/Illuminate/Database/Query/Builder.php(3090): Illuminate/Database/Query/Builder->onceWithColumns(Array, Object(Closure))
#8 C:/Users/User/Downloads/wihsata final/wihsata-combined/wihsata-api/vendor/laravel/framework/src/Illuminate/Database/Eloquent/Builder.php(811): Illuminate/Database/Query/Builder->get(Array)
#9 C:/Users/User/Downloads/wihsata final/wihsata-combined/wihsata-api/vendor/laravel/framework/src/Illuminate/Database/Eloquent/Builder.php(793): Illuminate/Database/Eloquent/Builder->getModels(Array)
#10 C:/Users/User/Downloads/wihsata final/wihsata-combined/wihsata-api/vendor/laravel/framework/src/Illuminate/Database/Concerns/BuildsQueries.php(343): Illuminate/Database/Eloquent/Builder->get(Array)
#11 C:/Users/User/Downloads/wihsata final/wihsata-combined/wihsata-api/vendor/laravel/framework/src/Illuminate/Database/Eloquent/Builder.php(477): Illuminate/Database/Eloquent/Builder->first(Array)
#12 C:/Users/User/Downloads/wihsata final/wihsata-combined/wihsata-api/vendor/laravel/framework/src/Illuminate/Support/Traits/ForwardsCalls.php(23): Illuminate/Database/Eloquent/Builder->find('1')
#13 C:/Users/User/Downloads/wihsata final/wihsata-combined/wihsata-api/vendor/laravel/framework/src/Illuminate/Database/Eloquent/Model.php(2372): Illuminate/Database/Eloquent/Model->forwardCallTo(Object(Illuminate/Database/Eloquent/Builder), 'find', Array)
#14 C:/Users/User/Downloads/wihsata final/wihsata-combined/wihsata-api/vendor/laravel/framework/src/Illuminate/Database/Eloquent/Model.php(2384): Illuminate/Database/Eloquent/Model->__call('find', Array)
#15 C:/Users/User/Downloads/wihsata final/wihsata-combined/wihsata-api/vendor/laravel/sanctum/src/PersonalAccessToken.php(66): Illuminate/Database/Eloquent/Model::__callStatic('find', Array)
#16 C:/Users/User/Downloads/wihsata final/wihsata-combined/wihsata-api/vendor/laravel/sanctum/src/Guard.php(43): Laravel/Sanctum/PersonalAccessToken::findToken('ng4GobHtHkht0rH...')
#17 [internal function]: Laravel/Sanctum/Guard->__invoke(Object(Illuminate/Http/Request), Object(Illuminate/Auth/EloquentUserProvider))
#18 C:/Users/User/Downloads/wihsata final/wihsata-combined/wihsata-api/vendor/laravel/framework/src/Illuminate/Auth/RequestGuard.php(57): call_user_func(Object(Laravel/Sanctum/Guard), Object(Illuminate/Http/Request), Object(Illuminate/Auth/EloquentUserProvider))
#19 C:/Users/User/Downloads/wihsata final/wihsata-combined/wihsata-api/vendor/laravel/framework/src/Illuminate/Auth/GuardHelpers.php(56): Illuminate/Auth/RequestGuard->user()
#20 C:/Users/User/Downloads/wihsata final/wihsata-combined/wihsata-api/vendor/laravel/framework/src/Illuminate/Auth/Middleware/Authenticate.php(83): Illuminate/Auth/RequestGuard->check()
#21 C:/Users/User/Downloads/wihsata final/wihsata-combined/wihsata-api/vendor/laravel/framework/src/Illuminate/Auth/Middleware/Authenticate.php(62): Illuminate/Auth/Middleware/Authenticate->authenticate(Object(Illuminate/Http/Request), Array)
#22 C:/Users/User/Downloads/wihsata final/wihsata-combined/wihsata-api/vendor/laravel/framework/src/Illuminate/Pipeline/Pipeline.php(209): Illuminate/Auth/Middleware/Authenticate->handle(Object(Illuminate/Http/Request), Object(Closure), 'sanctum')
#23 C:/Users/User/Downloads/wihsata final/wihsata-combined/wihsata-api/vendor/laravel/framework/src/Illuminate/Http/Middleware/HandleCors.php(62): Illuminate/Pipeline/Pipeline->Illuminate/Pipeline/{closure}(Object(Illuminate/Http/Request))
#24 C:/Users/User/Downloads/wihsata final/wihsata-combined/wihsata-api/vendor/laravel/framework/src/Illuminate/Pipeline/Pipeline.php(209): Illuminate/Http/Middleware/HandleCors->handle(Object(Illuminate/Http/Request), Object(Closure))
#25 C:/Users/User/Downloads/wihsata final/wihsata-combined/wihsata-api/vendor/laravel/framework/src/Illuminate/Pipeline/Pipeline.php(127): Illuminate/Pipeline/Pipeline->Illuminate/Pipeline/{closure}(Object(Illuminate/Http/Request))
#26 C:/Users/User/Downloads/wihsata final/wihsata-combined/wihsata-api/vendor/laravel/framework/src/Illuminate/Routing/Router.php(807): Illuminate/Pipeline/Pipeline->then(Object(Closure))
#27 C:/Users/User/Downloads/wihsata final/wihsata-combined/wihsata-api/vendor/laravel/framework/src/Illuminate/Routing/Router.php(786): Illuminate/Routing/Router->runRouteWithinStack(Object(Illuminate/Routing/Route), Object(Illuminate/Http/Request))
#28 C:/Users/User/Downloads/wihsata final/wihsata-combined/wihsata-api/vendor/laravel/framework/src/Illuminate/Routing/Router.php(750): Illuminate/Routing/Router->runRoute(Object(Illuminate/Http/Request), Object(Illuminate/Routing/Route))
#29 C:/Users/User/Downloads/wihsata final/wihsata-combined/wihsata-api/vendor/laravel/framework/src/Illuminate/Routing/Router.php(739): Illuminate/Routing/Router->dispatchToRoute(Object(Illuminate/Http/Request))
#30 C:/Users/User/Downloads/wihsata final/wihsata-combined/wihsata-api/vendor/laravel/framework/src/Illuminate/Foundation/Http/Kernel.php(201): Illuminate/Routing/Router->dispatch(Object(Illuminate/Http/Request))
#31 C:/Users/User/Downloads/wihsata final/wihsata-combined/wihsata-api/vendor/laravel/framework/src/Illuminate/Pipeline/Pipeline.php(170): Illuminate/Foundation/Http/Kernel->Illuminate/Foundation/Http/{closure}(Object(Illuminate/Http/Request))
#32 C:/Users/User/Downloads/wihsata final/wihsata-combined/wihsata-api/vendor/laravel/framework/src/Illuminate/Foundation/Http/Middleware/TransformsRequest.php(21): Illuminate/Pipeline/Pipeline->Illuminate/Pipeline/{closure}(Object(Illuminate/Http/Request))
#33 C:/Users/User/Downloads/wihsata final/wihsata-combined/wihsata-api/vendor/laravel/framework/src/Illuminate/Foundation/Http/Middleware/ConvertEmptyStringsToNull.php(31): Illuminate/Foundation/Http/Middleware/TransformsRequest->handle(Object(Illuminate/Http/Request), Object(Closure))
#34 C:/Users/User/Downloads/wihsata final/wihsata-combined/wihsata-api/vendor/laravel/framework/src/Illuminate/Pipeline/Pipeline.php(209): Illuminate/Foundation/Http/Middleware/ConvertEmptyStringsToNull->handle(Object(Illuminate/Http/Request), Object(Closure))
#35 C:/Users/User/Downloads/wihsata final/wihsata-combined/wihsata-api/vendor/laravel/framework/src/Illuminate/Foundation/Http/Middleware/TransformsRequest.php(21): Illuminate/Pipeline/Pipeline->Illuminate/Pipeline/{closure}(Object(Illuminate/Http/Request))
#36 C:/Users/User/Downloads/wihsata final/wihsata-combined/wihsata-api/vendor/laravel/framework/src/Illuminate/Foundation/Http/Middleware/TrimStrings.php(51): Illuminate/Foundation/Http/Middleware/TransformsRequest->handle(Object(Illuminate/Http/Request), Object(Closure))
#37 C:/Users/User/Downloads/wihsata final/wihsata-combined/wihsata-api/vendor/laravel/framework/src/Illuminate/Pipeline/Pipeline.php(209): Illuminate/Foundation/Http/Middleware/TrimStrings->handle(Object(Illuminate/Http/Request), Object(Closure))
#38 C:/Users/User/Downloads/wihsata final/wihsata-combined/wihsata-api/vendor/laravel/framework/src/Illuminate/Http/Middleware/ValidatePostSize.php(27): Illuminate/Pipeline/Pipeline->Illuminate/Pipeline/{closure}(Object(Illuminate/Http/Request))
#39 C:/Users/User/Downloads/wihsata final/wihsata-combined/wihsata-api/vendor/laravel/framework/src/Illuminate/Pipeline/Pipeline.php(209): Illuminate/Http/Middleware/ValidatePostSize->handle(Object(Illuminate/Http/Request), Object(Closure))
#40 C:/Users/User/Downloads/wihsata final/wihsata-combined/wihsata-api/vendor/laravel/framework/src/Illuminate/Foundation/Http/Middleware/PreventRequestsDuringMaintenance.php(110): Illuminate/Pipeline/Pipeline->Illuminate/Pipeline/{closure}(Object(Illuminate/Http/Request))
#41 C:/Users/User/Downloads/wihsata final/wihsata-combined/wihsata-api/vendor/laravel/framework/src/Illuminate/Pipeline/Pipeline.php(209): Illuminate/Foundation/Http/Middleware/PreventRequestsDuringMaintenance->handle(Object(Illuminate/Http/Request), Object(Closure))
#42 C:/Users/User/Downloads/wihsata final/wihsata-combined/wihsata-api/vendor/laravel/framework/src/Illuminate/Http/Middleware/HandleCors.php(62): Illuminate/Pipeline/Pipeline->Illuminate/Pipeline/{closure}(Object(Illuminate/Http/Request))
#43 C:/Users/User/Downloads/wihsata final/wihsata-combined/wihsata-api/vendor/laravel/framework/src/Illuminate/Pipeline/Pipeline.php(209): Illuminate/Http/Middleware/HandleCors->handle(Object(Illuminate/Http/Request), Object(Closure))
#44 C:/Users/User/Downloads/wihsata final/wihsata-combined/wihsata-api/vendor/laravel/framework/src/Illuminate/Http/Middleware/TrustProxies.php(58): Illuminate/Pipeline/Pipeline->Illuminate/Pipeline/{closure}(Object(Illuminate/Http/Request))
#45 C:/Users/User/Downloads/wihsata final/wihsata-combined/wihsata-api/vendor/laravel/framework/src/Illuminate/Pipeline/Pipeline.php(209): Illuminate/Http/Middleware/TrustProxies->handle(Object(Illuminate/Http/Request), Object(Closure))
#46 C:/Users/User/Downloads/wihsata final/wihsata-combined/wihsata-api/vendor/laravel/framework/src/Illuminate/Foundation/Http/Middleware/InvokeDeferredCallbacks.php(22): Illuminate/Pipeline/Pipeline->Illuminate/Pipeline/{closure}(Object(Illuminate/Http/Request))
#47 C:/Users/User/Downloads/wihsata final/wihsata-combined/wihsata-api/vendor/laravel/framework/src/Illuminate/Pipeline/Pipeline.php(209): Illuminate/Foundation/Http/Middleware/InvokeDeferredCallbacks->handle(Object(Illuminate/Http/Request), Object(Closure))
#48 C:/Users/User/Downloads/wihsata final/wihsata-combined/wihsata-api/vendor/laravel/framework/src/Illuminate/Pipeline/Pipeline.php(127): Illuminate/Pipeline/Pipeline->Illuminate/Pipeline/{closure}(Object(Illuminate/Http/Request))
#49 C:/Users/User/Downloads/wihsata final/wihsata-combined/wihsata-api/vendor/laravel/framework/src/Illuminate/Foundation/Http/Kernel.php(176): Illuminate/Pipeline/Pipeline->then(Object(Closure))
#50 C:/Users/User/Downloads/wihsata final/wihsata-combined/wihsata-api/vendor/laravel/framework/src/Illuminate/Foundation/Http/Kernel.php(145): Illuminate/Foundation/Http/Kernel->sendRequestThroughRouter(Object(Illuminate/Http/Request))
#51 C:/Users/User/Downloads/wihsata final/wihsata-combined/wihsata-api/vendor/laravel/framework/src/Illuminate/Foundation/Application.php(1220): Illuminate/Foundation/Http/Kernel->handle(Object(Illuminate/Http/Request))
#52 C:/Users/User/Downloads/wihsata final/wihsata-combined/wihsata-api/public/index.php(17): Illuminate/Foundation/Application->handleRequest(Object(Illuminate/Http/Request))
#53 C:/Users/User/Downloads/wihsata final/wihsata-combined/wihsata-api/vendor/laravel/framework/src/Illuminate/Foundation/resources/server.php(23): require_once('C://Users//User//D...')
#54 {main}

[previous exception] [object] (PDOException(code: 7): SQLSTATE[08006] [7] could not translate host name \"ep-young-glade-azm0ni7w.c-3.ap-southeast-1.aws.neon.tech\" to address: Unknown host at C:/Users/User/Downloads/wihsata final/wihsata-combined/wihsata-api/vendor/laravel/framework/src/Illuminate/Database/Connectors/Connector.php:66)
[stacktrace]
#0 C:/Users/User/Downloads/wihsata final/wihsata-combined/wihsata-api/vendor/laravel/framework/src/Illuminate/Database/Connectors/Connector.php(66): PDO->__construct('pgsql:host=ep-y...', 'neondb_owner', Object(SensitiveParameterValue), Array)
#1 C:/Users/User/Downloads/wihsata final/wihsata-combined/wihsata-api/vendor/laravel/framework/src/Illuminate/Database/Connectors/Connector.php(85): Illuminate/Database/Connectors/Connector->createPdoConnection('pgsql:host=ep-y...', 'neondb_owner', Object(SensitiveParameterValue), Array)
#2 C:/Users/User/Downloads/wihsata final/wihsata-combined/wihsata-api/vendor/laravel/framework/src/Illuminate/Database/Connectors/Connector.php(48): Illuminate/Database/Connectors/Connector->tryAgainIfCausedByLostConnection(Object(PDOException), 'pgsql:host=ep-y...', 'neondb_owner', Object(SensitiveParameterValue), Array)
#3 C:/Users/User/Downloads/wihsata final/wihsata-combined/wihsata-api/vendor/laravel/framework/src/Illuminate/Database/Connectors/PostgresConnector.php(35): Illuminate/Database/Connectors/Connector->createConnection('pgsql:host=ep-y...', Array, Array)
#4 C:/Users/User/Downloads/wihsata final/wihsata-combined/wihsata-api/vendor/laravel/framework/src/Illuminate/Database/Connectors/ConnectionFactory.php(185): Illuminate/Database/Connectors/PostgresConnector->connect(Array)
#5 [internal function]: Illuminate/Database/Connectors/ConnectionFactory->Illuminate/Database/Connectors/{closure}()
#6 C:/Users/User/Downloads/wihsata final/wihsata-combined/wihsata-api/vendor/laravel/framework/src/Illuminate/Database/Connection.php(1231): call_user_func(Object(Closure))
#7 C:/Users/User/Downloads/wihsata final/wihsata-combined/wihsata-api/vendor/laravel/framework/src/Illuminate/Database/Connection.php(1267): Illuminate/Database/Connection->getPdo()
#8 C:/Users/User/Downloads/wihsata final/wihsata-combined/wihsata-api/vendor/laravel/framework/src/Illuminate/Database/Connection.php(512): Illuminate/Database/Connection->getReadPdo()
#9 C:/Users/User/Downloads/wihsata final/wihsata-combined/wihsata-api/vendor/laravel/framework/src/Illuminate/Database/Connection.php(407): Illuminate/Database/Connection->getPdoForSelect(true)
#10 C:/Users/User/Downloads/wihsata final/wihsata-combined/wihsata-api/vendor/laravel/framework/src/Illuminate/Database/Connection.php(812): Illuminate/Database/Connection->Illuminate/Database/{closure}('select * from \"...', Array)
#11 C:/Users/User/Downloads/wihsata final/wihsata-combined/wihsata-api/vendor/laravel/framework/src/Illuminate/Database/Connection.php(979): Illuminate/Database/Connection->runQueryCallback('select * from \"...', Array, Object(Closure))
#12 C:/Users/User/Downloads/wihsata final/wihsata-combined/wihsata-api/vendor/laravel/framework/src/Illuminate/Database/Connection.php(958): Illuminate/Database/Connection->tryAgainIfCausedByLostConnection(Object(Illuminate/Database/QueryException), 'select * from \"...', Array, Object(Closure))
#13 C:/Users/User/Downloads/wihsata final/wihsata-combined/wihsata-api/vendor/laravel/framework/src/Illuminate/Database/Connection.php(781): Illuminate/Database/Connection->handleQueryException(Object(Illuminate/Database/QueryException), 'select * from \"...', Array, Object(Closure))
#14 C:/Users/User/Downloads/wihsata final/wihsata-combined/wihsata-api/vendor/laravel/framework/src/Illuminate/Database/Connection.php(398): Illuminate/Database/Connection->run('select * from \"...', Array, Object(Closure))
#15 C:/Users/User/Downloads/wihsata final/wihsata-combined/wihsata-api/vendor/laravel/framework/src/Illuminate/Database/Query/Builder.php(3106): Illuminate/Database/Connection->select('select * from \"...', Array, true)
#16 C:/Users/User/Downloads/wihsata final/wihsata-combined/wihsata-api/vendor/laravel/framework/src/Illuminate/Database/Query/Builder.php(3091): Illuminate/Database/Query/Builder->runSelect()
#17 C:/Users/User/Downloads/wihsata final/wihsata-combined/wihsata-api/vendor/laravel/framework/src/Illuminate/Database/Query/Builder.php(3676): Illuminate/Database/Query/Builder->Illuminate/Database/Query/{closure}()
#18 C:/Users/User/Downloads/wihsata final/wihsata-combined/wihsata-api/vendor/laravel/framework/src/Illuminate/Database/Query/Builder.php(3090): Illuminate/Database/Query/Builder->onceWithColumns(Array, Object(Closure))
#19 C:/Users/User/Downloads/wihsata final/wihsata-combined/wihsata-api/vendor/laravel/framework/src/Illuminate/Database/Eloquent/Builder.php(811): Illuminate/Database/Query/Builder->get(Array)
#20 C:/Users/User/Downloads/wihsata final/wihsata-combined/wihsata-api/vendor/laravel/framework/src/Illuminate/Database/Eloquent/Builder.php(793): Illuminate/Database/Eloquent/Builder->getModels(Array)
#21 C:/Users/User/Downloads/wihsata final/wihsata-combined/wihsata-api/vendor/laravel/framework/src/Illuminate/Database/Concerns/BuildsQueries.php(343): Illuminate/Database/Eloquent/Builder->get(Array)
#22 C:/Users/User/Downloads/wihsata final/wihsata-combined/wihsata-api/vendor/laravel/framework/src/Illuminate/Database/Eloquent/Builder.php(477): Illuminate/Database/Eloquent/Builder->first(Array)
#23 C:/Users/User/Downloads/wihsata final/wihsata-combined/wihsata-api/vendor/laravel/framework/src/Illuminate/Support/Traits/ForwardsCalls.php(23): Illuminate/Database/Eloquent/Builder->find('1')
#24 C:/Users/User/Downloads/wihsata final/wihsata-combined/wihsata-api/vendor/laravel/framework/src/Illuminate/Database/Eloquent/Model.php(2372): Illuminate/Database/Eloquent/Model->forwardCallTo(Object(Illuminate/Database/Eloquent/Builder), 'find', Array)
#25 C:/Users/User/Downloads/wihsata final/wihsata-combined/wihsata-api/vendor/laravel/framework/src/Illuminate/Database/Eloquent/Model.php(2384): Illuminate/Database/Eloquent/Model->__call('find', Array)
#26 C:/Users/User/Downloads/wihsata final/wihsata-combined/wihsata-api/vendor/laravel/sanctum/src/PersonalAccessToken.php(66): Illuminate/Database/Eloquent/Model::__callStatic('find', Array)
#27 C:/Users/User/Downloads/wihsata final/wihsata-combined/wihsata-api/vendor/laravel/sanctum/src/Guard.php(43): Laravel/Sanctum/PersonalAccessToken::findToken('ng4GobHtHkht0rH...')
#28 [internal function]: Laravel/Sanctum/Guard->__invoke(Object(Illuminate/Http/Request), Object(Illuminate/Auth/EloquentUserProvider))
#29 C:/Users/User/Downloads/wihsata final/wihsata-combined/wihsata-api/vendor/laravel/framework/src/Illuminate/Auth/RequestGuard.php(57): call_user_func(Object(Laravel/Sanctum/Guard), Object(Illuminate/Http/Request), Object(Illuminate/Auth/EloquentUserProvider))
#30 C:/Users/User/Downloads/wihsata final/wihsata-combined/wihsata-api/vendor/laravel/framework/src/Illuminate/Auth/GuardHelpers.php(56): Illuminate/Auth/RequestGuard->user()
#31 C:/Users/User/Downloads/wihsata final/wihsata-combined/wihsata-api/vendor/laravel/framework/src/Illuminate/Auth/Middleware/Authenticate.php(83): Illuminate/Auth/RequestGuard->check()
#32 C:/Users/User/Downloads/wihsata final/wihsata-combined/wihsata-api/vendor/laravel/framework/src/Illuminate/Auth/Middleware/Authenticate.php(62): Illuminate/Auth/Middleware/Authenticate->authenticate(Object(Illuminate/Http/Request), Array)
#33 C:/Users/User/Downloads/wihsata final/wihsata-combined/wihsata-api/vendor/laravel/framework/src/Illuminate/Pipeline/Pipeline.php(209): Illuminate/Auth/Middleware/Authenticate->handle(Object(Illuminate/Http/Request), Object(Closure), 'sanctum')
#34 C:/Users/User/Downloads/wihsata final/wihsata-combined/wihsata-api/vendor/laravel/framework/src/Illuminate/Http/Middleware/HandleCors.php(62): Illuminate/Pipeline/Pipeline->Illuminate/Pipeline/{closure}(Object(Illuminate/Http/Request))
#35 C:/Users/User/Downloads/wihsata final/wihsata-combined/wihsata-api/vendor/laravel/framework/src/Illuminate/Pipeline/Pipeline.php(209): Illuminate/Http/Middleware/HandleCors->handle(Object(Illuminate/Http/Request), Object(Closure))
#36 C:/Users/User/Downloads/wihsata final/wihsata-combined/wihsata-api/vendor/laravel/framework/src/Illuminate/Pipeline/Pipeline.php(127): Illuminate/Pipeline/Pipeline->Illuminate/Pipeline/{closure}(Object(Illuminate/Http/Request))
#37 C:/Users/User/Downloads/wihsata final/wihsata-combined/wihsata-api/vendor/laravel/framework/src/Illuminate/Routing/Router.php(807): Illuminate/Pipeline/Pipeline->then(Object(Closure))
#38 C:/Users/User/Downloads/wihsata final/wihsata-combined/wihsata-api/vendor/laravel/framework/src/Illuminate/Routing/Router.php(786): Illuminate/Routing/Router->runRouteWithinStack(Object(Illuminate/Routing/Route), Object(Illuminate/Http/Request))
#39 C:/Users/User/Downloads/wihsata final/wihsata-combined/wihsata-api/vendor/laravel/framework/src/Illuminate/Routing/Router.php(750): Illuminate/Routing/Router->runRoute(Object(Illuminate/Http/Request), Object(Illuminate/Routing/Route))
#40 C:/Users/User/Downloads/wihsata final/wihsata-combined/wihsata-api/vendor/laravel/framework/src/Illuminate/Routing/Router.php(739): Illuminate/Routing/Router->dispatchToRoute(Object(Illuminate/Http/Request))
#41 C:/Users/User/Downloads/wihsata final/wihsata-combined/wihsata-api/vendor/laravel/framework/src/Illuminate/Foundation/Http/Kernel.php(201): Illuminate/Routing/Router->dispatch(Object(Illuminate/Http/Request))
#42 C:/Users/User/Downloads/wihsata final/wihsata-combined/wihsata-api/vendor/laravel/framework/src/Illuminate/Pipeline/Pipeline.php(170): Illuminate/Foundation/Http/Kernel->Illuminate/Foundation/Http/{closure}(Object(Illuminate/Http/Request))
#43 C:/Users/User/Downloads/wihsata final/wihsata-combined/wihsata-api/vendor/laravel/framework/src/Illuminate/Foundation/Http/Middleware/TransformsRequest.php(21): Illuminate/Pipeline/Pipeline->Illuminate/Pipeline/{closure}(Object(Illuminate/Http/Request))
#44 C:/Users/User/Downloads/wihsata final/wihsata-combined/wihsata-api/vendor/laravel/framework/src/Illuminate/Foundation/Http/Middleware/ConvertEmptyStringsToNull.php(31): Illuminate/Foundation/Http/Middleware/TransformsRequest->handle(Object(Illuminate/Http/Request), Object(Closure))
#45 C:/Users/User/Downloads/wihsata final/wihsata-combined/wihsata-api/vendor/laravel/framework/src/Illuminate/Pipeline/Pipeline.php(209): Illuminate/Foundation/Http/Middleware/ConvertEmptyStringsToNull->handle(Object(Illuminate/Http/Request), Object(Closure))
#46 C:/Users/User/Downloads/wihsata final/wihsata-combined/wihsata-api/vendor/laravel/framework/src/Illuminate/Foundation/Http/Middleware/TransformsRequest.php(21): Illuminate/Pipeline/Pipeline->Illuminate/Pipeline/{closure}(Object(Illuminate/Http/Request))
#47 C:/Users/User/Downloads/wihsata final/wihsata-combined/wihsata-api/vendor/laravel/framework/src/Illuminate/Foundation/Http/Middleware/TrimStrings.php(51): Illuminate/Foundation/Http/Middleware/TransformsRequest->handle(Object(Illuminate/Http/Request), Object(Closure))
#48 C:/Users/User/Downloads/wihsata final/wihsata-combined/wihsata-api/vendor/laravel/framework/src/Illuminate/Pipeline/Pipeline.php(209): Illuminate/Foundation/Http/Middleware/TrimStrings->handle(Object(Illuminate/Http/Request), Object(Closure))
#49 C:/Users/User/Downloads/wihsata final/wihsata-combined/wihsata-api/vendor/laravel/framework/src/Illuminate/Http/Middleware/ValidatePostSize.php(27): Illuminate/Pipeline/Pipeline->Illuminate/Pipeline/{closure}(Object(Illuminate/Http/Request))
#50 C:/Users/User/Downloads/wihsata final/wihsata-combined/wihsata-api/vendor/laravel/framework/src/Illuminate/Pipeline/Pipeline.php(209): Illuminate/Http/Middleware/ValidatePostSize->handle(Object(Illuminate/Http/Request), Object(Closure))
#51 C:/Users/User/Downloads/wihsata final/wihsata-combined/wihsata-api/vendor/laravel/framework/src/Illuminate/Foundation/Http/Middleware/PreventRequestsDuringMaintenance.php(110): Illuminate/Pipeline/Pipeline->Illuminate/Pipeline/{closure}(Object(Illuminate/Http/Request))
#52 C:/Users/User/Downloads/wihsata final/wihsata-combined/wihsata-api/vendor/laravel/framework/src/Illuminate/Pipeline/Pipeline.php(209): Illuminate/Foundation/Http/Middleware/PreventRequestsDuringMaintenance->handle(Object(Illuminate/Http/Request), Object(Closure))
#53 C:/Users/User/Downloads/wihsata final/wihsata-combined/wihsata-api/vendor/laravel/framework/src/Illuminate/Http/Middleware/HandleCors.php(62): Illuminate/Pipeline/Pipeline->Illuminate/Pipeline/{closure}(Object(Illuminate/Http/Request))
#54 C:/Users/User/Downloads/wihsata final/wihsata-combined/wihsata-api/vendor/laravel/framework/src/Illuminate/Pipeline/Pipeline.php(209): Illuminate/Http/Middleware/HandleCors->handle(Object(Illuminate/Http/Request), Object(Closure))
#55 C:/Users/User/Downloads/wihsata final/wihsata-combined/wihsata-api/vendor/laravel/framework/src/Illuminate/Http/Middleware/TrustProxies.php(58): Illuminate/Pipeline/Pipeline->Illuminate/Pipeline/{closure}(Object(Illuminate/Http/Request))
#56 C:/Users/User/Downloads/wihsata final/wihsata-combined/wihsata-api/vendor/laravel/framework/src/Illuminate/Pipeline/Pipeline.php(209): Illuminate/Http/Middleware/TrustProxies->handle(Object(Illuminate/Http/Request), Object(Closure))
#57 C:/Users/User/Downloads/wihsata final/wihsata-combined/wihsata-api/vendor/laravel/framework/src/Illuminate/Foundation/Http/Middleware/InvokeDeferredCallbacks.php(22): Illuminate/Pipeline/Pipeline->Illuminate/Pipeline/{closure}(Object(Illuminate/Http/Request))
#58 C:/Users/User/Downloads/wihsata final/wihsata-combined/wihsata-api/vendor/laravel/framework/src/Illuminate/Pipeline/Pipeline.php(209): Illuminate/Foundation/Http/Middleware/InvokeDeferredCallbacks->handle(Object(Illuminate/Http/Request), Object(Closure))
#59 C:/Users/User/Downloads/wihsata final/wihsata-combined/wihsata-api/vendor/laravel/framework/src/Illuminate/Pipeline/Pipeline.php(127): Illuminate/Pipeline/Pipeline->Illuminate/Pipeline/{closure}(Object(Illuminate/Http/Request))
#60 C:/Users/User/Downloads/wihsata final/wihsata-combined/wihsata-api/vendor/laravel/framework/src/Illuminate/Foundation/Http/Kernel.php(176): Illuminate/Pipeline/Pipeline->then(Object(Closure))
#61 C:/Users/User/Downloads/wihsata final/wihsata-combined/wihsata-api/vendor/laravel/framework/src/Illuminate/Foundation/Http/Kernel.php(145): Illuminate/Foundation/Http/Kernel->sendRequestThroughRouter(Object(Illuminate/Http/Request))
#62 C:/Users/User/Downloads/wihsata final/wihsata-combined/wihsata-api/vendor/laravel/framework/src/Illuminate/Foundation/Application.php(1220): Illuminate/Foundation/Http/Kernel->handle(Object(Illuminate/Http/Request))
#63 C:/Users/User/Downloads/wihsata final/wihsata-combined/wihsata-api/public/index.php(17): Illuminate/Foundation/Application->handleRequest(Object(Illuminate/Http/Request))
#64 C:/Users/User/Downloads/wihsata final/wihsata-combined/wihsata-api/vendor/laravel/framework/src/Illuminate/Foundation/resources/server.php(23): require_once('C://Users//User//D...')
#65 {main}
"} 
[2026-08-18 05:34:40] local.ERROR: SQLSTATE[08006] [7] could not translate host name "ep-young-glade-azm0ni7w.c-3.ap-southeast-1.aws.neon.tech" to address: Unknown host (Connection: pgsql, SQL: select * from "users" where "email" = kiritokazutobolt@gmail.com limit 1) {"exception":"[object] (Illuminate\\Database\\QueryException(code: 7): SQLSTATE[08006] [7] could not translate host name \"ep-young-glade-azm0ni7w.c-3.ap-southeast-1.aws.neon.tech\" to address: Unknown host (Connection: pgsql, SQL: select * from \"users\" where \"email\" = kiritokazutobolt@gmail.com limit 1) at C:/Users/User/Downloads/wihsata final/wihsata-combined/wihsata-api/vendor/laravel/framework/src/Illuminate/Database/Connection.php:825)
[stacktrace]
#0 C:/Users/User/Downloads/wihsata final/wihsata-combined/wihsata-api/vendor/laravel/framework/src/Illuminate/Database/Connection.php(979): Illuminate/Database/Connection->runQueryCallback('select * from \"...', Array, Object(Closure))
#1 C:/Users/User/Downloads/wihsata final/wihsata-combined/wihsata-api/vendor/laravel/framework/src/Illuminate/Database/Connection.php(958): Illuminate/Database/Connection->tryAgainIfCausedByLostConnection(Object(Illuminate/Database/QueryException), 'select * from \"...', Array, Object(Closure))
#2 C:/Users/User/Downloads/wihsata final/wihsata-combined/wihsata-api/vendor/laravel/framework/src/Illuminate/Database/Connection.php(781): Illuminate/Database/Connection->handleQueryException(Object(Illuminate/Database/QueryException), 'select * from \"...', Array, Object(Closure))
#3 C:/Users/User/Downloads/wihsata final/wihsata-combined/wihsata-api/vendor/laravel/framework/src/Illuminate/Database/Connection.php(398): Illuminate/Database/Connection->run('select * from \"...', Array, Object(Closure))
#4 C:/Users/User/Downloads/wihsata final/wihsata-combined/wihsata-api/vendor/laravel/framework/src/Illuminate/Database/Query/Builder.php(3106): Illuminate/Database/Connection->select('select * from \"...', Array, true)
#5 C:/Users/User/Downloads/wihsata final/wihsata-combined/wihsata-api/vendor/laravel/framework/src/Illuminate/Database/Query/Builder.php(3091): Illuminate/Database/Query/Builder->runSelect()
#6 C:/Users/User/Downloads/wihsata final/wihsata-combined/wihsata-api/vendor/laravel/framework/src/Illuminate/Database/Query/Builder.php(3676): Illuminate/Database/Query/Builder->Illuminate/Database/Query/{closure}()
#7 C:/Users/User/Downloads/wihsata final/wihsata-combined/wihsata-api/vendor/laravel/framework/src/Illuminate/Database/Query/Builder.php(3090): Illuminate/Database/Query/Builder->onceWithColumns(Array, Object(Closure))
#8 C:/Users/User/Downloads/wihsata final/wihsata-combined/wihsata-api/vendor/laravel/framework/src/Illuminate/Database/Eloquent/Builder.php(811): Illuminate/Database/Query/Builder->get(Array)
#9 C:/Users/User/Downloads/wihsata final/wihsata-combined/wihsata-api/vendor/laravel/framework/src/Illuminate/Database/Eloquent/Builder.php(793): Illuminate/Database/Eloquent/Builder->getModels(Array)
#10 C:/Users/User/Downloads/wihsata final/wihsata-combined/wihsata-api/vendor/laravel/framework/src/Illuminate/Database/Concerns/BuildsQueries.php(343): Illuminate/Database/Eloquent/Builder->get(Array)
#11 C:/Users/User/Downloads/wihsata final/wihsata-combined/wihsata-api/app/Http/Controllers/Auth/LoginController.php(31): Illuminate/Database/Eloquent/Builder->first()
#12 C:/Users/User/Downloads/wihsata final/wihsata-combined/wihsata-api/vendor/laravel/framework/src/Illuminate/Routing/ControllerDispatcher.php(47): App/Http/Controllers/Auth/LoginController->__invoke(Object(App/Http/Requests/Auth/LoginRequest))
#13 C:/Users/User/Downloads/wihsata final/wihsata-combined/wihsata-api/vendor/laravel/framework/src/Illuminate/Routing/Route.php(266): Illuminate/Routing/ControllerDispatcher->dispatch(Object(Illuminate/Routing/Route), Object(App/Http/Controllers/Auth/LoginController), '__invoke')
#14 C:/Users/User/Downloads/wihsata final/wihsata-combined/wihsata-api/vendor/laravel/framework/src/Illuminate/Routing/Route.php(212): Illuminate/Routing/Route->runController()
#15 C:/Users/User/Downloads/wihsata final/wihsata-combined/wihsata-api/vendor/laravel/framework/src/Illuminate/Routing/Router.php(808): Illuminate/Routing/Route->run()
#16 C:/Users/User/Downloads/wihsata final/wihsata-combined/wihsata-api/vendor/laravel/framework/src/Illuminate/Pipeline/Pipeline.php(170): Illuminate/Routing/Router->Illuminate/Routing/{closure}(Object(Illuminate/Http/Request))
#17 C:/Users/User/Downloads/wihsata final/wihsata-combined/wihsata-api/vendor/laravel/framework/src/Illuminate/Routing/Middleware/SubstituteBindings.php(51): Illuminate/Pipeline/Pipeline->Illuminate/Pipeline/{closure}(Object(Illuminate/Http/Request))
#18 C:/Users/User/Downloads/wihsata final/wihsata-combined/wihsata-api/vendor/laravel/framework/src/Illuminate/Pipeline/Pipeline.php(209): Illuminate/Routing/Middleware/SubstituteBindings->handle(Object(Illuminate/Http/Request), Object(Closure))
#19 C:/Users/User/Downloads/wihsata final/wihsata-combined/wihsata-api/vendor/laravel/framework/src/Illuminate/Http/Middleware/HandleCors.php(62): Illuminate/Pipeline/Pipeline->Illuminate/Pipeline/{closure}(Object(Illuminate/Http/Request))
#20 C:/Users/User/Downloads/wihsata final/wihsata-combined/wihsata-api/vendor/laravel/framework/src/Illuminate/Pipeline/Pipeline.php(209): Illuminate/Http/Middleware/HandleCors->handle(Object(Illuminate/Http/Request), Object(Closure))
#21 C:/Users/User/Downloads/wihsata final/wihsata-combined/wihsata-api/vendor/laravel/framework/src/Illuminate/Pipeline/Pipeline.php(127): Illuminate/Pipeline/Pipeline->Illuminate/Pipeline/{closure}(Object(Illuminate/Http/Request))
#22 C:/Users/User/Downloads/wihsata final/wihsata-combined/wihsata-api/vendor/laravel/framework/src/Illuminate/Routing/Router.php(807): Illuminate/Pipeline/Pipeline->then(Object(Closure))
#23 C:/Users/User/Downloads/wihsata final/wihsata-combined/wihsata-api/vendor/laravel/framework/src/Illuminate/Routing/Router.php(786): Illuminate/Routing/Router->runRouteWithinStack(Object(Illuminate/Routing/Route), Object(Illuminate/Http/Request))
#24 C:/Users/User/Downloads/wihsata final/wihsata-combined/wihsata-api/vendor/laravel/framework/src/Illuminate/Routing/Router.php(750): Illuminate/Routing/Router->runRoute(Object(Illuminate/Http/Request), Object(Illuminate/Routing/Route))
#25 C:/Users/User/Downloads/wihsata final/wihsata-combined/wihsata-api/vendor/laravel/framework/src/Illuminate/Routing/Router.php(739): Illuminate/Routing/Router->dispatchToRoute(Object(Illuminate/Http/Request))
#26 C:/Users/User/Downloads/wihsata final/wihsata-combined/wihsata-api/vendor/laravel/framework/src/Illuminate/Foundation/Http/Kernel.php(201): Illuminate/Routing/Router->dispatch(Object(Illuminate/Http/Request))
#27 C:/Users/User/Downloads/wihsata final/wihsata-combined/wihsata-api/vendor/laravel/framework/src/Illuminate/Pipeline/Pipeline.php(170): Illuminate/Foundation/Http/Kernel->Illuminate/Foundation/Http/{closure}(Object(Illuminate/Http/Request))
#28 C:/Users/User/Downloads/wihsata final/wihsata-combined/wihsata-api/vendor/laravel/framework/src/Illuminate/Foundation/Http/Middleware/TransformsRequest.php(21): Illuminate/Pipeline/Pipeline->Illuminate/Pipeline/{closure}(Object(Illuminate/Http/Request))
#29 C:/Users/User/Downloads/wihsata final/wihsata-combined/wihsata-api/vendor/laravel/framework/src/Illuminate/Foundation/Http/Middleware/ConvertEmptyStringsToNull.php(31): Illuminate/Foundation/Http/Middleware/TransformsRequest->handle(Object(Illuminate/Http/Request), Object(Closure))
#30 C:/Users/User/Downloads/wihsata final/wihsata-combined/wihsata-api/vendor/laravel/framework/src/Illuminate/Pipeline/Pipeline.php(209): Illuminate/Foundation/Http/Middleware/ConvertEmptyStringsToNull->handle(Object(Illuminate/Http/Request), Object(Closure))
#31 C:/Users/User/Downloads/wihsata final/wihsata-combined/wihsata-api/vendor/laravel/framework/src/Illuminate/Foundation/Http/Middleware/TransformsRequest.php(21): Illuminate/Pipeline/Pipeline->Illuminate/Pipeline/{closure}(Object(Illuminate/Http/Request))
#32 C:/Users/User/Downloads/wihsata final/wihsata-combined/wihsata-api/vendor/laravel/framework/src/Illuminate/Foundation/Http/Middleware/TrimStrings.php(51): Illuminate/Foundation/Http/Middleware/TransformsRequest->handle(Object(Illuminate/Http/Request), Object(Closure))
#33 C:/Users/User/Downloads/wihsata final/wihsata-combined/wihsata-api/vendor/laravel/framework/src/Illuminate/Pipeline/Pipeline.php(209): Illuminate/Foundation/Http/Middleware/TrimStrings->handle(Object(Illuminate/Http/Request), Object(Closure))
#34 C:/Users/User/Downloads/wihsata final/wihsata-combined/wihsata-api/vendor/laravel/framework/src/Illuminate/Http/Middleware/ValidatePostSize.php(27): Illuminate/Pipeline/Pipeline->Illuminate/Pipeline/{closure}(Object(Illuminate/Http/Request))
#35 C:/Users/User/Downloads/wihsata final/wihsata-combined/wihsata-api/vendor/laravel/framework/src/Illuminate/Pipeline/Pipeline.php(209): Illuminate/Http/Middleware/ValidatePostSize->handle(Object(Illuminate/Http/Request), Object(Closure))
#36 C:/Users/User/Downloads/wihsata final/wihsata-combined/wihsata-api/vendor/laravel/framework/src/Illuminate/Foundation/Http/Middleware/PreventRequestsDuringMaintenance.php(110): Illuminate/Pipeline/Pipeline->Illuminate/Pipeline/{closure}(Object(Illuminate/Http/Request))
#37 C:/Users/User/Downloads/wihsata final/wihsata-combined/wihsata-api/vendor/laravel/framework/src/Illuminate/Pipeline/Pipeline.php(209): Illuminate/Foundation/Http/Middleware/PreventRequestsDuringMaintenance->handle(Object(Illuminate/Http/Request), Object(Closure))
#38 C:/Users/User/Downloads/wihsata final/wihsata-combined/wihsata-api/vendor/laravel/framework/src/Illuminate/Http/Middleware/HandleCors.php(62): Illuminate/Pipeline/Pipeline->Illuminate/Pipeline/{closure}(Object(Illuminate/Http/Request))
#39 C:/Users/User/Downloads/wihsata final/wihsata-combined/wihsata-api/vendor/laravel/framework/src/Illuminate/Pipeline/Pipeline.php(209): Illuminate/Http/Middleware/HandleCors->handle(Object(Illuminate/Http/Request), Object(Closure))
#40 C:/Users/User/Downloads/wihsata final/wihsata-combined/wihsata-api/vendor/laravel/framework/src/Illuminate/Http/Middleware/TrustProxies.php(58): Illuminate/Pipeline/Pipeline->Illuminate/Pipeline/{closure}(Object(Illuminate/Http/Request))
#41 C:/Users/User/Downloads/wihsata final/wihsata-combined/wihsata-api/vendor/laravel/framework/src/Illuminate/Pipeline/Pipeline.php(209): Illuminate/Http/Middleware/TrustProxies->handle(Object(Illuminate/Http/Request), Object(Closure))
#42 C:/Users/User/Downloads/wihsata final/wihsata-combined/wihsata-api/vendor/laravel/framework/src/Illuminate/Foundation/Http/Middleware/InvokeDeferredCallbacks.php(22): Illuminate/Pipeline/Pipeline->Illuminate/Pipeline/{closure}(Object(Illuminate/Http/Request))
#43 C:/Users/User/Downloads/wihsata final/wihsata-combined/wihsata-api/vendor/laravel/framework/src/Illuminate/Pipeline/Pipeline.php(209): Illuminate/Foundation/Http/Middleware/InvokeDeferredCallbacks->handle(Object(Illuminate/Http/Request), Object(Closure))
#44 C:/Users/User/Downloads/wihsata final/wihsata-combined/wihsata-api/vendor/laravel/framework/src/Illuminate/Pipeline/Pipeline.php(127): Illuminate/Pipeline/Pipeline->Illuminate/Pipeline/{closure}(Object(Illuminate/Http/Request))
#45 C:/Users/User/Downloads/wihsata final/wihsata-combined/wihsata-api/vendor/laravel/framework/src/Illuminate/Foundation/Http/Kernel.php(176): Illuminate/Pipeline/Pipeline->then(Object(Closure))
#46 C:/Users/User/Downloads/wihsata final/wihsata-combined/wihsata-api/vendor/laravel/framework/src/Illuminate/Foundation/Http/Kernel.php(145): Illuminate/Foundation/Http/Kernel->sendRequestThroughRouter(Object(Illuminate/Http/Request))
#47 C:/Users/User/Downloads/wihsata final/wihsata-combined/wihsata-api/vendor/laravel/framework/src/Illuminate/Foundation/Application.php(1220): Illuminate/Foundation/Http/Kernel->handle(Object(Illuminate/Http/Request))
#48 C:/Users/User/Downloads/wihsata final/wihsata-combined/wihsata-api/public/index.php(17): Illuminate/Foundation/Application->handleRequest(Object(Illuminate/Http/Request))
#49 C:/Users/User/Downloads/wihsata final/wihsata-combined/wihsata-api/vendor/laravel/framework/src/Illuminate/Foundation/resources/server.php(23): require_once('C://Users//User//D...')
#50 {main}

[previous exception] [object] (PDOException(code: 7): SQLSTATE[08006] [7] could not translate host name \"ep-young-glade-azm0ni7w.c-3.ap-southeast-1.aws.neon.tech\" to address: Unknown host at C:/Users/User/Downloads/wihsata final/wihsata-combined/wihsata-api/vendor/laravel/framework/src/Illuminate/Database/Connectors/Connector.php:66)
[stacktrace]
#0 C:/Users/User/Downloads/wihsata final/wihsata-combined/wihsata-api/vendor/laravel/framework/src/Illuminate/Database/Connectors/Connector.php(66): PDO->__construct('pgsql:host=ep-y...', 'neondb_owner', Object(SensitiveParameterValue), Array)
#1 C:/Users/User/Downloads/wihsata final/wihsata-combined/wihsata-api/vendor/laravel/framework/src/Illuminate/Database/Connectors/Connector.php(85): Illuminate/Database/Connectors/Connector->createPdoConnection('pgsql:host=ep-y...', 'neondb_owner', Object(SensitiveParameterValue), Array)
#2 C:/Users/User/Downloads/wihsata final/wihsata-combined/wihsata-api/vendor/laravel/framework/src/Illuminate/Database/Connectors/Connector.php(48): Illuminate/Database/Connectors/Connector->tryAgainIfCausedByLostConnection(Object(PDOException), 'pgsql:host=ep-y...', 'neondb_owner', Object(SensitiveParameterValue), Array)
#3 C:/Users/User/Downloads/wihsata final/wihsata-combined/wihsata-api/vendor/laravel/framework/src/Illuminate/Database/Connectors/PostgresConnector.php(35): Illuminate/Database/Connectors/Connector->createConnection('pgsql:host=ep-y...', Array, Array)
#4 C:/Users/User/Downloads/wihsata final/wihsata-combined/wihsata-api/vendor/laravel/framework/src/Illuminate/Database/Connectors/ConnectionFactory.php(185): Illuminate/Database/Connectors/PostgresConnector->connect(Array)
#5 [internal function]: Illuminate/Database/Connectors/ConnectionFactory->Illuminate/Database/Connectors/{closure}()
#6 C:/Users/User/Downloads/wihsata final/wihsata-combined/wihsata-api/vendor/laravel/framework/src/Illuminate/Database/Connection.php(1231): call_user_func(Object(Closure))
#7 C:/Users/User/Downloads/wihsata final/wihsata-combined/wihsata-api/vendor/laravel/framework/src/Illuminate/Database/Connection.php(1267): Illuminate/Database/Connection->getPdo()
#8 C:/Users/User/Downloads/wihsata final/wihsata-combined/wihsata-api/vendor/laravel/framework/src/Illuminate/Database/Connection.php(512): Illuminate/Database/Connection->getReadPdo()
#9 C:/Users/User/Downloads/wihsata final/wihsata-combined/wihsata-api/vendor/laravel/framework/src/Illuminate/Database/Connection.php(407): Illuminate/Database/Connection->getPdoForSelect(true)
#10 C:/Users/User/Downloads/wihsata final/wihsata-combined/wihsata-api/vendor/laravel/framework/src/Illuminate/Database/Connection.php(812): Illuminate/Database/Connection->Illuminate/Database/{closure}('select * from \"...', Array)
#11 C:/Users/User/Downloads/wihsata final/wihsata-combined/wihsata-api/vendor/laravel/framework/src/Illuminate/Database/Connection.php(979): Illuminate/Database/Connection->runQueryCallback('select * from \"...', Array, Object(Closure))
#12 C:/Users/User/Downloads/wihsata final/wihsata-combined/wihsata-api/vendor/laravel/framework/src/Illuminate/Database/Connection.php(958): Illuminate/Database/Connection->tryAgainIfCausedByLostConnection(Object(Illuminate/Database/QueryException), 'select * from \"...', Array, Object(Closure))
#13 C:/Users/User/Downloads/wihsata final/wihsata-combined/wihsata-api/vendor/laravel/framework/src/Illuminate/Database/Connection.php(781): Illuminate/Database/Connection->handleQueryException(Object(Illuminate/Database/QueryException), 'select * from \"...', Array, Object(Closure))
#14 C:/Users/User/Downloads/wihsata final/wihsata-combined/wihsata-api/vendor/laravel/framework/src/Illuminate/Database/Connection.php(398): Illuminate/Database/Connection->run('select * from \"...', Array, Object(Closure))
#15 C:/Users/User/Downloads/wihsata final/wihsata-combined/wihsata-api/vendor/laravel/framework/src/Illuminate/Database/Query/Builder.php(3106): Illuminate/Database/Connection->select('select * from \"...', Array, true)
#16 C:/Users/User/Downloads/wihsata final/wihsata-combined/wihsata-api/vendor/laravel/framework/src/Illuminate/Database/Query/Builder.php(3091): Illuminate/Database/Query/Builder->runSelect()
#17 C:/Users/User/Downloads/wihsata final/wihsata-combined/wihsata-api/vendor/laravel/framework/src/Illuminate/Database/Query/Builder.php(3676): Illuminate/Database/Query/Builder->Illuminate/Database/Query/{closure}()
#18 C:/Users/User/Downloads/wihsata final/wihsata-combined/wihsata-api/vendor/laravel/framework/src/Illuminate/Database/Query/Builder.php(3090): Illuminate/Database/Query/Builder->onceWithColumns(Array, Object(Closure))
#19 C:/Users/User/Downloads/wihsata final/wihsata-combined/wihsata-api/vendor/laravel/framework/src/Illuminate/Database/Eloquent/Builder.php(811): Illuminate/Database/Query/Builder->get(Array)
#20 C:/Users/User/Downloads/wihsata final/wihsata-combined/wihsata-api/vendor/laravel/framework/src/Illuminate/Database/Eloquent/Builder.php(793): Illuminate/Database/Eloquent/Builder->getModels(Array)
#21 C:/Users/User/Downloads/wihsata final/wihsata-combined/wihsata-api/vendor/laravel/framework/src/Illuminate/Database/Concerns/BuildsQueries.php(343): Illuminate/Database/Eloquent/Builder->get(Array)
#22 C:/Users/User/Downloads/wihsata final/wihsata-combined/wihsata-api/app/Http/Controllers/Auth/LoginController.php(31): Illuminate/Database/Eloquent/Builder->first()
#23 C:/Users/User/Downloads/wihsata final/wihsata-combined/wihsata-api/vendor/laravel/framework/src/Illuminate/Routing/ControllerDispatcher.php(47): App/Http/Controllers/Auth/LoginController->__invoke(Object(App/Http/Requests/Auth/LoginRequest))
#24 C:/Users/User/Downloads/wihsata final/wihsata-combined/wihsata-api/vendor/laravel/framework/src/Illuminate/Routing/Route.php(266): Illuminate/Routing/ControllerDispatcher->dispatch(Object(Illuminate/Routing/Route), Object(App/Http/Controllers/Auth/LoginController), '__invoke')
#25 C:/Users/User/Downloads/wihsata final/wihsata-combined/wihsata-api/vendor/laravel/framework/src/Illuminate/Routing/Route.php(212): Illuminate/Routing/Route->runController()
#26 C:/Users/User/Downloads/wihsata final/wihsata-combined/wihsata-api/vendor/laravel/framework/src/Illuminate/Routing/Router.php(808): Illuminate/Routing/Route->run()
#27 C:/Users/User/Downloads/wihsata final/wihsata-combined/wihsata-api/vendor/laravel/framework/src/Illuminate/Pipeline/Pipeline.php(170): Illuminate/Routing/Router->Illuminate/Routing/{closure}(Object(Illuminate/Http/Request))
#28 C:/Users/User/Downloads/wihsata final/wihsata-combined/wihsata-api/vendor/laravel/framework/src/Illuminate/Routing/Middleware/SubstituteBindings.php(51): Illuminate/Pipeline/Pipeline->Illuminate/Pipeline/{closure}(Object(Illuminate/Http/Request))
#29 C:/Users/User/Downloads/wihsata final/wihsata-combined/wihsata-api/vendor/laravel/framework/src/Illuminate/Pipeline/Pipeline.php(209): Illuminate/Routing/Middleware/SubstituteBindings->handle(Object(Illuminate/Http/Request), Object(Closure))
#30 C:/Users/User/Downloads/wihsata final/wihsata-combined/wihsata-api/vendor/laravel/framework/src/Illuminate/Http/Middleware/HandleCors.php(62): Illuminate/Pipeline/Pipeline->Illuminate/Pipeline/{closure}(Object(Illuminate/Http/Request))
#31 C:/Users/User/Downloads/wihsata final/wihsata-combined/wihsata-api/vendor/laravel/framework/src/Illuminate/Pipeline/Pipeline.php(209): Illuminate/Http/Middleware/HandleCors->handle(Object(Illuminate/Http/Request), Object(Closure))
#32 C:/Users/User/Downloads/wihsata final/wihsata-combined/wihsata-api/vendor/laravel/framework/src/Illuminate/Pipeline/Pipeline.php(127): Illuminate/Pipeline/Pipeline->Illuminate/Pipeline/{closure}(Object(Illuminate/Http/Request))
#33 C:/Users/User/Downloads/wihsata final/wihsata-combined/wihsata-api/vendor/laravel/framework/src/Illuminate/Routing/Router.php(807): Illuminate/Pipeline/Pipeline->then(Object(Closure))
#34 C:/Users/User/Downloads/wihsata final/wihsata-combined/wihsata-api/vendor/laravel/framework/src/Illuminate/Routing/Router.php(786): Illuminate/Routing/Router->runRouteWithinStack(Object(Illuminate/Routing/Route), Object(Illuminate/Http/Request))
#35 C:/Users/User/Downloads/wihsata final/wihsata-combined/wihsata-api/vendor/laravel/framework/src/Illuminate/Routing/Router.php(750): Illuminate/Routing/Router->runRoute(Object(Illuminate/Http/Request), Object(Illuminate/Routing/Route))
#36 C:/Users/User/Downloads/wihsata final/wihsata-combined/wihsata-api/vendor/laravel/framework/src/Illuminate/Routing/Router.php(739): Illuminate/Routing/Router->dispatchToRoute(Object(Illuminate/Http/Request))
#37 C:/Users/User/Downloads/wihsata final/wihsata-combined/wihsata-api/vendor/laravel/framework/src/Illuminate/Foundation/Http/Kernel.php(201): Illuminate/Routing/Router->dispatch(Object(Illuminate/Http/Request))
#38 C:/Users/User/Downloads/wihsata final/wihsata-combined/wihsata-api/vendor/laravel/framework/src/Illuminate/Pipeline/Pipeline.php(170): Illuminate/Foundation/Http/Kernel->Illuminate/Foundation/Http/{closure}(Object(Illuminate/Http/Request))
#39 C:/Users/User/Downloads/wihsata final/wihsata-combined/wihsata-api/vendor/laravel/framework/src/Illuminate/Foundation/Http/Middleware/TransformsRequest.php(21): Illuminate/Pipeline/Pipeline->Illuminate/Pipeline/{closure}(Object(Illuminate/Http/Request))
#40 C:/Users/User/Downloads/wihsata final/wihsata-combined/wihsata-api/vendor/laravel/framework/src/Illuminate/Foundation/Http/Middleware/ConvertEmptyStringsToNull.php(31): Illuminate/Foundation/Http/Middleware/TransformsRequest->handle(Object(Illuminate/Http/Request), Object(Closure))
#41 C:/Users/User/Downloads/wihsata final/wihsata-combined/wihsata-api/vendor/laravel/framework/src/Illuminate/Pipeline/Pipeline.php(209): Illuminate/Foundation/Http/Middleware/ConvertEmptyStringsToNull->handle(Object(Illuminate/Http/Request), Object(Closure))
#42 C:/Users/User/Downloads/wihsata final/wihsata-combined/wihsata-api/vendor/laravel/framework/src/Illuminate/Foundation/Http/Middleware/TransformsRequest.php(21): Illuminate/Pipeline/Pipeline->Illuminate/Pipeline/{closure}(Object(Illuminate/Http/Request))
#43 C:/Users/User/Downloads/wihsata final/wihsata-combined/wihsata-api/vendor/laravel/framework/src/Illuminate/Foundation/Http/Middleware/TrimStrings.php(51): Illuminate/Foundation/Http/Middleware/TransformsRequest->handle(Object(Illuminate/Http/Request), Object(Closure))
#44 C:/Users/User/Downloads/wihsata final/wihsata-combined/wihsata-api/vendor/laravel/framework/src/Illuminate/Pipeline/Pipeline.php(209): Illuminate/Foundation/Http/Middleware/TrimStrings->handle(Object(Illuminate/Http/Request), Object(Closure))
#45 C:/Users/User/Downloads/wihsata final/wihsata-combined/wihsata-api/vendor/laravel/framework/src/Illuminate/Http/Middleware/ValidatePostSize.php(27): Illuminate/Pipeline/Pipeline->Illuminate/Pipeline/{closure}(Object(Illuminate/Http/Request))
#46 C:/Users/User/Downloads/wihsata final/wihsata-combined/wihsata-api/vendor/laravel/framework/src/Illuminate/Pipeline/Pipeline.php(209): Illuminate/Http/Middleware/ValidatePostSize->handle(Object(Illuminate/Http/Request), Object(Closure))
#47 C:/Users/User/Downloads/wihsata final/wihsata-combined/wihsata-api/vendor/laravel/framework/src/Illuminate/Foundation/Http/Middleware/PreventRequestsDuringMaintenance.php(110): Illuminate/Pipeline/Pipeline->Illuminate/Pipeline/{closure}(Object(Illuminate/Http/Request))
#48 C:/Users/User/Downloads/wihsata final/wihsata-combined/wihsata-api/vendor/laravel/framework/src/Illuminate/Pipeline/Pipeline.php(209): Illuminate/Foundation/Http/Middleware/PreventRequestsDuringMaintenance->handle(Object(Illuminate/Http/Request), Object(Closure))
#49 C:/Users/User/Downloads/wihsata final/wihsata-combined/wihsata-api/vendor/laravel/framework/src/Illuminate/Http/Middleware/HandleCors.php(62): Illuminate/Pipeline/Pipeline->Illuminate/Pipeline/{closure}(Object(Illuminate/Http/Request))
#50 C:/Users/User/Downloads/wihsata final/wihsata-combined/wihsata-api/vendor/laravel/framework/src/Illuminate/Pipeline/Pipeline.php(209): Illuminate/Http/Middleware/HandleCors->handle(Object(Illuminate/Http/Request), Object(Closure))
#51 C:/Users/User/Downloads/wihsata final/wihsata-combined/wihsata-api/vendor/laravel/framework/src/Illuminate/Http/Middleware/TrustProxies.php(58): Illuminate/Pipeline/Pipeline->Illuminate/Pipeline/{closure}(Object(Illuminate/Http/Request))
#52 C:/Users/User/Downloads/wihsata final/wihsata-combined/wihsata-api/vendor/laravel/framework/src/Illuminate/Pipeline/Pipeline.php(209): Illuminate/Http/Middleware/TrustProxies->handle(Object(Illuminate/Http/Request), Object(Closure))
#53 C:/Users/User/Downloads/wihsata final/wihsata-combined/wihsata-api/vendor/laravel/framework/src/Illuminate/Foundation/Http/Middleware/InvokeDeferredCallbacks.php(22): Illuminate/Pipeline/Pipeline->Illuminate/Pipeline/{closure}(Object(Illuminate/Http/Request))
#54 C:/Users/User/Downloads/wihsata final/wihsata-combined/wihsata-api/vendor/laravel/framework/src/Illuminate/Pipeline/Pipeline.php(209): Illuminate/Foundation/Http/Middleware/InvokeDeferredCallbacks->handle(Object(Illuminate/Http/Request), Object(Closure))
#55 C:/Users/User/Downloads/wihsata final/wihsata-combined/wihsata-api/vendor/laravel/framework/src/Illuminate/Pipeline/Pipeline.php(127): Illuminate/Pipeline/Pipeline->Illuminate/Pipeline/{closure}(Object(Illuminate/Http/Request))
#56 C:/Users/User/Downloads/wihsata final/wihsata-combined/wihsata-api/vendor/laravel/framework/src/Illuminate/Foundation/Http/Kernel.php(176): Illuminate/Pipeline/Pipeline->then(Object(Closure))
#57 C:/Users/User/Downloads/wihsata final/wihsata-combined/wihsata-api/vendor/laravel/framework/src/Illuminate/Foundation/Http/Kernel.php(145): Illuminate/Foundation/Http/Kernel->sendRequestThroughRouter(Object(Illuminate/Http/Request))
#58 C:/Users/User/Downloads/wihsata final/wihsata-combined/wihsata-api/vendor/laravel/framework/src/Illuminate/Foundation/Application.php(1220): Illuminate/Foundation/Http/Kernel->handle(Object(Illuminate/Http/Request))
#59 C:/Users/User/Downloads/wihsata final/wihsata-combined/wihsata-api/public/index.php(17): Illuminate/Foundation/Application->handleRequest(Object(Illuminate/Http/Request))
#60 C:/Users/User/Downloads/wihsata final/wihsata-combined/wihsata-api/vendor/laravel/framework/src/Illuminate/Foundation/resources/server.php(23): require_once('C://Users//User//D...')
#61 {main}
"} 
[2026-08-18 05:34:52] local.ERROR: SQLSTATE[08006] [7] could not translate host name "ep-young-glade-azm0ni7w.c-3.ap-southeast-1.aws.neon.tech" to address: Unknown host (Connection: pgsql, SQL: select * from "users" where "email" = kiritokazutobolt@gmail.com limit 1) {"exception":"[object] (Illuminate\\Database\\QueryException(code: 7): SQLSTATE[08006] [7] could not translate host name \"ep-young-glade-azm0ni7w.c-3.ap-southeast-1.aws.neon.tech\" to address: Unknown host (Connection: pgsql, SQL: select * from \"users\" where \"email\" = kiritokazutobolt@gmail.com limit 1) at C:/Users/User/Downloads/wihsata final/wihsata-combined/wihsata-api/vendor/laravel/framework/src/Illuminate/Database/Connection.php:825)
[stacktrace]
#0 C:/Users/User/Downloads/wihsata final/wihsata-combined/wihsata-api/vendor/laravel/framework/src/Illuminate/Database/Connection.php(979): Illuminate/Database/Connection->runQueryCallback('select * from \"...', Array, Object(Closure))
#1 C:/Users/User/Downloads/wihsata final/wihsata-combined/wihsata-api/vendor/laravel/framework/src/Illuminate/Database/Connection.php(958): Illuminate/Database/Connection->tryAgainIfCausedByLostConnection(Object(Illuminate/Database/QueryException), 'select * from \"...', Array, Object(Closure))
#2 C:/Users/User/Downloads/wihsata final/wihsata-combined/wihsata-api/vendor/laravel/framework/src/Illuminate/Database/Connection.php(781): Illuminate/Database/Connection->handleQueryException(Object(Illuminate/Database/QueryException), 'select * from \"...', Array, Object(Closure))
#3 C:/Users/User/Downloads/wihsata final/wihsata-combined/wihsata-api/vendor/laravel/framework/src/Illuminate/Database/Connection.php(398): Illuminate/Database/Connection->run('select * from \"...', Array, Object(Closure))
#4 C:/Users/User/Downloads/wihsata final/wihsata-combined/wihsata-api/vendor/laravel/framework/src/Illuminate/Database/Query/Builder.php(3106): Illuminate/Database/Connection->select('select * from \"...', Array, true)
#5 C:/Users/User/Downloads/wihsata final/wihsata-combined/wihsata-api/vendor/laravel/framework/src/Illuminate/Database/Query/Builder.php(3091): Illuminate/Database/Query/Builder->runSelect()
#6 C:/Users/User/Downloads/wihsata final/wihsata-combined/wihsata-api/vendor/laravel/framework/src/Illuminate/Database/Query/Builder.php(3676): Illuminate/Database/Query/Builder->Illuminate/Database/Query/{closure}()
#7 C:/Users/User/Downloads/wihsata final/wihsata-combined/wihsata-api/vendor/laravel/framework/src/Illuminate/Database/Query/Builder.php(3090): Illuminate/Database/Query/Builder->onceWithColumns(Array, Object(Closure))
#8 C:/Users/User/Downloads/wihsata final/wihsata-combined/wihsata-api/vendor/laravel/framework/src/Illuminate/Database/Eloquent/Builder.php(811): Illuminate/Database/Query/Builder->get(Array)
#9 C:/Users/User/Downloads/wihsata final/wihsata-combined/wihsata-api/vendor/laravel/framework/src/Illuminate/Database/Eloquent/Builder.php(793): Illuminate/Database/Eloquent/Builder->getModels(Array)
#10 C:/Users/User/Downloads/wihsata final/wihsata-combined/wihsata-api/vendor/laravel/framework/src/Illuminate/Database/Concerns/BuildsQueries.php(343): Illuminate/Database/Eloquent/Builder->get(Array)
#11 C:/Users/User/Downloads/wihsata final/wihsata-combined/wihsata-api/app/Http/Controllers/Auth/LoginController.php(31): Illuminate/Database/Eloquent/Builder->first()
#12 C:/Users/User/Downloads/wihsata final/wihsata-combined/wihsata-api/vendor/laravel/framework/src/Illuminate/Routing/ControllerDispatcher.php(47): App/Http/Controllers/Auth/LoginController->__invoke(Object(App/Http/Requests/Auth/LoginRequest))
#13 C:/Users/User/Downloads/wihsata final/wihsata-combined/wihsata-api/vendor/laravel/framework/src/Illuminate/Routing/Route.php(266): Illuminate/Routing/ControllerDispatcher->dispatch(Object(Illuminate/Routing/Route), Object(App/Http/Controllers/Auth/LoginController), '__invoke')
#14 C:/Users/User/Downloads/wihsata final/wihsata-combined/wihsata-api/vendor/laravel/framework/src/Illuminate/Routing/Route.php(212): Illuminate/Routing/Route->runController()
#15 C:/Users/User/Downloads/wihsata final/wihsata-combined/wihsata-api/vendor/laravel/framework/src/Illuminate/Routing/Router.php(808): Illuminate/Routing/Route->run()
#16 C:/Users/User/Downloads/wihsata final/wihsata-combined/wihsata-api/vendor/laravel/framework/src/Illuminate/Pipeline/Pipeline.php(170): Illuminate/Routing/Router->Illuminate/Routing/{closure}(Object(Illuminate/Http/Request))
#17 C:/Users/User/Downloads/wihsata final/wihsata-combined/wihsata-api/vendor/laravel/framework/src/Illuminate/Routing/Middleware/SubstituteBindings.php(51): Illuminate/Pipeline/Pipeline->Illuminate/Pipeline/{closure}(Object(Illuminate/Http/Request))
#18 C:/Users/User/Downloads/wihsata final/wihsata-combined/wihsata-api/vendor/laravel/framework/src/Illuminate/Pipeline/Pipeline.php(209): Illuminate/Routing/Middleware/SubstituteBindings->handle(Object(Illuminate/Http/Request), Object(Closure))
#19 C:/Users/User/Downloads/wihsata final/wihsata-combined/wihsata-api/vendor/laravel/framework/src/Illuminate/Http/Middleware/HandleCors.php(62): Illuminate/Pipeline/Pipeline->Illuminate/Pipeline/{closure}(Object(Illuminate/Http/Request))
#20 C:/Users/User/Downloads/wihsata final/wihsata-combined/wihsata-api/vendor/laravel/framework/src/Illuminate/Pipeline/Pipeline.php(209): Illuminate/Http/Middleware/HandleCors->handle(Object(Illuminate/Http/Request), Object(Closure))
#21 C:/Users/User/Downloads/wihsata final/wihsata-combined/wihsata-api/vendor/laravel/framework/src/Illuminate/Pipeline/Pipeline.php(127): Illuminate/Pipeline/Pipeline->Illuminate/Pipeline/{closure}(Object(Illuminate/Http/Request))
#22 C:/Users/User/Downloads/wihsata final/wihsata-combined/wihsata-api/vendor/laravel/framework/src/Illuminate/Routing/Router.php(807): Illuminate/Pipeline/Pipeline->then(Object(Closure))
#23 C:/Users/User/Downloads/wihsata final/wihsata-combined/wihsata-api/vendor/laravel/framework/src/Illuminate/Routing/Router.php(786): Illuminate/Routing/Router->runRouteWithinStack(Object(Illuminate/Routing/Route), Object(Illuminate/Http/Request))
#24 C:/Users/User/Downloads/wihsata final/wihsata-combined/wihsata-api/vendor/laravel/framework/src/Illuminate/Routing/Router.php(750): Illuminate/Routing/Router->runRoute(Object(Illuminate/Http/Request), Object(Illuminate/Routing/Route))
#25 C:/Users/User/Downloads/wihsata final/wihsata-combined/wihsata-api/vendor/laravel/framework/src/Illuminate/Routing/Router.php(739): Illuminate/Routing/Router->dispatchToRoute(Object(Illuminate/Http/Request))
#26 C:/Users/User/Downloads/wihsata final/wihsata-combined/wihsata-api/vendor/laravel/framework/src/Illuminate/Foundation/Http/Kernel.php(201): Illuminate/Routing/Router->dispatch(Object(Illuminate/Http/Request))
#27 C:/Users/User/Downloads/wihsata final/wihsata-combined/wihsata-api/vendor/laravel/framework/src/Illuminate/Pipeline/Pipeline.php(170): Illuminate/Foundation/Http/Kernel->Illuminate/Foundation/Http/{closure}(Object(Illuminate/Http/Request))
#28 C:/Users/User/Downloads/wihsata final/wihsata-combined/wihsata-api/vendor/laravel/framework/src/Illuminate/Foundation/Http/Middleware/TransformsRequest.php(21): Illuminate/Pipeline/Pipeline->Illuminate/Pipeline/{closure}(Object(Illuminate/Http/Request))
#29 C:/Users/User/Downloads/wihsata final/wihsata-combined/wihsata-api/vendor/laravel/framework/src/Illuminate/Foundation/Http/Middleware/ConvertEmptyStringsToNull.php(31): Illuminate/Foundation/Http/Middleware/TransformsRequest->handle(Object(Illuminate/Http/Request), Object(Closure))
#30 C:/Users/User/Downloads/wihsata final/wihsata-combined/wihsata-api/vendor/laravel/framework/src/Illuminate/Pipeline/Pipeline.php(209): Illuminate/Foundation/Http/Middleware/ConvertEmptyStringsToNull->handle(Object(Illuminate/Http/Request), Object(Closure))
#31 C:/Users/User/Downloads/wihsata final/wihsata-combined/wihsata-api/vendor/laravel/framework/src/Illuminate/Foundation/Http/Middleware/TransformsRequest.php(21): Illuminate/Pipeline/Pipeline->Illuminate/Pipeline/{closure}(Object(Illuminate/Http/Request))
#32 C:/Users/User/Downloads/wihsata final/wihsata-combined/wihsata-api/vendor/laravel/framework/src/Illuminate/Foundation/Http/Middleware/TrimStrings.php(51): Illuminate/Foundation/Http/Middleware/TransformsRequest->handle(Object(Illuminate/Http/Request), Object(Closure))
#33 C:/Users/User/Downloads/wihsata final/wihsata-combined/wihsata-api/vendor/laravel/framework/src/Illuminate/Pipeline/Pipeline.php(209): Illuminate/Foundation/Http/Middleware/TrimStrings->handle(Object(Illuminate/Http/Request), Object(Closure))
#34 C:/Users/User/Downloads/wihsata final/wihsata-combined/wihsata-api/vendor/laravel/framework/src/Illuminate/Http/Middleware/ValidatePostSize.php(27): Illuminate/Pipeline/Pipeline->Illuminate/Pipeline/{closure}(Object(Illuminate/Http/Request))
#35 C:/Users/User/Downloads/wihsata final/wihsata-combined/wihsata-api/vendor/laravel/framework/src/Illuminate/Pipeline/Pipeline.php(209): Illuminate/Http/Middleware/ValidatePostSize->handle(Object(Illuminate/Http/Request), Object(Closure))
#36 C:/Users/User/Downloads/wihsata final/wihsata-combined/wihsata-api/vendor/laravel/framework/src/Illuminate/Foundation/Http/Middleware/PreventRequestsDuringMaintenance.php(110): Illuminate/Pipeline/Pipeline->Illuminate/Pipeline/{closure}(Object(Illuminate/Http/Request))
#37 C:/Users/User/Downloads/wihsata final/wihsata-combined/wihsata-api/vendor/laravel/framework/src/Illuminate/Pipeline/Pipeline.php(209): Illuminate/Foundation/Http/Middleware/PreventRequestsDuringMaintenance->handle(Object(Illuminate/Http/Request), Object(Closure))
#38 C:/Users/User/Downloads/wihsata final/wihsata-combined/wihsata-api/vendor/laravel/framework/src/Illuminate/Http/Middleware/HandleCors.php(62): Illuminate/Pipeline/Pipeline->Illuminate/Pipeline/{closure}(Object(Illuminate/Http/Request))
#39 C:/Users/User/Downloads/wihsata final/wihsata-combined/wihsata-api/vendor/laravel/framework/src/Illuminate/Pipeline/Pipeline.php(209): Illuminate/Http/Middleware/HandleCors->handle(Object(Illuminate/Http/Request), Object(Closure))
#40 C:/Users/User/Downloads/wihsata final/wihsata-combined/wihsata-api/vendor/laravel/framework/src/Illuminate/Http/Middleware/TrustProxies.php(58): Illuminate/Pipeline/Pipeline->Illuminate/Pipeline/{closure}(Object(Illuminate/Http/Request))
#41 C:/Users/User/Downloads/wihsata final/wihsata-combined/wihsata-api/vendor/laravel/framework/src/Illuminate/Pipeline/Pipeline.php(209): Illuminate/Http/Middleware/TrustProxies->handle(Object(Illuminate/Http/Request), Object(Closure))
#42 C:/Users/User/Downloads/wihsata final/wihsata-combined/wihsata-api/vendor/laravel/framework/src/Illuminate/Foundation/Http/Middleware/InvokeDeferredCallbacks.php(22): Illuminate/Pipeline/Pipeline->Illuminate/Pipeline/{closure}(Object(Illuminate/Http/Request))
#43 C:/Users/User/Downloads/wihsata final/wihsata-combined/wihsata-api/vendor/laravel/framework/src/Illuminate/Pipeline/Pipeline.php(209): Illuminate/Foundation/Http/Middleware/InvokeDeferredCallbacks->handle(Object(Illuminate/Http/Request), Object(Closure))
#44 C:/Users/User/Downloads/wihsata final/wihsata-combined/wihsata-api/vendor/laravel/framework/src/Illuminate/Pipeline/Pipeline.php(127): Illuminate/Pipeline/Pipeline->Illuminate/Pipeline/{closure}(Object(Illuminate/Http/Request))
#45 C:/Users/User/Downloads/wihsata final/wihsata-combined/wihsata-api/vendor/laravel/framework/src/Illuminate/Foundation/Http/Kernel.php(176): Illuminate/Pipeline/Pipeline->then(Object(Closure))
#46 C:/Users/User/Downloads/wihsata final/wihsata-combined/wihsata-api/vendor/laravel/framework/src/Illuminate/Foundation/Http/Kernel.php(145): Illuminate/Foundation/Http/Kernel->sendRequestThroughRouter(Object(Illuminate/Http/Request))
#47 C:/Users/User/Downloads/wihsata final/wihsata-combined/wihsata-api/vendor/laravel/framework/src/Illuminate/Foundation/Application.php(1220): Illuminate/Foundation/Http/Kernel->handle(Object(Illuminate/Http/Request))
#48 C:/Users/User/Downloads/wihsata final/wihsata-combined/wihsata-api/public/index.php(17): Illuminate/Foundation/Application->handleRequest(Object(Illuminate/Http/Request))
#49 C:/Users/User/Downloads/wihsata final/wihsata-combined/wihsata-api/vendor/laravel/framework/src/Illuminate/Foundation/resources/server.php(23): require_once('C://Users//User//D...')
#50 {main}

[previous exception] [object] (PDOException(code: 7): SQLSTATE[08006] [7] could not translate host name \"ep-young-glade-azm0ni7w.c-3.ap-southeast-1.aws.neon.tech\" to address: Unknown host at C:/Users/User/Downloads/wihsata final/wihsata-combined/wihsata-api/vendor/laravel/framework/src/Illuminate/Database/Connectors/Connector.php:66)
[stacktrace]
#0 C:/Users/User/Downloads/wihsata final/wihsata-combined/wihsata-api/vendor/laravel/framework/src/Illuminate/Database/Connectors/Connector.php(66): PDO->__construct('pgsql:host=ep-y...', 'neondb_owner', Object(SensitiveParameterValue), Array)
#1 C:/Users/User/Downloads/wihsata final/wihsata-combined/wihsata-api/vendor/laravel/framework/src/Illuminate/Database/Connectors/Connector.php(85): Illuminate/Database/Connectors/Connector->createPdoConnection('pgsql:host=ep-y...', 'neondb_owner', Object(SensitiveParameterValue), Array)
#2 C:/Users/User/Downloads/wihsata final/wihsata-combined/wihsata-api/vendor/laravel/framework/src/Illuminate/Database/Connectors/Connector.php(48): Illuminate/Database/Connectors/Connector->tryAgainIfCausedByLostConnection(Object(PDOException), 'pgsql:host=ep-y...', 'neondb_owner', Object(SensitiveParameterValue), Array)
#3 C:/Users/User/Downloads/wihsata final/wihsata-combined/wihsata-api/vendor/laravel/framework/src/Illuminate/Database/Connectors/PostgresConnector.php(35): Illuminate/Database/Connectors/Connector->createConnection('pgsql:host=ep-y...', Array, Array)
#4 C:/Users/User/Downloads/wihsata final/wihsata-combined/wihsata-api/vendor/laravel/framework/src/Illuminate/Database/Connectors/ConnectionFactory.php(185): Illuminate/Database/Connectors/PostgresConnector->connect(Array)
#5 [internal function]: Illuminate/Database/Connectors/ConnectionFactory->Illuminate/Database/Connectors/{closure}()
#6 C:/Users/User/Downloads/wihsata final/wihsata-combined/wihsata-api/vendor/laravel/framework/src/Illuminate/Database/Connection.php(1231): call_user_func(Object(Closure))
#7 C:/Users/User/Downloads/wihsata final/wihsata-combined/wihsata-api/vendor/laravel/framework/src/Illuminate/Database/Connection.php(1267): Illuminate/Database/Connection->getPdo()
#8 C:/Users/User/Downloads/wihsata final/wihsata-combined/wihsata-api/vendor/laravel/framework/src/Illuminate/Database/Connection.php(512): Illuminate/Database/Connection->getReadPdo()
#9 C:/Users/User/Downloads/wihsata final/wihsata-combined/wihsata-api/vendor/laravel/framework/src/Illuminate/Database/Connection.php(407): Illuminate/Database/Connection->getPdoForSelect(true)
#10 C:/Users/User/Downloads/wihsata final/wihsata-combined/wihsata-api/vendor/laravel/framework/src/Illuminate/Database/Connection.php(812): Illuminate/Database/Connection->Illuminate/Database/{closure}('select * from \"...', Array)
#11 C:/Users/User/Downloads/wihsata final/wihsata-combined/wihsata-api/vendor/laravel/framework/src/Illuminate/Database/Connection.php(979): Illuminate/Database/Connection->runQueryCallback('select * from \"...', Array, Object(Closure))
#12 C:/Users/User/Downloads/wihsata final/wihsata-combined/wihsata-api/vendor/laravel/framework/src/Illuminate/Database/Connection.php(958): Illuminate/Database/Connection->tryAgainIfCausedByLostConnection(Object(Illuminate/Database/QueryException), 'select * from \"...', Array, Object(Closure))
#13 C:/Users/User/Downloads/wihsata final/wihsata-combined/wihsata-api/vendor/laravel/framework/src/Illuminate/Database/Connection.php(781): Illuminate/Database/Connection->handleQueryException(Object(Illuminate/Database/QueryException), 'select * from \"...', Array, Object(Closure))
#14 C:/Users/User/Downloads/wihsata final/wihsata-combined/wihsata-api/vendor/laravel/framework/src/Illuminate/Database/Connection.php(398): Illuminate/Database/Connection->run('select * from \"...', Array, Object(Closure))
#15 C:/Users/User/Downloads/wihsata final/wihsata-combined/wihsata-api/vendor/laravel/framework/src/Illuminate/Database/Query/Builder.php(3106): Illuminate/Database/Connection->select('select * from \"...', Array, true)
#16 C:/Users/User/Downloads/wihsata final/wihsata-combined/wihsata-api/vendor/laravel/framework/src/Illuminate/Database/Query/Builder.php(3091): Illuminate/Database/Query/Builder->runSelect()
#17 C:/Users/User/Downloads/wihsata final/wihsata-combined/wihsata-api/vendor/laravel/framework/src/Illuminate/Database/Query/Builder.php(3676): Illuminate/Database/Query/Builder->Illuminate/Database/Query/{closure}()
#18 C:/Users/User/Downloads/wihsata final/wihsata-combined/wihsata-api/vendor/laravel/framework/src/Illuminate/Database/Query/Builder.php(3090): Illuminate/Database/Query/Builder->onceWithColumns(Array, Object(Closure))
#19 C:/Users/User/Downloads/wihsata final/wihsata-combined/wihsata-api/vendor/laravel/framework/src/Illuminate/Database/Eloquent/Builder.php(811): Illuminate/Database/Query/Builder->get(Array)
#20 C:/Users/User/Downloads/wihsata final/wihsata-combined/wihsata-api/vendor/laravel/framework/src/Illuminate/Database/Eloquent/Builder.php(793): Illuminate/Database/Eloquent/Builder->getModels(Array)
#21 C:/Users/User/Downloads/wihsata final/wihsata-combined/wihsata-api/vendor/laravel/framework/src/Illuminate/Database/Concerns/BuildsQueries.php(343): Illuminate/Database/Eloquent/Builder->get(Array)
#22 C:/Users/User/Downloads/wihsata final/wihsata-combined/wihsata-api/app/Http/Controllers/Auth/LoginController.php(31): Illuminate/Database/Eloquent/Builder->first()
#23 C:/Users/User/Downloads/wihsata final/wihsata-combined/wihsata-api/vendor/laravel/framework/src/Illuminate/Routing/ControllerDispatcher.php(47): App/Http/Controllers/Auth/LoginController->__invoke(Object(App/Http/Requests/Auth/LoginRequest))
#24 C:/Users/User/Downloads/wihsata final/wihsata-combined/wihsata-api/vendor/laravel/framework/src/Illuminate/Routing/Route.php(266): Illuminate/Routing/ControllerDispatcher->dispatch(Object(Illuminate/Routing/Route), Object(App/Http/Controllers/Auth/LoginController), '__invoke')
#25 C:/Users/User/Downloads/wihsata final/wihsata-combined/wihsata-api/vendor/laravel/framework/src/Illuminate/Routing/Route.php(212): Illuminate/Routing/Route->runController()
#26 C:/Users/User/Downloads/wihsata final/wihsata-combined/wihsata-api/vendor/laravel/framework/src/Illuminate/Routing/Router.php(808): Illuminate/Routing/Route->run()
#27 C:/Users/User/Downloads/wihsata final/wihsata-combined/wihsata-api/vendor/laravel/framework/src/Illuminate/Pipeline/Pipeline.php(170): Illuminate/Routing/Router->Illuminate/Routing/{closure}(Object(Illuminate/Http/Request))
#28 C:/Users/User/Downloads/wihsata final/wihsata-combined/wihsata-api/vendor/laravel/framework/src/Illuminate/Routing/Middleware/SubstituteBindings.php(51): Illuminate/Pipeline/Pipeline->Illuminate/Pipeline/{closure}(Object(Illuminate/Http/Request))
#29 C:/Users/User/Downloads/wihsata final/wihsata-combined/wihsata-api/vendor/laravel/framework/src/Illuminate/Pipeline/Pipeline.php(209): Illuminate/Routing/Middleware/SubstituteBindings->handle(Object(Illuminate/Http/Request), Object(Closure))
#30 C:/Users/User/Downloads/wihsata final/wihsata-combined/wihsata-api/vendor/laravel/framework/src/Illuminate/Http/Middleware/HandleCors.php(62): Illuminate/Pipeline/Pipeline->Illuminate/Pipeline/{closure}(Object(Illuminate/Http/Request))
#31 C:/Users/User/Downloads/wihsata final/wihsata-combined/wihsata-api/vendor/laravel/framework/src/Illuminate/Pipeline/Pipeline.php(209): Illuminate/Http/Middleware/HandleCors->handle(Object(Illuminate/Http/Request), Object(Closure))
#32 C:/Users/User/Downloads/wihsata final/wihsata-combined/wihsata-api/vendor/laravel/framework/src/Illuminate/Pipeline/Pipeline.php(127): Illuminate/Pipeline/Pipeline->Illuminate/Pipeline/{closure}(Object(Illuminate/Http/Request))
#33 C:/Users/User/Downloads/wihsata final/wihsata-combined/wihsata-api/vendor/laravel/framework/src/Illuminate/Routing/Router.php(807): Illuminate/Pipeline/Pipeline->then(Object(Closure))
#34 C:/Users/User/Downloads/wihsata final/wihsata-combined/wihsata-api/vendor/laravel/framework/src/Illuminate/Routing/Router.php(786): Illuminate/Routing/Router->runRouteWithinStack(Object(Illuminate/Routing/Route), Object(Illuminate/Http/Request))
#35 C:/Users/User/Downloads/wihsata final/wihsata-combined/wihsata-api/vendor/laravel/framework/src/Illuminate/Routing/Router.php(750): Illuminate/Routing/Router->runRoute(Object(Illuminate/Http/Request), Object(Illuminate/Routing/Route))
#36 C:/Users/User/Downloads/wihsata final/wihsata-combined/wihsata-api/vendor/laravel/framework/src/Illuminate/Routing/Router.php(739): Illuminate/Routing/Router->dispatchToRoute(Object(Illuminate/Http/Request))
#37 C:/Users/User/Downloads/wihsata final/wihsata-combined/wihsata-api/vendor/laravel/framework/src/Illuminate/Foundation/Http/Kernel.php(201): Illuminate/Routing/Router->dispatch(Object(Illuminate/Http/Request))
#38 C:/Users/User/Downloads/wihsata final/wihsata-combined/wihsata-api/vendor/laravel/framework/src/Illuminate/Pipeline/Pipeline.php(170): Illuminate/Foundation/Http/Kernel->Illuminate/Foundation/Http/{closure}(Object(Illuminate/Http/Request))
#39 C:/Users/User/Downloads/wihsata final/wihsata-combined/wihsata-api/vendor/laravel/framework/src/Illuminate/Foundation/Http/Middleware/TransformsRequest.php(21): Illuminate/Pipeline/Pipeline->Illuminate/Pipeline/{closure}(Object(Illuminate/Http/Request))
#40 C:/Users/User/Downloads/wihsata final/wihsata-combined/wihsata-api/vendor/laravel/framework/src/Illuminate/Foundation/Http/Middleware/ConvertEmptyStringsToNull.php(31): Illuminate/Foundation/Http/Middleware/TransformsRequest->handle(Object(Illuminate/Http/Request), Object(Closure))
#41 C:/Users/User/Downloads/wihsata final/wihsata-combined/wihsata-api/vendor/laravel/framework/src/Illuminate/Pipeline/Pipeline.php(209): Illuminate/Foundation/Http/Middleware/ConvertEmptyStringsToNull->handle(Object(Illuminate/Http/Request), Object(Closure))
#42 C:/Users/User/Downloads/wihsata final/wihsata-combined/wihsata-api/vendor/laravel/framework/src/Illuminate/Foundation/Http/Middleware/TransformsRequest.php(21): Illuminate/Pipeline/Pipeline->Illuminate/Pipeline/{closure}(Object(Illuminate/Http/Request))
#43 C:/Users/User/Downloads/wihsata final/wihsata-combined/wihsata-api/vendor/laravel/framework/src/Illuminate/Foundation/Http/Middleware/TrimStrings.php(51): Illuminate/Foundation/Http/Middleware/TransformsRequest->handle(Object(Illuminate/Http/Request), Object(Closure))
#44 C:/Users/User/Downloads/wihsata final/wihsata-combined/wihsata-api/vendor/laravel/framework/src/Illuminate/Pipeline/Pipeline.php(209): Illuminate/Foundation/Http/Middleware/TrimStrings->handle(Object(Illuminate/Http/Request), Object(Closure))
#45 C:/Users/User/Downloads/wihsata final/wihsata-combined/wihsata-api/vendor/laravel/framework/src/Illuminate/Http/Middleware/ValidatePostSize.php(27): Illuminate/Pipeline/Pipeline->Illuminate/Pipeline/{closure}(Object(Illuminate/Http/Request))
#46 C:/Users/User/Downloads/wihsata final/wihsata-combined/wihsata-api/vendor/laravel/framework/src/Illuminate/Pipeline/Pipeline.php(209): Illuminate/Http/Middleware/ValidatePostSize->handle(Object(Illuminate/Http/Request), Object(Closure))
#47 C:/Users/User/Downloads/wihsata final/wihsata-combined/wihsata-api/vendor/laravel/framework/src/Illuminate/Foundation/Http/Middleware/PreventRequestsDuringMaintenance.php(110): Illuminate/Pipeline/Pipeline->Illuminate/Pipeline/{closure}(Object(Illuminate/Http/Request))
#48 C:/Users/User/Downloads/wihsata final/wihsata-combined/wihsata-api/vendor/laravel/framework/src/Illuminate/Pipeline/Pipeline.php(209): Illuminate/Foundation/Http/Middleware/PreventRequestsDuringMaintenance->handle(Object(Illuminate/Http/Request), Object(Closure))
#49 C:/Users/User/Downloads/wihsata final/wihsata-combined/wihsata-api/vendor/laravel/framework/src/Illuminate/Http/Middleware/HandleCors.php(62): Illuminate/Pipeline/Pipeline->Illuminate/Pipeline/{closure}(Object(Illuminate/Http/Request))
#50 C:/Users/User/Downloads/wihsata final/wihsata-combined/wihsata-api/vendor/laravel/framework/src/Illuminate/Pipeline/Pipeline.php(209): Illuminate/Http/Middleware/HandleCors->handle(Object(Illuminate/Http/Request), Object(Closure))
#51 C:/Users/User/Downloads/wihsata final/wihsata-combined/wihsata-api/vendor/laravel/framework/src/Illuminate/Http/Middleware/TrustProxies.php(58): Illuminate/Pipeline/Pipeline->Illuminate/Pipeline/{closure}(Object(Illuminate/Http/Request))
#52 C:/Users/User/Downloads/wihsata final/wihsata-combined/wihsata-api/vendor/laravel/framework/src/Illuminate/Pipeline/Pipeline.php(209): Illuminate/Http/Middleware/TrustProxies->handle(Object(Illuminate/Http/Request), Object(Closure))
#53 C:/Users/User/Downloads/wihsata final/wihsata-combined/wihsata-api/vendor/laravel/framework/src/Illuminate/Foundation/Http/Middleware/InvokeDeferredCallbacks.php(22): Illuminate/Pipeline/Pipeline->Illuminate/Pipeline/{closure}(Object(Illuminate/Http/Request))
#54 C:/Users/User/Downloads/wihsata final/wihsata-combined/wihsata-api/vendor/laravel/framework/src/Illuminate/Pipeline/Pipeline.php(209): Illuminate/Foundation/Http/Middleware/InvokeDeferredCallbacks->handle(Object(Illuminate/Http/Request), Object(Closure))
#55 C:/Users/User/Downloads/wihsata final/wihsata-combined/wihsata-api/vendor/laravel/framework/src/Illuminate/Pipeline/Pipeline.php(127): Illuminate/Pipeline/Pipeline->Illuminate/Pipeline/{closure}(Object(Illuminate/Http/Request))
#56 C:/Users/User/Downloads/wihsata final/wihsata-combined/wihsata-api/vendor/laravel/framework/src/Illuminate/Foundation/Http/Kernel.php(176): Illuminate/Pipeline/Pipeline->then(Object(Closure))
#57 C:/Users/User/Downloads/wihsata final/wihsata-combined/wihsata-api/vendor/laravel/framework/src/Illuminate/Foundation/Http/Kernel.php(145): Illuminate/Foundation/Http/Kernel->sendRequestThroughRouter(Object(Illuminate/Http/Request))
#58 C:/Users/User/Downloads/wihsata final/wihsata-combined/wihsata-api/vendor/laravel/framework/src/Illuminate/Foundation/Application.php(1220): Illuminate/Foundation/Http/Kernel->handle(Object(Illuminate/Http/Request))
#59 C:/Users/User/Downloads/wihsata final/wihsata-combined/wihsata-api/public/index.php(17): Illuminate/Foundation/Application->handleRequest(Object(Illuminate/Http/Request))
#60 C:/Users/User/Downloads/wihsata final/wihsata-combined/wihsata-api/vendor/laravel/framework/src/Illuminate/Foundation/resources/server.php(23): require_once('C://Users//User//D...')
#61 {main}
"} 
[2026-08-18 05:35:09] local.ERROR: SQLSTATE[08006] [7] could not translate host name "ep-young-glade-azm0ni7w.c-3.ap-southeast-1.aws.neon.tech" to address: Unknown host (Connection: pgsql, SQL: select * from "users" where "email" = kiritokazutobolt@gmail.com limit 1) {"exception":"[object] (Illuminate\\Database\\QueryException(code: 7): SQLSTATE[08006] [7] could not translate host name \"ep-young-glade-azm0ni7w.c-3.ap-southeast-1.aws.neon.tech\" to address: Unknown host (Connection: pgsql, SQL: select * from \"users\" where \"email\" = kiritokazutobolt@gmail.com limit 1) at C:/Users/User/Downloads/wihsata final/wihsata-combined/wihsata-api/vendor/laravel/framework/src/Illuminate/Database/Connection.php:825)
[stacktrace]
#0 C:/Users/User/Downloads/wihsata final/wihsata-combined/wihsata-api/vendor/laravel/framework/src/Illuminate/Database/Connection.php(979): Illuminate/Database/Connection->runQueryCallback('select * from \"...', Array, Object(Closure))
#1 C:/Users/User/Downloads/wihsata final/wihsata-combined/wihsata-api/vendor/laravel/framework/src/Illuminate/Database/Connection.php(958): Illuminate/Database/Connection->tryAgainIfCausedByLostConnection(Object(Illuminate/Database/QueryException), 'select * from \"...', Array, Object(Closure))
#2 C:/Users/User/Downloads/wihsata final/wihsata-combined/wihsata-api/vendor/laravel/framework/src/Illuminate/Database/Connection.php(781): Illuminate/Database/Connection->handleQueryException(Object(Illuminate/Database/QueryException), 'select * from \"...', Array, Object(Closure))
#3 C:/Users/User/Downloads/wihsata final/wihsata-combined/wihsata-api/vendor/laravel/framework/src/Illuminate/Database/Connection.php(398): Illuminate/Database/Connection->run('select * from \"...', Array, Object(Closure))
#4 C:/Users/User/Downloads/wihsata final/wihsata-combined/wihsata-api/vendor/laravel/framework/src/Illuminate/Database/Query/Builder.php(3106): Illuminate/Database/Connection->select('select * from \"...', Array, true)
#5 C:/Users/User/Downloads/wihsata final/wihsata-combined/wihsata-api/vendor/laravel/framework/src/Illuminate/Database/Query/Builder.php(3091): Illuminate/Database/Query/Builder->runSelect()
#6 C:/Users/User/Downloads/wihsata final/wihsata-combined/wihsata-api/vendor/laravel/framework/src/Illuminate/Database/Query/Builder.php(3676): Illuminate/Database/Query/Builder->Illuminate/Database/Query/{closure}()
#7 C:/Users/User/Downloads/wihsata final/wihsata-combined/wihsata-api/vendor/laravel/framework/src/Illuminate/Database/Query/Builder.php(3090): Illuminate/Database/Query/Builder->onceWithColumns(Array, Object(Closure))
#8 C:/Users/User/Downloads/wihsata final/wihsata-combined/wihsata-api/vendor/laravel/framework/src/Illuminate/Database/Eloquent/Builder.php(811): Illuminate/Database/Query/Builder->get(Array)
#9 C:/Users/User/Downloads/wihsata final/wihsata-combined/wihsata-api/vendor/laravel/framework/src/Illuminate/Database/Eloquent/Builder.php(793): Illuminate/Database/Eloquent/Builder->getModels(Array)
#10 C:/Users/User/Downloads/wihsata final/wihsata-combined/wihsata-api/vendor/laravel/framework/src/Illuminate/Database/Concerns/BuildsQueries.php(343): Illuminate/Database/Eloquent/Builder->get(Array)
#11 C:/Users/User/Downloads/wihsata final/wihsata-combined/wihsata-api/app/Http/Controllers/Auth/LoginController.php(31): Illuminate/Database/Eloquent/Builder->first()
#12 C:/Users/User/Downloads/wihsata final/wihsata-combined/wihsata-api/vendor/laravel/framework/src/Illuminate/Routing/ControllerDispatcher.php(47): App/Http/Controllers/Auth/LoginController->__invoke(Object(App/Http/Requests/Auth/LoginRequest))
#13 C:/Users/User/Downloads/wihsata final/wihsata-combined/wihsata-api/vendor/laravel/framework/src/Illuminate/Routing/Route.php(266): Illuminate/Routing/ControllerDispatcher->dispatch(Object(Illuminate/Routing/Route), Object(App/Http/Controllers/Auth/LoginController), '__invoke')
#14 C:/Users/User/Downloads/wihsata final/wihsata-combined/wihsata-api/vendor/laravel/framework/src/Illuminate/Routing/Route.php(212): Illuminate/Routing/Route->runController()
#15 C:/Users/User/Downloads/wihsata final/wihsata-combined/wihsata-api/vendor/laravel/framework/src/Illuminate/Routing/Router.php(808): Illuminate/Routing/Route->run()
#16 C:/Users/User/Downloads/wihsata final/wihsata-combined/wihsata-api/vendor/laravel/framework/src/Illuminate/Pipeline/Pipeline.php(170): Illuminate/Routing/Router->Illuminate/Routing/{closure}(Object(Illuminate/Http/Request))
#17 C:/Users/User/Downloads/wihsata final/wihsata-combined/wihsata-api/vendor/laravel/framework/src/Illuminate/Routing/Middleware/SubstituteBindings.php(51): Illuminate/Pipeline/Pipeline->Illuminate/Pipeline/{closure}(Object(Illuminate/Http/Request))
#18 C:/Users/User/Downloads/wihsata final/wihsata-combined/wihsata-api/vendor/laravel/framework/src/Illuminate/Pipeline/Pipeline.php(209): Illuminate/Routing/Middleware/SubstituteBindings->handle(Object(Illuminate/Http/Request), Object(Closure))
#19 C:/Users/User/Downloads/wihsata final/wihsata-combined/wihsata-api/vendor/laravel/framework/src/Illuminate/Http/Middleware/HandleCors.php(62): Illuminate/Pipeline/Pipeline->Illuminate/Pipeline/{closure}(Object(Illuminate/Http/Request))
#20 C:/Users/User/Downloads/wihsata final/wihsata-combined/wihsata-api/vendor/laravel/framework/src/Illuminate/Pipeline/Pipeline.php(209): Illuminate/Http/Middleware/HandleCors->handle(Object(Illuminate/Http/Request), Object(Closure))
#21 C:/Users/User/Downloads/wihsata final/wihsata-combined/wihsata-api/vendor/laravel/framework/src/Illuminate/Pipeline/Pipeline.php(127): Illuminate/Pipeline/Pipeline->Illuminate/Pipeline/{closure}(Object(Illuminate/Http/Request))
#22 C:/Users/User/Downloads/wihsata final/wihsata-combined/wihsata-api/vendor/laravel/framework/src/Illuminate/Routing/Router.php(807): Illuminate/Pipeline/Pipeline->then(Object(Closure))
#23 C:/Users/User/Downloads/wihsata final/wihsata-combined/wihsata-api/vendor/laravel/framework/src/Illuminate/Routing/Router.php(786): Illuminate/Routing/Router->runRouteWithinStack(Object(Illuminate/Routing/Route), Object(Illuminate/Http/Request))
#24 C:/Users/User/Downloads/wihsata final/wihsata-combined/wihsata-api/vendor/laravel/framework/src/Illuminate/Routing/Router.php(750): Illuminate/Routing/Router->runRoute(Object(Illuminate/Http/Request), Object(Illuminate/Routing/Route))
#25 C:/Users/User/Downloads/wihsata final/wihsata-combined/wihsata-api/vendor/laravel/framework/src/Illuminate/Routing/Router.php(739): Illuminate/Routing/Router->dispatchToRoute(Object(Illuminate/Http/Request))
#26 C:/Users/User/Downloads/wihsata final/wihsata-combined/wihsata-api/vendor/laravel/framework/src/Illuminate/Foundation/Http/Kernel.php(201): Illuminate/Routing/Router->dispatch(Object(Illuminate/Http/Request))
#27 C:/Users/User/Downloads/wihsata final/wihsata-combined/wihsata-api/vendor/laravel/framework/src/Illuminate/Pipeline/Pipeline.php(170): Illuminate/Foundation/Http/Kernel->Illuminate/Foundation/Http/{closure}(Object(Illuminate/Http/Request))
#28 C:/Users/User/Downloads/wihsata final/wihsata-combined/wihsata-api/vendor/laravel/framework/src/Illuminate/Foundation/Http/Middleware/TransformsRequest.php(21): Illuminate/Pipeline/Pipeline->Illuminate/Pipeline/{closure}(Object(Illuminate/Http/Request))
#29 C:/Users/User/Downloads/wihsata final/wihsata-combined/wihsata-api/vendor/laravel/framework/src/Illuminate/Foundation/Http/Middleware/ConvertEmptyStringsToNull.php(31): Illuminate/Foundation/Http/Middleware/TransformsRequest->handle(Object(Illuminate/Http/Request), Object(Closure))
#30 C:/Users/User/Downloads/wihsata final/wihsata-combined/wihsata-api/vendor/laravel/framework/src/Illuminate/Pipeline/Pipeline.php(209): Illuminate/Foundation/Http/Middleware/ConvertEmptyStringsToNull->handle(Object(Illuminate/Http/Request), Object(Closure))
#31 C:/Users/User/Downloads/wihsata final/wihsata-combined/wihsata-api/vendor/laravel/framework/src/Illuminate/Foundation/Http/Middleware/TransformsRequest.php(21): Illuminate/Pipeline/Pipeline->Illuminate/Pipeline/{closure}(Object(Illuminate/Http/Request))
#32 C:/Users/User/Downloads/wihsata final/wihsata-combined/wihsata-api/vendor/laravel/framework/src/Illuminate/Foundation/Http/Middleware/TrimStrings.php(51): Illuminate/Foundation/Http/Middleware/TransformsRequest->handle(Object(Illuminate/Http/Request), Object(Closure))
#33 C:/Users/User/Downloads/wihsata final/wihsata-combined/wihsata-api/vendor/laravel/framework/src/Illuminate/Pipeline/Pipeline.php(209): Illuminate/Foundation/Http/Middleware/TrimStrings->handle(Object(Illuminate/Http/Request), Object(Closure))
#34 C:/Users/User/Downloads/wihsata final/wihsata-combined/wihsata-api/vendor/laravel/framework/src/Illuminate/Http/Middleware/ValidatePostSize.php(27): Illuminate/Pipeline/Pipeline->Illuminate/Pipeline/{closure}(Object(Illuminate/Http/Request))
#35 C:/Users/User/Downloads/wihsata final/wihsata-combined/wihsata-api/vendor/laravel/framework/src/Illuminate/Pipeline/Pipeline.php(209): Illuminate/Http/Middleware/ValidatePostSize->handle(Object(Illuminate/Http/Request), Object(Closure))
#36 C:/Users/User/Downloads/wihsata final/wihsata-combined/wihsata-api/vendor/laravel/framework/src/Illuminate/Foundation/Http/Middleware/PreventRequestsDuringMaintenance.php(110): Illuminate/Pipeline/Pipeline->Illuminate/Pipeline/{closure}(Object(Illuminate/Http/Request))
#37 C:/Users/User/Downloads/wihsata final/wihsata-combined/wihsata-api/vendor/laravel/framework/src/Illuminate/Pipeline/Pipeline.php(209): Illuminate/Foundation/Http/Middleware/PreventRequestsDuringMaintenance->handle(Object(Illuminate/Http/Request), Object(Closure))
#38 C:/Users/User/Downloads/wihsata final/wihsata-combined/wihsata-api/vendor/laravel/framework/src/Illuminate/Http/Middleware/HandleCors.php(62): Illuminate/Pipeline/Pipeline->Illuminate/Pipeline/{closure}(Object(Illuminate/Http/Request))
#39 C:/Users/User/Downloads/wihsata final/wihsata-combined/wihsata-api/vendor/laravel/framework/src/Illuminate/Pipeline/Pipeline.php(209): Illuminate/Http/Middleware/HandleCors->handle(Object(Illuminate/Http/Request), Object(Closure))
#40 C:/Users/User/Downloads/wihsata final/wihsata-combined/wihsata-api/vendor/laravel/framework/src/Illuminate/Http/Middleware/TrustProxies.php(58): Illuminate/Pipeline/Pipeline->Illuminate/Pipeline/{closure}(Object(Illuminate/Http/Request))
#41 C:/Users/User/Downloads/wihsata final/wihsata-combined/wihsata-api/vendor/laravel/framework/src/Illuminate/Pipeline/Pipeline.php(209): Illuminate/Http/Middleware/TrustProxies->handle(Object(Illuminate/Http/Request), Object(Closure))
#42 C:/Users/User/Downloads/wihsata final/wihsata-combined/wihsata-api/vendor/laravel/framework/src/Illuminate/Foundation/Http/Middleware/InvokeDeferredCallbacks.php(22): Illuminate/Pipeline/Pipeline->Illuminate/Pipeline/{closure}(Object(Illuminate/Http/Request))
#43 C:/Users/User/Downloads/wihsata final/wihsata-combined/wihsata-api/vendor/laravel/framework/src/Illuminate/Pipeline/Pipeline.php(209): Illuminate/Foundation/Http/Middleware/InvokeDeferredCallbacks->handle(Object(Illuminate/Http/Request), Object(Closure))
#44 C:/Users/User/Downloads/wihsata final/wihsata-combined/wihsata-api/vendor/laravel/framework/src/Illuminate/Pipeline/Pipeline.php(127): Illuminate/Pipeline/Pipeline->Illuminate/Pipeline/{closure}(Object(Illuminate/Http/Request))
#45 C:/Users/User/Downloads/wihsata final/wihsata-combined/wihsata-api/vendor/laravel/framework/src/Illuminate/Foundation/Http/Kernel.php(176): Illuminate/Pipeline/Pipeline->then(Object(Closure))
#46 C:/Users/User/Downloads/wihsata final/wihsata-combined/wihsata-api/vendor/laravel/framework/src/Illuminate/Foundation/Http/Kernel.php(145): Illuminate/Foundation/Http/Kernel->sendRequestThroughRouter(Object(Illuminate/Http/Request))
#47 C:/Users/User/Downloads/wihsata final/wihsata-combined/wihsata-api/vendor/laravel/framework/src/Illuminate/Foundation/Application.php(1220): Illuminate/Foundation/Http/Kernel->handle(Object(Illuminate/Http/Request))
#48 C:/Users/User/Downloads/wihsata final/wihsata-combined/wihsata-api/public/index.php(17): Illuminate/Foundation/Application->handleRequest(Object(Illuminate/Http/Request))
#49 C:/Users/User/Downloads/wihsata final/wihsata-combined/wihsata-api/vendor/laravel/framework/src/Illuminate/Foundation/resources/server.php(23): require_once('C://Users//User//D...')
#50 {main}

[previous exception] [object] (PDOException(code: 7): SQLSTATE[08006] [7] could not translate host name \"ep-young-glade-azm0ni7w.c-3.ap-southeast-1.aws.neon.tech\" to address: Unknown host at C:/Users/User/Downloads/wihsata final/wihsata-combined/wihsata-api/vendor/laravel/framework/src/Illuminate/Database/Connectors/Connector.php:66)
[stacktrace]
#0 C:/Users/User/Downloads/wihsata final/wihsata-combined/wihsata-api/vendor/laravel/framework/src/Illuminate/Database/Connectors/Connector.php(66): PDO->__construct('pgsql:host=ep-y...', 'neondb_owner', Object(SensitiveParameterValue), Array)
#1 C:/Users/User/Downloads/wihsata final/wihsata-combined/wihsata-api/vendor/laravel/framework/src/Illuminate/Database/Connectors/Connector.php(85): Illuminate/Database/Connectors/Connector->createPdoConnection('pgsql:host=ep-y...', 'neondb_owner', Object(SensitiveParameterValue), Array)
#2 C:/Users/User/Downloads/wihsata final/wihsata-combined/wihsata-api/vendor/laravel/framework/src/Illuminate/Database/Connectors/Connector.php(48): Illuminate/Database/Connectors/Connector->tryAgainIfCausedByLostConnection(Object(PDOException), 'pgsql:host=ep-y...', 'neondb_owner', Object(SensitiveParameterValue), Array)
#3 C:/Users/User/Downloads/wihsata final/wihsata-combined/wihsata-api/vendor/laravel/framework/src/Illuminate/Database/Connectors/PostgresConnector.php(35): Illuminate/Database/Connectors/Connector->createConnection('pgsql:host=ep-y...', Array, Array)
#4 C:/Users/User/Downloads/wihsata final/wihsata-combined/wihsata-api/vendor/laravel/framework/src/Illuminate/Database/Connectors/ConnectionFactory.php(185): Illuminate/Database/Connectors/PostgresConnector->connect(Array)
#5 [internal function]: Illuminate/Database/Connectors/ConnectionFactory->Illuminate/Database/Connectors/{closure}()
#6 C:/Users/User/Downloads/wihsata final/wihsata-combined/wihsata-api/vendor/laravel/framework/src/Illuminate/Database/Connection.php(1231): call_user_func(Object(Closure))
#7 C:/Users/User/Downloads/wihsata final/wihsata-combined/wihsata-api/vendor/laravel/framework/src/Illuminate/Database/Connection.php(1267): Illuminate/Database/Connection->getPdo()
#8 C:/Users/User/Downloads/wihsata final/wihsata-combined/wihsata-api/vendor/laravel/framework/src/Illuminate/Database/Connection.php(512): Illuminate/Database/Connection->getReadPdo()
#9 C:/Users/User/Downloads/wihsata final/wihsata-combined/wihsata-api/vendor/laravel/framework/src/Illuminate/Database/Connection.php(407): Illuminate/Database/Connection->getPdoForSelect(true)
#10 C:/Users/User/Downloads/wihsata final/wihsata-combined/wihsata-api/vendor/laravel/framework/src/Illuminate/Database/Connection.php(812): Illuminate/Database/Connection->Illuminate/Database/{closure}('select * from \"...', Array)
#11 C:/Users/User/Downloads/wihsata final/wihsata-combined/wihsata-api/vendor/laravel/framework/src/Illuminate/Database/Connection.php(979): Illuminate/Database/Connection->runQueryCallback('select * from \"...', Array, Object(Closure))
#12 C:/Users/User/Downloads/wihsata final/wihsata-combined/wihsata-api/vendor/laravel/framework/src/Illuminate/Database/Connection.php(958): Illuminate/Database/Connection->tryAgainIfCausedByLostConnection(Object(Illuminate/Database/QueryException), 'select * from \"...', Array, Object(Closure))
#13 C:/Users/User/Downloads/wihsata final/wihsata-combined/wihsata-api/vendor/laravel/framework/src/Illuminate/Database/Connection.php(781): Illuminate/Database/Connection->handleQueryException(Object(Illuminate/Database/QueryException), 'select * from \"...', Array, Object(Closure))
#14 C:/Users/User/Downloads/wihsata final/wihsata-combined/wihsata-api/vendor/laravel/framework/src/Illuminate/Database/Connection.php(398): Illuminate/Database/Connection->run('select * from \"...', Array, Object(Closure))
#15 C:/Users/User/Downloads/wihsata final/wihsata-combined/wihsata-api/vendor/laravel/framework/src/Illuminate/Database/Query/Builder.php(3106): Illuminate/Database/Connection->select('select * from \"...', Array, true)
#16 C:/Users/User/Downloads/wihsata final/wihsata-combined/wihsata-api/vendor/laravel/framework/src/Illuminate/Database/Query/Builder.php(3091): Illuminate/Database/Query/Builder->runSelect()
#17 C:/Users/User/Downloads/wihsata final/wihsata-combined/wihsata-api/vendor/laravel/framework/src/Illuminate/Database/Query/Builder.php(3676): Illuminate/Database/Query/Builder->Illuminate/Database/Query/{closure}()
#18 C:/Users/User/Downloads/wihsata final/wihsata-combined/wihsata-api/vendor/laravel/framework/src/Illuminate/Database/Query/Builder.php(3090): Illuminate/Database/Query/Builder->onceWithColumns(Array, Object(Closure))
#19 C:/Users/User/Downloads/wihsata final/wihsata-combined/wihsata-api/vendor/laravel/framework/src/Illuminate/Database/Eloquent/Builder.php(811): Illuminate/Database/Query/Builder->get(Array)
#20 C:/Users/User/Downloads/wihsata final/wihsata-combined/wihsata-api/vendor/laravel/framework/src/Illuminate/Database/Eloquent/Builder.php(793): Illuminate/Database/Eloquent/Builder->getModels(Array)
#21 C:/Users/User/Downloads/wihsata final/wihsata-combined/wihsata-api/vendor/laravel/framework/src/Illuminate/Database/Concerns/BuildsQueries.php(343): Illuminate/Database/Eloquent/Builder->get(Array)
#22 C:/Users/User/Downloads/wihsata final/wihsata-combined/wihsata-api/app/Http/Controllers/Auth/LoginController.php(31): Illuminate/Database/Eloquent/Builder->first()
#23 C:/Users/User/Downloads/wihsata final/wihsata-combined/wihsata-api/vendor/laravel/framework/src/Illuminate/Routing/ControllerDispatcher.php(47): App/Http/Controllers/Auth/LoginController->__invoke(Object(App/Http/Requests/Auth/LoginRequest))
#24 C:/Users/User/Downloads/wihsata final/wihsata-combined/wihsata-api/vendor/laravel/framework/src/Illuminate/Routing/Route.php(266): Illuminate/Routing/ControllerDispatcher->dispatch(Object(Illuminate/Routing/Route), Object(App/Http/Controllers/Auth/LoginController), '__invoke')
#25 C:/Users/User/Downloads/wihsata final/wihsata-combined/wihsata-api/vendor/laravel/framework/src/Illuminate/Routing/Route.php(212): Illuminate/Routing/Route->runController()
#26 C:/Users/User/Downloads/wihsata final/wihsata-combined/wihsata-api/vendor/laravel/framework/src/Illuminate/Routing/Router.php(808): Illuminate/Routing/Route->run()
#27 C:/Users/User/Downloads/wihsata final/wihsata-combined/wihsata-api/vendor/laravel/framework/src/Illuminate/Pipeline/Pipeline.php(170): Illuminate/Routing/Router->Illuminate/Routing/{closure}(Object(Illuminate/Http/Request))
#28 C:/Users/User/Downloads/wihsata final/wihsata-combined/wihsata-api/vendor/laravel/framework/src/Illuminate/Routing/Middleware/SubstituteBindings.php(51): Illuminate/Pipeline/Pipeline->Illuminate/Pipeline/{closure}(Object(Illuminate/Http/Request))
#29 C:/Users/User/Downloads/wihsata final/wihsata-combined/wihsata-api/vendor/laravel/framework/src/Illuminate/Pipeline/Pipeline.php(209): Illuminate/Routing/Middleware/SubstituteBindings->handle(Object(Illuminate/Http/Request), Object(Closure))
#30 C:/Users/User/Downloads/wihsata final/wihsata-combined/wihsata-api/vendor/laravel/framework/src/Illuminate/Http/Middleware/HandleCors.php(62): Illuminate/Pipeline/Pipeline->Illuminate/Pipeline/{closure}(Object(Illuminate/Http/Request))
#31 C:/Users/User/Downloads/wihsata final/wihsata-combined/wihsata-api/vendor/laravel/framework/src/Illuminate/Pipeline/Pipeline.php(209): Illuminate/Http/Middleware/HandleCors->handle(Object(Illuminate/Http/Request), Object(Closure))
#32 C:/Users/User/Downloads/wihsata final/wihsata-combined/wihsata-api/vendor/laravel/framework/src/Illuminate/Pipeline/Pipeline.php(127): Illuminate/Pipeline/Pipeline->Illuminate/Pipeline/{closure}(Object(Illuminate/Http/Request))
#33 C:/Users/User/Downloads/wihsata final/wihsata-combined/wihsata-api/vendor/laravel/framework/src/Illuminate/Routing/Router.php(807): Illuminate/Pipeline/Pipeline->then(Object(Closure))
#34 C:/Users/User/Downloads/wihsata final/wihsata-combined/wihsata-api/vendor/laravel/framework/src/Illuminate/Routing/Router.php(786): Illuminate/Routing/Router->runRouteWithinStack(Object(Illuminate/Routing/Route), Object(Illuminate/Http/Request))
#35 C:/Users/User/Downloads/wihsata final/wihsata-combined/wihsata-api/vendor/laravel/framework/src/Illuminate/Routing/Router.php(750): Illuminate/Routing/Router->runRoute(Object(Illuminate/Http/Request), Object(Illuminate/Routing/Route))
#36 C:/Users/User/Downloads/wihsata final/wihsata-combined/wihsata-api/vendor/laravel/framework/src/Illuminate/Routing/Router.php(739): Illuminate/Routing/Router->dispatchToRoute(Object(Illuminate/Http/Request))
#37 C:/Users/User/Downloads/wihsata final/wihsata-combined/wihsata-api/vendor/laravel/framework/src/Illuminate/Foundation/Http/Kernel.php(201): Illuminate/Routing/Router->dispatch(Object(Illuminate/Http/Request))
#38 C:/Users/User/Downloads/wihsata final/wihsata-combined/wihsata-api/vendor/laravel/framework/src/Illuminate/Pipeline/Pipeline.php(170): Illuminate/Foundation/Http/Kernel->Illuminate/Foundation/Http/{closure}(Object(Illuminate/Http/Request))
#39 C:/Users/User/Downloads/wihsata final/wihsata-combined/wihsata-api/vendor/laravel/framework/src/Illuminate/Foundation/Http/Middleware/TransformsRequest.php(21): Illuminate/Pipeline/Pipeline->Illuminate/Pipeline/{closure}(Object(Illuminate/Http/Request))
#40 C:/Users/User/Downloads/wihsata final/wihsata-combined/wihsata-api/vendor/laravel/framework/src/Illuminate/Foundation/Http/Middleware/ConvertEmptyStringsToNull.php(31): Illuminate/Foundation/Http/Middleware/TransformsRequest->handle(Object(Illuminate/Http/Request), Object(Closure))
#41 C:/Users/User/Downloads/wihsata final/wihsata-combined/wihsata-api/vendor/laravel/framework/src/Illuminate/Pipeline/Pipeline.php(209): Illuminate/Foundation/Http/Middleware/ConvertEmptyStringsToNull->handle(Object(Illuminate/Http/Request), Object(Closure))
#42 C:/Users/User/Downloads/wihsata final/wihsata-combined/wihsata-api/vendor/laravel/framework/src/Illuminate/Foundation/Http/Middleware/TransformsRequest.php(21): Illuminate/Pipeline/Pipeline->Illuminate/Pipeline/{closure}(Object(Illuminate/Http/Request))
#43 C:/Users/User/Downloads/wihsata final/wihsata-combined/wihsata-api/vendor/laravel/framework/src/Illuminate/Foundation/Http/Middleware/TrimStrings.php(51): Illuminate/Foundation/Http/Middleware/TransformsRequest->handle(Object(Illuminate/Http/Request), Object(Closure))
#44 C:/Users/User/Downloads/wihsata final/wihsata-combined/wihsata-api/vendor/laravel/framework/src/Illuminate/Pipeline/Pipeline.php(209): Illuminate/Foundation/Http/Middleware/TrimStrings->handle(Object(Illuminate/Http/Request), Object(Closure))
#45 C:/Users/User/Downloads/wihsata final/wihsata-combined/wihsata-api/vendor/laravel/framework/src/Illuminate/Http/Middleware/ValidatePostSize.php(27): Illuminate/Pipeline/Pipeline->Illuminate/Pipeline/{closure}(Object(Illuminate/Http/Request))
#46 C:/Users/User/Downloads/wihsata final/wihsata-combined/wihsata-api/vendor/laravel/framework/src/Illuminate/Pipeline/Pipeline.php(209): Illuminate/Http/Middleware/ValidatePostSize->handle(Object(Illuminate/Http/Request), Object(Closure))
#47 C:/Users/User/Downloads/wihsata final/wihsata-combined/wihsata-api/vendor/laravel/framework/src/Illuminate/Foundation/Http/Middleware/PreventRequestsDuringMaintenance.php(110): Illuminate/Pipeline/Pipeline->Illuminate/Pipeline/{closure}(Object(Illuminate/Http/Request))
#48 C:/Users/User/Downloads/wihsata final/wihsata-combined/wihsata-api/vendor/laravel/framework/src/Illuminate/Pipeline/Pipeline.php(209): Illuminate/Foundation/Http/Middleware/PreventRequestsDuringMaintenance->handle(Object(Illuminate/Http/Request), Object(Closure))
#49 C:/Users/User/Downloads/wihsata final/wihsata-combined/wihsata-api/vendor/laravel/framework/src/Illuminate/Http/Middleware/HandleCors.php(62): Illuminate/Pipeline/Pipeline->Illuminate/Pipeline/{closure}(Object(Illuminate/Http/Request))
#50 C:/Users/User/Downloads/wihsata final/wihsata-combined/wihsata-api/vendor/laravel/framework/src/Illuminate/Pipeline/Pipeline.php(209): Illuminate/Http/Middleware/HandleCors->handle(Object(Illuminate/Http/Request), Object(Closure))
#51 C:/Users/User/Downloads/wihsata final/wihsata-combined/wihsata-api/vendor/laravel/framework/src/Illuminate/Http/Middleware/TrustProxies.php(58): Illuminate/Pipeline/Pipeline->Illuminate/Pipeline/{closure}(Object(Illuminate/Http/Request))
#52 C:/Users/User/Downloads/wihsata final/wihsata-combined/wihsata-api/vendor/laravel/framework/src/Illuminate/Pipeline/Pipeline.php(209): Illuminate/Http/Middleware/TrustProxies->handle(Object(Illuminate/Http/Request), Object(Closure))
#53 C:/Users/User/Downloads/wihsata final/wihsata-combined/wihsata-api/vendor/laravel/framework/src/Illuminate/Foundation/Http/Middleware/InvokeDeferredCallbacks.php(22): Illuminate/Pipeline/Pipeline->Illuminate/Pipeline/{closure}(Object(Illuminate/Http/Request))
#54 C:/Users/User/Downloads/wihsata final/wihsata-combined/wihsata-api/vendor/laravel/framework/src/Illuminate/Pipeline/Pipeline.php(209): Illuminate/Foundation/Http/Middleware/InvokeDeferredCallbacks->handle(Object(Illuminate/Http/Request), Object(Closure))
#55 C:/Users/User/Downloads/wihsata final/wihsata-combined/wihsata-api/vendor/laravel/framework/src/Illuminate/Pipeline/Pipeline.php(127): Illuminate/Pipeline/Pipeline->Illuminate/Pipeline/{closure}(Object(Illuminate/Http/Request))
#56 C:/Users/User/Downloads/wihsata final/wihsata-combined/wihsata-api/vendor/laravel/framework/src/Illuminate/Foundation/Http/Kernel.php(176): Illuminate/Pipeline/Pipeline->then(Object(Closure))
#57 C:/Users/User/Downloads/wihsata final/wihsata-combined/wihsata-api/vendor/laravel/framework/src/Illuminate/Foundation/Http/Kernel.php(145): Illuminate/Foundation/Http/Kernel->sendRequestThroughRouter(Object(Illuminate/Http/Request))
#58 C:/Users/User/Downloads/wihsata final/wihsata-combined/wihsata-api/vendor/laravel/framework/src/Illuminate/Foundation/Application.php(1220): Illuminate/Foundation/Http/Kernel->handle(Object(Illuminate/Http/Request))
#59 C:/Users/User/Downloads/wihsata final/wihsata-combined/wihsata-api/public/index.php(17): Illuminate/Foundation/Application->handleRequest(Object(Illuminate/Http/Request))
#60 C:/Users/User/Downloads/wihsata final/wihsata-combined/wihsata-api/vendor/laravel/framework/src/Illuminate/Foundation/resources/server.php(23): require_once('C://Users//User//D...')
#61 {main}
"} 
[2026-08-18 05:40:54] local.INFO: [AiPlanner] Geocode {"area":"Biduk-Biduk","coords":{"latitude":1.2587438,"longitude":118.6992065}} 
[2026-08-18 05:40:55] local.INFO: [AiPlanner] Kandidat ditemukan {"count":6} 
[2026-08-18 05:41:02] local.INFO: [AiPlanner] Cluster dipakai {"names":["Labuan Cermin","Villa Sungai Kaput","Dermaga Penyebrangan Teluk Sulaiman","Pulau Kaniungan"]} 
[2026-08-18 05:42:57] local.INFO: [AiPlanner] Geocode {"area":"Biduk-Biduk","coords":{"latitude":1.2587438,"longitude":118.6992065}} 
[2026-08-18 05:42:57] local.INFO: [AiPlanner] Kandidat ditemukan {"count":6} 
[2026-08-18 05:43:04] local.INFO: [AiPlanner] Cluster dipakai {"names":["Labuan Cermin","Villa Sungai Kaput","Dermaga Penyebrangan Teluk Sulaiman","Pulau Kaniungan"]} 
[2026-08-18 09:28:25] local.INFO: [AiPlanner] Geocode {"area":"Biduk-Biduk","coords":{"latitude":1.2587438,"longitude":118.6992065}} 
[2026-08-18 09:28:25] local.INFO: [AiPlanner] Kandidat ditemukan {"count":6} 
[2026-08-18 09:28:31] local.INFO: [AiPlanner] Cluster dipakai {"names":["Labuan Cermin","Villa Sungai Kaput","Dermaga Penyebrangan Teluk Sulaiman","Pulau Kaniungan"]} 
[2026-08-18 09:41:32] local.INFO: [AiPlanner] Geocode {"area":"Biduk-Biduk","coords":{"latitude":1.2587438,"longitude":118.6992065}} 
[2026-08-18 09:41:32] local.INFO: [AiPlanner] Kandidat ditemukan {"count":6} 
[2026-08-18 09:41:38] local.INFO: [AiPlanner] Cluster dipakai {"names":["Labuan Cermin","Villa Sungai Kaput","Dermaga Penyebrangan Teluk Sulaiman","Pulau Kaniungan"]} 
[2026-08-18 09:41:45] local.INFO: [AiPlanner] Geocode {"area":"Biduk-Biduk","coords":{"latitude":1.2587438,"longitude":118.6992065}} 
[2026-08-18 09:41:46] local.INFO: [AiPlanner] Kandidat ditemukan {"count":6} 
[2026-08-18 09:41:51] local.INFO: [AiPlanner] Cluster dipakai {"names":["Labuan Cermin","Villa Sungai Kaput","Dermaga Penyebrangan Teluk Sulaiman","Pulau Kaniungan"]} 
[2026-08-18 09:49:23] local.INFO: [AiPlanner] Geocode {"area":"Biduk-Biduk","coords":{"latitude":1.2587438,"longitude":118.6992065}} 
[2026-08-18 09:49:24] local.INFO: [AiPlanner] Kandidat ditemukan {"count":6} 
[2026-08-18 09:49:31] local.INFO: [AiPlanner] Cluster dipakai {"names":["Labuan Cermin","Villa Sungai Kaput","Dermaga Penyebrangan Teluk Sulaiman","Pulau Kaniungan"]} 
[2026-08-18 10:01:26] local.INFO: [AiPlanner] Geocode {"area":"Biduk-Biduk","coords":{"latitude":1.2587438,"longitude":118.6992065}} 
[2026-08-18 10:01:26] local.INFO: [AiPlanner] Kandidat ditemukan {"count":6} 
[2026-08-18 10:01:33] local.INFO: [AiPlanner] Cluster dipakai {"names":["Labuan Cermin","Villa Sungai Kaput","Dermaga Penyebrangan Teluk Sulaiman","Pulau Kaniungan"]} 
[2026-08-18 10:09:20] local.INFO: [AiPlanner] Geocode {"area":"Biduk-Biduk","coords":{"latitude":1.2587438,"longitude":118.6992065}} 
[2026-08-18 10:09:21] local.INFO: [AiPlanner] Kandidat ditemukan {"count":6} 
[2026-08-18 10:09:27] local.INFO: [AiPlanner] Cluster dipakai {"names":["Labuan Cermin","Villa Sungai Kaput","Dermaga Penyebrangan Teluk Sulaiman","Pulau Kaniungan"]} 
[2026-08-18 10:18:41] local.INFO: [AiPlanner] Geocode {"area":"Biduk-Biduk","coords":{"latitude":1.2587438,"longitude":118.6992065}} 
[2026-08-18 10:18:41] local.INFO: [AiPlanner] Kandidat ditemukan {"count":6} 
[2026-08-18 10:18:48] local.INFO: [AiPlanner] Cluster dipakai {"names":["Labuan Cermin","Villa Sungai Kaput","Dermaga Penyebrangan Teluk Sulaiman","Pulau Kaniungan"]} 
[2026-08-19 04:22:54] local.ERROR: SQLSTATE[42P01]: Undefined table: 7 ERROR:  relation "users" does not exist
LINE 1: select * from "users" where "email" = $1 limit 1
                      ^ (Connection: pgsql, SQL: select * from "users" where "email" = nucaaeon@gmail.com limit 1) {"exception":"[object] (Illuminate\\Database\\QueryException(code: 42P01): SQLSTATE[42P01]: Undefined table: 7 ERROR:  relation \"users\" does not exist
LINE 1: select * from \"users\" where \"email\" = $1 limit 1
                      ^ (Connection: pgsql, SQL: select * from \"users\" where \"email\" = nucaaeon@gmail.com limit 1) at C:/Users/User/Downloads/wihsata final/wihsata-combined/wihsata-api/vendor/laravel/framework/src/Illuminate/Database/Connection.php:825)
[stacktrace]
#0 C:/Users/User/Downloads/wihsata final/wihsata-combined/wihsata-api/vendor/laravel/framework/src/Illuminate/Database/Connection.php(779): Illuminate/Database/Connection->runQueryCallback('select * from \"...', Array, Object(Closure))
#1 C:/Users/User/Downloads/wihsata final/wihsata-combined/wihsata-api/vendor/laravel/framework/src/Illuminate/Database/Connection.php(398): Illuminate/Database/Connection->run('select * from \"...', Array, Object(Closure))
#2 C:/Users/User/Downloads/wihsata final/wihsata-combined/wihsata-api/vendor/laravel/framework/src/Illuminate/Database/Query/Builder.php(3106): Illuminate/Database/Connection->select('select * from \"...', Array, true)
#3 C:/Users/User/Downloads/wihsata final/wihsata-combined/wihsata-api/vendor/laravel/framework/src/Illuminate/Database/Query/Builder.php(3091): Illuminate/Database/Query/Builder->runSelect()
#4 C:/Users/User/Downloads/wihsata final/wihsata-combined/wihsata-api/vendor/laravel/framework/src/Illuminate/Database/Query/Builder.php(3676): Illuminate/Database/Query/Builder->Illuminate/Database/Query/{closure}()
#5 C:/Users/User/Downloads/wihsata final/wihsata-combined/wihsata-api/vendor/laravel/framework/src/Illuminate/Database/Query/Builder.php(3090): Illuminate/Database/Query/Builder->onceWithColumns(Array, Object(Closure))
#6 C:/Users/User/Downloads/wihsata final/wihsata-combined/wihsata-api/vendor/laravel/framework/src/Illuminate/Database/Eloquent/Builder.php(811): Illuminate/Database/Query/Builder->get(Array)
#7 C:/Users/User/Downloads/wihsata final/wihsata-combined/wihsata-api/vendor/laravel/framework/src/Illuminate/Database/Eloquent/Builder.php(793): Illuminate/Database/Eloquent/Builder->getModels(Array)
#8 C:/Users/User/Downloads/wihsata final/wihsata-combined/wihsata-api/vendor/laravel/framework/src/Illuminate/Database/Concerns/BuildsQueries.php(343): Illuminate/Database/Eloquent/Builder->get(Array)
#9 C:/Users/User/Downloads/wihsata final/wihsata-combined/wihsata-api/app/Http/Controllers/Auth/LoginController.php(31): Illuminate/Database/Eloquent/Builder->first()
#10 C:/Users/User/Downloads/wihsata final/wihsata-combined/wihsata-api/vendor/laravel/framework/src/Illuminate/Routing/ControllerDispatcher.php(47): App/Http/Controllers/Auth/LoginController->__invoke(Object(App/Http/Requests/Auth/LoginRequest))
#11 C:/Users/User/Downloads/wihsata final/wihsata-combined/wihsata-api/vendor/laravel/framework/src/Illuminate/Routing/Route.php(266): Illuminate/Routing/ControllerDispatcher->dispatch(Object(Illuminate/Routing/Route), Object(App/Http/Controllers/Auth/LoginController), '__invoke')
#12 C:/Users/User/Downloads/wihsata final/wihsata-combined/wihsata-api/vendor/laravel/framework/src/Illuminate/Routing/Route.php(212): Illuminate/Routing/Route->runController()
#13 C:/Users/User/Downloads/wihsata final/wihsata-combined/wihsata-api/vendor/laravel/framework/src/Illuminate/Routing/Router.php(808): Illuminate/Routing/Route->run()
#14 C:/Users/User/Downloads/wihsata final/wihsata-combined/wihsata-api/vendor/laravel/framework/src/Illuminate/Pipeline/Pipeline.php(170): Illuminate/Routing/Router->Illuminate/Routing/{closure}(Object(Illuminate/Http/Request))
#15 C:/Users/User/Downloads/wihsata final/wihsata-combined/wihsata-api/vendor/laravel/framework/src/Illuminate/Routing/Middleware/SubstituteBindings.php(51): Illuminate/Pipeline/Pipeline->Illuminate/Pipeline/{closure}(Object(Illuminate/Http/Request))
#16 C:/Users/User/Downloads/wihsata final/wihsata-combined/wihsata-api/vendor/laravel/framework/src/Illuminate/Pipeline/Pipeline.php(209): Illuminate/Routing/Middleware/SubstituteBindings->handle(Object(Illuminate/Http/Request), Object(Closure))
#17 C:/Users/User/Downloads/wihsata final/wihsata-combined/wihsata-api/vendor/laravel/framework/src/Illuminate/Http/Middleware/HandleCors.php(62): Illuminate/Pipeline/Pipeline->Illuminate/Pipeline/{closure}(Object(Illuminate/Http/Request))
#18 C:/Users/User/Downloads/wihsata final/wihsata-combined/wihsata-api/vendor/laravel/framework/src/Illuminate/Pipeline/Pipeline.php(209): Illuminate/Http/Middleware/HandleCors->handle(Object(Illuminate/Http/Request), Object(Closure))
#19 C:/Users/User/Downloads/wihsata final/wihsata-combined/wihsata-api/vendor/laravel/framework/src/Illuminate/Pipeline/Pipeline.php(127): Illuminate/Pipeline/Pipeline->Illuminate/Pipeline/{closure}(Object(Illuminate/Http/Request))
#20 C:/Users/User/Downloads/wihsata final/wihsata-combined/wihsata-api/vendor/laravel/framework/src/Illuminate/Routing/Router.php(807): Illuminate/Pipeline/Pipeline->then(Object(Closure))
#21 C:/Users/User/Downloads/wihsata final/wihsata-combined/wihsata-api/vendor/laravel/framework/src/Illuminate/Routing/Router.php(786): Illuminate/Routing/Router->runRouteWithinStack(Object(Illuminate/Routing/Route), Object(Illuminate/Http/Request))
#22 C:/Users/User/Downloads/wihsata final/wihsata-combined/wihsata-api/vendor/laravel/framework/src/Illuminate/Routing/Router.php(750): Illuminate/Routing/Router->runRoute(Object(Illuminate/Http/Request), Object(Illuminate/Routing/Route))
#23 C:/Users/User/Downloads/wihsata final/wihsata-combined/wihsata-api/vendor/laravel/framework/src/Illuminate/Routing/Router.php(739): Illuminate/Routing/Router->dispatchToRoute(Object(Illuminate/Http/Request))
#24 C:/Users/User/Downloads/wihsata final/wihsata-combined/wihsata-api/vendor/laravel/framework/src/Illuminate/Foundation/Http/Kernel.php(201): Illuminate/Routing/Router->dispatch(Object(Illuminate/Http/Request))
#25 C:/Users/User/Downloads/wihsata final/wihsata-combined/wihsata-api/vendor/laravel/framework/src/Illuminate/Pipeline/Pipeline.php(170): Illuminate/Foundation/Http/Kernel->Illuminate/Foundation/Http/{closure}(Object(Illuminate/Http/Request))
#26 C:/Users/User/Downloads/wihsata final/wihsata-combined/wihsata-api/vendor/laravel/framework/src/Illuminate/Foundation/Http/Middleware/TransformsRequest.php(21): Illuminate/Pipeline/Pipeline->Illuminate/Pipeline/{closure}(Object(Illuminate/Http/Request))
#27 C:/Users/User/Downloads/wihsata final/wihsata-combined/wihsata-api/vendor/laravel/framework/src/Illuminate/Foundation/Http/Middleware/ConvertEmptyStringsToNull.php(31): Illuminate/Foundation/Http/Middleware/TransformsRequest->handle(Object(Illuminate/Http/Request), Object(Closure))
#28 C:/Users/User/Downloads/wihsata final/wihsata-combined/wihsata-api/vendor/laravel/framework/src/Illuminate/Pipeline/Pipeline.php(209): Illuminate/Foundation/Http/Middleware/ConvertEmptyStringsToNull->handle(Object(Illuminate/Http/Request), Object(Closure))
#29 C:/Users/User/Downloads/wihsata final/wihsata-combined/wihsata-api/vendor/laravel/framework/src/Illuminate/Foundation/Http/Middleware/TransformsRequest.php(21): Illuminate/Pipeline/Pipeline->Illuminate/Pipeline/{closure}(Object(Illuminate/Http/Request))
#30 C:/Users/User/Downloads/wihsata final/wihsata-combined/wihsata-api/vendor/laravel/framework/src/Illuminate/Foundation/Http/Middleware/TrimStrings.php(51): Illuminate/Foundation/Http/Middleware/TransformsRequest->handle(Object(Illuminate/Http/Request), Object(Closure))
#31 C:/Users/User/Downloads/wihsata final/wihsata-combined/wihsata-api/vendor/laravel/framework/src/Illuminate/Pipeline/Pipeline.php(209): Illuminate/Foundation/Http/Middleware/TrimStrings->handle(Object(Illuminate/Http/Request), Object(Closure))
#32 C:/Users/User/Downloads/wihsata final/wihsata-combined/wihsata-api/vendor/laravel/framework/src/Illuminate/Http/Middleware/ValidatePostSize.php(27): Illuminate/Pipeline/Pipeline->Illuminate/Pipeline/{closure}(Object(Illuminate/Http/Request))
#33 C:/Users/User/Downloads/wihsata final/wihsata-combined/wihsata-api/vendor/laravel/framework/src/Illuminate/Pipeline/Pipeline.php(209): Illuminate/Http/Middleware/ValidatePostSize->handle(Object(Illuminate/Http/Request), Object(Closure))
#34 C:/Users/User/Downloads/wihsata final/wihsata-combined/wihsata-api/vendor/laravel/framework/src/Illuminate/Foundation/Http/Middleware/PreventRequestsDuringMaintenance.php(110): Illuminate/Pipeline/Pipeline->Illuminate/Pipeline/{closure}(Object(Illuminate/Http/Request))
#35 C:/Users/User/Downloads/wihsata final/wihsata-combined/wihsata-api/vendor/laravel/framework/src/Illuminate/Pipeline/Pipeline.php(209): Illuminate/Foundation/Http/Middleware/PreventRequestsDuringMaintenance->handle(Object(Illuminate/Http/Request), Object(Closure))
#36 C:/Users/User/Downloads/wihsata final/wihsata-combined/wihsata-api/vendor/laravel/framework/src/Illuminate/Http/Middleware/HandleCors.php(62): Illuminate/Pipeline/Pipeline->Illuminate/Pipeline/{closure}(Object(Illuminate/Http/Request))
#37 C:/Users/User/Downloads/wihsata final/wihsata-combined/wihsata-api/vendor/laravel/framework/src/Illuminate/Pipeline/Pipeline.php(209): Illuminate/Http/Middleware/HandleCors->handle(Object(Illuminate/Http/Request), Object(Closure))
#38 C:/Users/User/Downloads/wihsata final/wihsata-combined/wihsata-api/vendor/laravel/framework/src/Illuminate/Http/Middleware/TrustProxies.php(58): Illuminate/Pipeline/Pipeline->Illuminate/Pipeline/{closure}(Object(Illuminate/Http/Request))
#39 C:/Users/User/Downloads/wihsata final/wihsata-combined/wihsata-api/vendor/laravel/framework/src/Illuminate/Pipeline/Pipeline.php(209): Illuminate/Http/Middleware/TrustProxies->handle(Object(Illuminate/Http/Request), Object(Closure))
#40 C:/Users/User/Downloads/wihsata final/wihsata-combined/wihsata-api/vendor/laravel/framework/src/Illuminate/Foundation/Http/Middleware/InvokeDeferredCallbacks.php(22): Illuminate/Pipeline/Pipeline->Illuminate/Pipeline/{closure}(Object(Illuminate/Http/Request))
#41 C:/Users/User/Downloads/wihsata final/wihsata-combined/wihsata-api/vendor/laravel/framework/src/Illuminate/Pipeline/Pipeline.php(209): Illuminate/Foundation/Http/Middleware/InvokeDeferredCallbacks->handle(Object(Illuminate/Http/Request), Object(Closure))
#42 C:/Users/User/Downloads/wihsata final/wihsata-combined/wihsata-api/vendor/laravel/framework/src/Illuminate/Pipeline/Pipeline.php(127): Illuminate/Pipeline/Pipeline->Illuminate/Pipeline/{closure}(Object(Illuminate/Http/Request))
#43 C:/Users/User/Downloads/wihsata final/wihsata-combined/wihsata-api/vendor/laravel/framework/src/Illuminate/Foundation/Http/Kernel.php(176): Illuminate/Pipeline/Pipeline->then(Object(Closure))
#44 C:/Users/User/Downloads/wihsata final/wihsata-combined/wihsata-api/vendor/laravel/framework/src/Illuminate/Foundation/Http/Kernel.php(145): Illuminate/Foundation/Http/Kernel->sendRequestThroughRouter(Object(Illuminate/Http/Request))
#45 C:/Users/User/Downloads/wihsata final/wihsata-combined/wihsata-api/vendor/laravel/framework/src/Illuminate/Foundation/Application.php(1220): Illuminate/Foundation/Http/Kernel->handle(Object(Illuminate/Http/Request))
#46 C:/Users/User/Downloads/wihsata final/wihsata-combined/wihsata-api/public/index.php(17): Illuminate/Foundation/Application->handleRequest(Object(Illuminate/Http/Request))
#47 C:/Users/User/Downloads/wihsata final/wihsata-combined/wihsata-api/vendor/laravel/framework/src/Illuminate/Foundation/resources/server.php(23): require_once('C://Users//User//D...')
#48 {main}

[previous exception] [object] (PDOException(code: 42P01): SQLSTATE[42P01]: Undefined table: 7 ERROR:  relation \"users\" does not exist
LINE 1: select * from \"users\" where \"email\" = $1 limit 1
                      ^ at C:/Users/User/Downloads/wihsata final/wihsata-combined/wihsata-api/vendor/laravel/framework/src/Illuminate/Database/Connection.php:412)
[stacktrace]
#0 C:/Users/User/Downloads/wihsata final/wihsata-combined/wihsata-api/vendor/laravel/framework/src/Illuminate/Database/Connection.php(412): PDOStatement->execute()
#1 C:/Users/User/Downloads/wihsata final/wihsata-combined/wihsata-api/vendor/laravel/framework/src/Illuminate/Database/Connection.php(812): Illuminate/Database/Connection->Illuminate/Database/{closure}('select * from \"...', Array)
#2 C:/Users/User/Downloads/wihsata final/wihsata-combined/wihsata-api/vendor/laravel/framework/src/Illuminate/Database/Connection.php(779): Illuminate/Database/Connection->runQueryCallback('select * from \"...', Array, Object(Closure))
#3 C:/Users/User/Downloads/wihsata final/wihsata-combined/wihsata-api/vendor/laravel/framework/src/Illuminate/Database/Connection.php(398): Illuminate/Database/Connection->run('select * from \"...', Array, Object(Closure))
#4 C:/Users/User/Downloads/wihsata final/wihsata-combined/wihsata-api/vendor/laravel/framework/src/Illuminate/Database/Query/Builder.php(3106): Illuminate/Database/Connection->select('select * from \"...', Array, true)
#5 C:/Users/User/Downloads/wihsata final/wihsata-combined/wihsata-api/vendor/laravel/framework/src/Illuminate/Database/Query/Builder.php(3091): Illuminate/Database/Query/Builder->runSelect()
#6 C:/Users/User/Downloads/wihsata final/wihsata-combined/wihsata-api/vendor/laravel/framework/src/Illuminate/Database/Query/Builder.php(3676): Illuminate/Database/Query/Builder->Illuminate/Database/Query/{closure}()
#7 C:/Users/User/Downloads/wihsata final/wihsata-combined/wihsata-api/vendor/laravel/framework/src/Illuminate/Database/Query/Builder.php(3090): Illuminate/Database/Query/Builder->onceWithColumns(Array, Object(Closure))
#8 C:/Users/User/Downloads/wihsata final/wihsata-combined/wihsata-api/vendor/laravel/framework/src/Illuminate/Database/Eloquent/Builder.php(811): Illuminate/Database/Query/Builder->get(Array)
#9 C:/Users/User/Downloads/wihsata final/wihsata-combined/wihsata-api/vendor/laravel/framework/src/Illuminate/Database/Eloquent/Builder.php(793): Illuminate/Database/Eloquent/Builder->getModels(Array)
#10 C:/Users/User/Downloads/wihsata final/wihsata-combined/wihsata-api/vendor/laravel/framework/src/Illuminate/Database/Concerns/BuildsQueries.php(343): Illuminate/Database/Eloquent/Builder->get(Array)
#11 C:/Users/User/Downloads/wihsata final/wihsata-combined/wihsata-api/app/Http/Controllers/Auth/LoginController.php(31): Illuminate/Database/Eloquent/Builder->first()
#12 C:/Users/User/Downloads/wihsata final/wihsata-combined/wihsata-api/vendor/laravel/framework/src/Illuminate/Routing/ControllerDispatcher.php(47): App/Http/Controllers/Auth/LoginController->__invoke(Object(App/Http/Requests/Auth/LoginRequest))
#13 C:/Users/User/Downloads/wihsata final/wihsata-combined/wihsata-api/vendor/laravel/framework/src/Illuminate/Routing/Route.php(266): Illuminate/Routing/ControllerDispatcher->dispatch(Object(Illuminate/Routing/Route), Object(App/Http/Controllers/Auth/LoginController), '__invoke')
#14 C:/Users/User/Downloads/wihsata final/wihsata-combined/wihsata-api/vendor/laravel/framework/src/Illuminate/Routing/Route.php(212): Illuminate/Routing/Route->runController()
#15 C:/Users/User/Downloads/wihsata final/wihsata-combined/wihsata-api/vendor/laravel/framework/src/Illuminate/Routing/Router.php(808): Illuminate/Routing/Route->run()
#16 C:/Users/User/Downloads/wihsata final/wihsata-combined/wihsata-api/vendor/laravel/framework/src/Illuminate/Pipeline/Pipeline.php(170): Illuminate/Routing/Router->Illuminate/Routing/{closure}(Object(Illuminate/Http/Request))
#17 C:/Users/User/Downloads/wihsata final/wihsata-combined/wihsata-api/vendor/laravel/framework/src/Illuminate/Routing/Middleware/SubstituteBindings.php(51): Illuminate/Pipeline/Pipeline->Illuminate/Pipeline/{closure}(Object(Illuminate/Http/Request))
#18 C:/Users/User/Downloads/wihsata final/wihsata-combined/wihsata-api/vendor/laravel/framework/src/Illuminate/Pipeline/Pipeline.php(209): Illuminate/Routing/Middleware/SubstituteBindings->handle(Object(Illuminate/Http/Request), Object(Closure))
#19 C:/Users/User/Downloads/wihsata final/wihsata-combined/wihsata-api/vendor/laravel/framework/src/Illuminate/Http/Middleware/HandleCors.php(62): Illuminate/Pipeline/Pipeline->Illuminate/Pipeline/{closure}(Object(Illuminate/Http/Request))
#20 C:/Users/User/Downloads/wihsata final/wihsata-combined/wihsata-api/vendor/laravel/framework/src/Illuminate/Pipeline/Pipeline.php(209): Illuminate/Http/Middleware/HandleCors->handle(Object(Illuminate/Http/Request), Object(Closure))
#21 C:/Users/User/Downloads/wihsata final/wihsata-combined/wihsata-api/vendor/laravel/framework/src/Illuminate/Pipeline/Pipeline.php(127): Illuminate/Pipeline/Pipeline->Illuminate/Pipeline/{closure}(Object(Illuminate/Http/Request))
#22 C:/Users/User/Downloads/wihsata final/wihsata-combined/wihsata-api/vendor/laravel/framework/src/Illuminate/Routing/Router.php(807): Illuminate/Pipeline/Pipeline->then(Object(Closure))
#23 C:/Users/User/Downloads/wihsata final/wihsata-combined/wihsata-api/vendor/laravel/framework/src/Illuminate/Routing/Router.php(786): Illuminate/Routing/Router->runRouteWithinStack(Object(Illuminate/Routing/Route), Object(Illuminate/Http/Request))
#24 C:/Users/User/Downloads/wihsata final/wihsata-combined/wihsata-api/vendor/laravel/framework/src/Illuminate/Routing/Router.php(750): Illuminate/Routing/Router->runRoute(Object(Illuminate/Http/Request), Object(Illuminate/Routing/Route))
#25 C:/Users/User/Downloads/wihsata final/wihsata-combined/wihsata-api/vendor/laravel/framework/src/Illuminate/Routing/Router.php(739): Illuminate/Routing/Router->dispatchToRoute(Object(Illuminate/Http/Request))
#26 C:/Users/User/Downloads/wihsata final/wihsata-combined/wihsata-api/vendor/laravel/framework/src/Illuminate/Foundation/Http/Kernel.php(201): Illuminate/Routing/Router->dispatch(Object(Illuminate/Http/Request))
#27 C:/Users/User/Downloads/wihsata final/wihsata-combined/wihsata-api/vendor/laravel/framework/src/Illuminate/Pipeline/Pipeline.php(170): Illuminate/Foundation/Http/Kernel->Illuminate/Foundation/Http/{closure}(Object(Illuminate/Http/Request))
#28 C:/Users/User/Downloads/wihsata final/wihsata-combined/wihsata-api/vendor/laravel/framework/src/Illuminate/Foundation/Http/Middleware/TransformsRequest.php(21): Illuminate/Pipeline/Pipeline->Illuminate/Pipeline/{closure}(Object(Illuminate/Http/Request))
#29 C:/Users/User/Downloads/wihsata final/wihsata-combined/wihsata-api/vendor/laravel/framework/src/Illuminate/Foundation/Http/Middleware/ConvertEmptyStringsToNull.php(31): Illuminate/Foundation/Http/Middleware/TransformsRequest->handle(Object(Illuminate/Http/Request), Object(Closure))
#30 C:/Users/User/Downloads/wihsata final/wihsata-combined/wihsata-api/vendor/laravel/framework/src/Illuminate/Pipeline/Pipeline.php(209): Illuminate/Foundation/Http/Middleware/ConvertEmptyStringsToNull->handle(Object(Illuminate/Http/Request), Object(Closure))
#31 C:/Users/User/Downloads/wihsata final/wihsata-combined/wihsata-api/vendor/laravel/framework/src/Illuminate/Foundation/Http/Middleware/TransformsRequest.php(21): Illuminate/Pipeline/Pipeline->Illuminate/Pipeline/{closure}(Object(Illuminate/Http/Request))
#32 C:/Users/User/Downloads/wihsata final/wihsata-combined/wihsata-api/vendor/laravel/framework/src/Illuminate/Foundation/Http/Middleware/TrimStrings.php(51): Illuminate/Foundation/Http/Middleware/TransformsRequest->handle(Object(Illuminate/Http/Request), Object(Closure))
#33 C:/Users/User/Downloads/wihsata final/wihsata-combined/wihsata-api/vendor/laravel/framework/src/Illuminate/Pipeline/Pipeline.php(209): Illuminate/Foundation/Http/Middleware/TrimStrings->handle(Object(Illuminate/Http/Request), Object(Closure))
#34 C:/Users/User/Downloads/wihsata final/wihsata-combined/wihsata-api/vendor/laravel/framework/src/Illuminate/Http/Middleware/ValidatePostSize.php(27): Illuminate/Pipeline/Pipeline->Illuminate/Pipeline/{closure}(Object(Illuminate/Http/Request))
#35 C:/Users/User/Downloads/wihsata final/wihsata-combined/wihsata-api/vendor/laravel/framework/src/Illuminate/Pipeline/Pipeline.php(209): Illuminate/Http/Middleware/ValidatePostSize->handle(Object(Illuminate/Http/Request), Object(Closure))
#36 C:/Users/User/Downloads/wihsata final/wihsata-combined/wihsata-api/vendor/laravel/framework/src/Illuminate/Foundation/Http/Middleware/PreventRequestsDuringMaintenance.php(110): Illuminate/Pipeline/Pipeline->Illuminate/Pipeline/{closure}(Object(Illuminate/Http/Request))
#37 C:/Users/User/Downloads/wihsata final/wihsata-combined/wihsata-api/vendor/laravel/framework/src/Illuminate/Pipeline/Pipeline.php(209): Illuminate/Foundation/Http/Middleware/PreventRequestsDuringMaintenance->handle(Object(Illuminate/Http/Request), Object(Closure))
#38 C:/Users/User/Downloads/wihsata final/wihsata-combined/wihsata-api/vendor/laravel/framework/src/Illuminate/Http/Middleware/HandleCors.php(62): Illuminate/Pipeline/Pipeline->Illuminate/Pipeline/{closure}(Object(Illuminate/Http/Request))
#39 C:/Users/User/Downloads/wihsata final/wihsata-combined/wihsata-api/vendor/laravel/framework/src/Illuminate/Pipeline/Pipeline.php(209): Illuminate/Http/Middleware/HandleCors->handle(Object(Illuminate/Http/Request), Object(Closure))
#40 C:/Users/User/Downloads/wihsata final/wihsata-combined/wihsata-api/vendor/laravel/framework/src/Illuminate/Http/Middleware/TrustProxies.php(58): Illuminate/Pipeline/Pipeline->Illuminate/Pipeline/{closure}(Object(Illuminate/Http/Request))
#41 C:/Users/User/Downloads/wihsata final/wihsata-combined/wihsata-api/vendor/laravel/framework/src/Illuminate/Pipeline/Pipeline.php(209): Illuminate/Http/Middleware/TrustProxies->handle(Object(Illuminate/Http/Request), Object(Closure))
#42 C:/Users/User/Downloads/wihsata final/wihsata-combined/wihsata-api/vendor/laravel/framework/src/Illuminate/Foundation/Http/Middleware/InvokeDeferredCallbacks.php(22): Illuminate/Pipeline/Pipeline->Illuminate/Pipeline/{closure}(Object(Illuminate/Http/Request))
#43 C:/Users/User/Downloads/wihsata final/wihsata-combined/wihsata-api/vendor/laravel/framework/src/Illuminate/Pipeline/Pipeline.php(209): Illuminate/Foundation/Http/Middleware/InvokeDeferredCallbacks->handle(Object(Illuminate/Http/Request), Object(Closure))
#44 C:/Users/User/Downloads/wihsata final/wihsata-combined/wihsata-api/vendor/laravel/framework/src/Illuminate/Pipeline/Pipeline.php(127): Illuminate/Pipeline/Pipeline->Illuminate/Pipeline/{closure}(Object(Illuminate/Http/Request))
#45 C:/Users/User/Downloads/wihsata final/wihsata-combined/wihsata-api/vendor/laravel/framework/src/Illuminate/Foundation/Http/Kernel.php(176): Illuminate/Pipeline/Pipeline->then(Object(Closure))
#46 C:/Users/User/Downloads/wihsata final/wihsata-combined/wihsata-api/vendor/laravel/framework/src/Illuminate/Foundation/Http/Kernel.php(145): Illuminate/Foundation/Http/Kernel->sendRequestThroughRouter(Object(Illuminate/Http/Request))
#47 C:/Users/User/Downloads/wihsata final/wihsata-combined/wihsata-api/vendor/laravel/framework/src/Illuminate/Foundation/Application.php(1220): Illuminate/Foundation/Http/Kernel->handle(Object(Illuminate/Http/Request))
#48 C:/Users/User/Downloads/wihsata final/wihsata-combined/wihsata-api/public/index.php(17): Illuminate/Foundation/Application->handleRequest(Object(Illuminate/Http/Request))
#49 C:/Users/User/Downloads/wihsata final/wihsata-combined/wihsata-api/vendor/laravel/framework/src/Illuminate/Foundation/resources/server.php(23): require_once('C://Users//User//D...')
#50 {main}
"} 
[2026-08-19 04:23:14] local.ERROR: SQLSTATE[42P01]: Undefined table: 7 ERROR:  relation "users" does not exist
LINE 1: select * from "users" where "email" = $1 limit 1
                      ^ (Connection: pgsql, SQL: select * from "users" where "email" = nucaaeon@gmail.com limit 1) {"exception":"[object] (Illuminate\\Database\\QueryException(code: 42P01): SQLSTATE[42P01]: Undefined table: 7 ERROR:  relation \"users\" does not exist
LINE 1: select * from \"users\" where \"email\" = $1 limit 1
                      ^ (Connection: pgsql, SQL: select * from \"users\" where \"email\" = nucaaeon@gmail.com limit 1) at C:/Users/User/Downloads/wihsata final/wihsata-combined/wihsata-api/vendor/laravel/framework/src/Illuminate/Database/Connection.php:825)
[stacktrace]
#0 C:/Users/User/Downloads/wihsata final/wihsata-combined/wihsata-api/vendor/laravel/framework/src/Illuminate/Database/Connection.php(779): Illuminate/Database/Connection->runQueryCallback('select * from \"...', Array, Object(Closure))
#1 C:/Users/User/Downloads/wihsata final/wihsata-combined/wihsata-api/vendor/laravel/framework/src/Illuminate/Database/Connection.php(398): Illuminate/Database/Connection->run('select * from \"...', Array, Object(Closure))
#2 C:/Users/User/Downloads/wihsata final/wihsata-combined/wihsata-api/vendor/laravel/framework/src/Illuminate/Database/Query/Builder.php(3106): Illuminate/Database/Connection->select('select * from \"...', Array, true)
#3 C:/Users/User/Downloads/wihsata final/wihsata-combined/wihsata-api/vendor/laravel/framework/src/Illuminate/Database/Query/Builder.php(3091): Illuminate/Database/Query/Builder->runSelect()
#4 C:/Users/User/Downloads/wihsata final/wihsata-combined/wihsata-api/vendor/laravel/framework/src/Illuminate/Database/Query/Builder.php(3676): Illuminate/Database/Query/Builder->Illuminate/Database/Query/{closure}()
#5 C:/Users/User/Downloads/wihsata final/wihsata-combined/wihsata-api/vendor/laravel/framework/src/Illuminate/Database/Query/Builder.php(3090): Illuminate/Database/Query/Builder->onceWithColumns(Array, Object(Closure))
#6 C:/Users/User/Downloads/wihsata final/wihsata-combined/wihsata-api/vendor/laravel/framework/src/Illuminate/Database/Eloquent/Builder.php(811): Illuminate/Database/Query/Builder->get(Array)
#7 C:/Users/User/Downloads/wihsata final/wihsata-combined/wihsata-api/vendor/laravel/framework/src/Illuminate/Database/Eloquent/Builder.php(793): Illuminate/Database/Eloquent/Builder->getModels(Array)
#8 C:/Users/User/Downloads/wihsata final/wihsata-combined/wihsata-api/vendor/laravel/framework/src/Illuminate/Database/Concerns/BuildsQueries.php(343): Illuminate/Database/Eloquent/Builder->get(Array)
#9 C:/Users/User/Downloads/wihsata final/wihsata-combined/wihsata-api/app/Http/Controllers/Auth/LoginController.php(31): Illuminate/Database/Eloquent/Builder->first()
#10 C:/Users/User/Downloads/wihsata final/wihsata-combined/wihsata-api/vendor/laravel/framework/src/Illuminate/Routing/ControllerDispatcher.php(47): App/Http/Controllers/Auth/LoginController->__invoke(Object(App/Http/Requests/Auth/LoginRequest))
#11 C:/Users/User/Downloads/wihsata final/wihsata-combined/wihsata-api/vendor/laravel/framework/src/Illuminate/Routing/Route.php(266): Illuminate/Routing/ControllerDispatcher->dispatch(Object(Illuminate/Routing/Route), Object(App/Http/Controllers/Auth/LoginController), '__invoke')
#12 C:/Users/User/Downloads/wihsata final/wihsata-combined/wihsata-api/vendor/laravel/framework/src/Illuminate/Routing/Route.php(212): Illuminate/Routing/Route->runController()
#13 C:/Users/User/Downloads/wihsata final/wihsata-combined/wihsata-api/vendor/laravel/framework/src/Illuminate/Routing/Router.php(808): Illuminate/Routing/Route->run()
#14 C:/Users/User/Downloads/wihsata final/wihsata-combined/wihsata-api/vendor/laravel/framework/src/Illuminate/Pipeline/Pipeline.php(170): Illuminate/Routing/Router->Illuminate/Routing/{closure}(Object(Illuminate/Http/Request))
#15 C:/Users/User/Downloads/wihsata final/wihsata-combined/wihsata-api/vendor/laravel/framework/src/Illuminate/Routing/Middleware/SubstituteBindings.php(51): Illuminate/Pipeline/Pipeline->Illuminate/Pipeline/{closure}(Object(Illuminate/Http/Request))
#16 C:/Users/User/Downloads/wihsata final/wihsata-combined/wihsata-api/vendor/laravel/framework/src/Illuminate/Pipeline/Pipeline.php(209): Illuminate/Routing/Middleware/SubstituteBindings->handle(Object(Illuminate/Http/Request), Object(Closure))
#17 C:/Users/User/Downloads/wihsata final/wihsata-combined/wihsata-api/vendor/laravel/framework/src/Illuminate/Http/Middleware/HandleCors.php(62): Illuminate/Pipeline/Pipeline->Illuminate/Pipeline/{closure}(Object(Illuminate/Http/Request))
#18 C:/Users/User/Downloads/wihsata final/wihsata-combined/wihsata-api/vendor/laravel/framework/src/Illuminate/Pipeline/Pipeline.php(209): Illuminate/Http/Middleware/HandleCors->handle(Object(Illuminate/Http/Request), Object(Closure))
#19 C:/Users/User/Downloads/wihsata final/wihsata-combined/wihsata-api/vendor/laravel/framework/src/Illuminate/Pipeline/Pipeline.php(127): Illuminate/Pipeline/Pipeline->Illuminate/Pipeline/{closure}(Object(Illuminate/Http/Request))
#20 C:/Users/User/Downloads/wihsata final/wihsata-combined/wihsata-api/vendor/laravel/framework/src/Illuminate/Routing/Router.php(807): Illuminate/Pipeline/Pipeline->then(Object(Closure))
#21 C:/Users/User/Downloads/wihsata final/wihsata-combined/wihsata-api/vendor/laravel/framework/src/Illuminate/Routing/Router.php(786): Illuminate/Routing/Router->runRouteWithinStack(Object(Illuminate/Routing/Route), Object(Illuminate/Http/Request))
#22 C:/Users/User/Downloads/wihsata final/wihsata-combined/wihsata-api/vendor/laravel/framework/src/Illuminate/Routing/Router.php(750): Illuminate/Routing/Router->runRoute(Object(Illuminate/Http/Request), Object(Illuminate/Routing/Route))
#23 C:/Users/User/Downloads/wihsata final/wihsata-combined/wihsata-api/vendor/laravel/framework/src/Illuminate/Routing/Router.php(739): Illuminate/Routing/Router->dispatchToRoute(Object(Illuminate/Http/Request))
#24 C:/Users/User/Downloads/wihsata final/wihsata-combined/wihsata-api/vendor/laravel/framework/src/Illuminate/Foundation/Http/Kernel.php(201): Illuminate/Routing/Router->dispatch(Object(Illuminate/Http/Request))
#25 C:/Users/User/Downloads/wihsata final/wihsata-combined/wihsata-api/vendor/laravel/framework/src/Illuminate/Pipeline/Pipeline.php(170): Illuminate/Foundation/Http/Kernel->Illuminate/Foundation/Http/{closure}(Object(Illuminate/Http/Request))
#26 C:/Users/User/Downloads/wihsata final/wihsata-combined/wihsata-api/vendor/laravel/framework/src/Illuminate/Foundation/Http/Middleware/TransformsRequest.php(21): Illuminate/Pipeline/Pipeline->Illuminate/Pipeline/{closure}(Object(Illuminate/Http/Request))
#27 C:/Users/User/Downloads/wihsata final/wihsata-combined/wihsata-api/vendor/laravel/framework/src/Illuminate/Foundation/Http/Middleware/ConvertEmptyStringsToNull.php(31): Illuminate/Foundation/Http/Middleware/TransformsRequest->handle(Object(Illuminate/Http/Request), Object(Closure))
#28 C:/Users/User/Downloads/wihsata final/wihsata-combined/wihsata-api/vendor/laravel/framework/src/Illuminate/Pipeline/Pipeline.php(209): Illuminate/Foundation/Http/Middleware/ConvertEmptyStringsToNull->handle(Object(Illuminate/Http/Request), Object(Closure))
#29 C:/Users/User/Downloads/wihsata final/wihsata-combined/wihsata-api/vendor/laravel/framework/src/Illuminate/Foundation/Http/Middleware/TransformsRequest.php(21): Illuminate/Pipeline/Pipeline->Illuminate/Pipeline/{closure}(Object(Illuminate/Http/Request))
#30 C:/Users/User/Downloads/wihsata final/wihsata-combined/wihsata-api/vendor/laravel/framework/src/Illuminate/Foundation/Http/Middleware/TrimStrings.php(51): Illuminate/Foundation/Http/Middleware/TransformsRequest->handle(Object(Illuminate/Http/Request), Object(Closure))
#31 C:/Users/User/Downloads/wihsata final/wihsata-combined/wihsata-api/vendor/laravel/framework/src/Illuminate/Pipeline/Pipeline.php(209): Illuminate/Foundation/Http/Middleware/TrimStrings->handle(Object(Illuminate/Http/Request), Object(Closure))
#32 C:/Users/User/Downloads/wihsata final/wihsata-combined/wihsata-api/vendor/laravel/framework/src/Illuminate/Http/Middleware/ValidatePostSize.php(27): Illuminate/Pipeline/Pipeline->Illuminate/Pipeline/{closure}(Object(Illuminate/Http/Request))
#33 C:/Users/User/Downloads/wihsata final/wihsata-combined/wihsata-api/vendor/laravel/framework/src/Illuminate/Pipeline/Pipeline.php(209): Illuminate/Http/Middleware/ValidatePostSize->handle(Object(Illuminate/Http/Request), Object(Closure))
#34 C:/Users/User/Downloads/wihsata final/wihsata-combined/wihsata-api/vendor/laravel/framework/src/Illuminate/Foundation/Http/Middleware/PreventRequestsDuringMaintenance.php(110): Illuminate/Pipeline/Pipeline->Illuminate/Pipeline/{closure}(Object(Illuminate/Http/Request))
#35 C:/Users/User/Downloads/wihsata final/wihsata-combined/wihsata-api/vendor/laravel/framework/src/Illuminate/Pipeline/Pipeline.php(209): Illuminate/Foundation/Http/Middleware/PreventRequestsDuringMaintenance->handle(Object(Illuminate/Http/Request), Object(Closure))
#36 C:/Users/User/Downloads/wihsata final/wihsata-combined/wihsata-api/vendor/laravel/framework/src/Illuminate/Http/Middleware/HandleCors.php(62): Illuminate/Pipeline/Pipeline->Illuminate/Pipeline/{closure}(Object(Illuminate/Http/Request))
#37 C:/Users/User/Downloads/wihsata final/wihsata-combined/wihsata-api/vendor/laravel/framework/src/Illuminate/Pipeline/Pipeline.php(209): Illuminate/Http/Middleware/HandleCors->handle(Object(Illuminate/Http/Request), Object(Closure))
#38 C:/Users/User/Downloads/wihsata final/wihsata-combined/wihsata-api/vendor/laravel/framework/src/Illuminate/Http/Middleware/TrustProxies.php(58): Illuminate/Pipeline/Pipeline->Illuminate/Pipeline/{closure}(Object(Illuminate/Http/Request))
#39 C:/Users/User/Downloads/wihsata final/wihsata-combined/wihsata-api/vendor/laravel/framework/src/Illuminate/Pipeline/Pipeline.php(209): Illuminate/Http/Middleware/TrustProxies->handle(Object(Illuminate/Http/Request), Object(Closure))
#40 C:/Users/User/Downloads/wihsata final/wihsata-combined/wihsata-api/vendor/laravel/framework/src/Illuminate/Foundation/Http/Middleware/InvokeDeferredCallbacks.php(22): Illuminate/Pipeline/Pipeline->Illuminate/Pipeline/{closure}(Object(Illuminate/Http/Request))
#41 C:/Users/User/Downloads/wihsata final/wihsata-combined/wihsata-api/vendor/laravel/framework/src/Illuminate/Pipeline/Pipeline.php(209): Illuminate/Foundation/Http/Middleware/InvokeDeferredCallbacks->handle(Object(Illuminate/Http/Request), Object(Closure))
#42 C:/Users/User/Downloads/wihsata final/wihsata-combined/wihsata-api/vendor/laravel/framework/src/Illuminate/Pipeline/Pipeline.php(127): Illuminate/Pipeline/Pipeline->Illuminate/Pipeline/{closure}(Object(Illuminate/Http/Request))
#43 C:/Users/User/Downloads/wihsata final/wihsata-combined/wihsata-api/vendor/laravel/framework/src/Illuminate/Foundation/Http/Kernel.php(176): Illuminate/Pipeline/Pipeline->then(Object(Closure))
#44 C:/Users/User/Downloads/wihsata final/wihsata-combined/wihsata-api/vendor/laravel/framework/src/Illuminate/Foundation/Http/Kernel.php(145): Illuminate/Foundation/Http/Kernel->sendRequestThroughRouter(Object(Illuminate/Http/Request))
#45 C:/Users/User/Downloads/wihsata final/wihsata-combined/wihsata-api/vendor/laravel/framework/src/Illuminate/Foundation/Application.php(1220): Illuminate/Foundation/Http/Kernel->handle(Object(Illuminate/Http/Request))
#46 C:/Users/User/Downloads/wihsata final/wihsata-combined/wihsata-api/public/index.php(17): Illuminate/Foundation/Application->handleRequest(Object(Illuminate/Http/Request))
#47 C:/Users/User/Downloads/wihsata final/wihsata-combined/wihsata-api/vendor/laravel/framework/src/Illuminate/Foundation/resources/server.php(23): require_once('C://Users//User//D...')
#48 {main}

[previous exception] [object] (PDOException(code: 42P01): SQLSTATE[42P01]: Undefined table: 7 ERROR:  relation \"users\" does not exist
LINE 1: select * from \"users\" where \"email\" = $1 limit 1
                      ^ at C:/Users/User/Downloads/wihsata final/wihsata-combined/wihsata-api/vendor/laravel/framework/src/Illuminate/Database/Connection.php:412)
[stacktrace]
#0 C:/Users/User/Downloads/wihsata final/wihsata-combined/wihsata-api/vendor/laravel/framework/src/Illuminate/Database/Connection.php(412): PDOStatement->execute()
#1 C:/Users/User/Downloads/wihsata final/wihsata-combined/wihsata-api/vendor/laravel/framework/src/Illuminate/Database/Connection.php(812): Illuminate/Database/Connection->Illuminate/Database/{closure}('select * from \"...', Array)
#2 C:/Users/User/Downloads/wihsata final/wihsata-combined/wihsata-api/vendor/laravel/framework/src/Illuminate/Database/Connection.php(779): Illuminate/Database/Connection->runQueryCallback('select * from \"...', Array, Object(Closure))
#3 C:/Users/User/Downloads/wihsata final/wihsata-combined/wihsata-api/vendor/laravel/framework/src/Illuminate/Database/Connection.php(398): Illuminate/Database/Connection->run('select * from \"...', Array, Object(Closure))
#4 C:/Users/User/Downloads/wihsata final/wihsata-combined/wihsata-api/vendor/laravel/framework/src/Illuminate/Database/Query/Builder.php(3106): Illuminate/Database/Connection->select('select * from \"...', Array, true)
#5 C:/Users/User/Downloads/wihsata final/wihsata-combined/wihsata-api/vendor/laravel/framework/src/Illuminate/Database/Query/Builder.php(3091): Illuminate/Database/Query/Builder->runSelect()
#6 C:/Users/User/Downloads/wihsata final/wihsata-combined/wihsata-api/vendor/laravel/framework/src/Illuminate/Database/Query/Builder.php(3676): Illuminate/Database/Query/Builder->Illuminate/Database/Query/{closure}()
#7 C:/Users/User/Downloads/wihsata final/wihsata-combined/wihsata-api/vendor/laravel/framework/src/Illuminate/Database/Query/Builder.php(3090): Illuminate/Database/Query/Builder->onceWithColumns(Array, Object(Closure))
#8 C:/Users/User/Downloads/wihsata final/wihsata-combined/wihsata-api/vendor/laravel/framework/src/Illuminate/Database/Eloquent/Builder.php(811): Illuminate/Database/Query/Builder->get(Array)
#9 C:/Users/User/Downloads/wihsata final/wihsata-combined/wihsata-api/vendor/laravel/framework/src/Illuminate/Database/Eloquent/Builder.php(793): Illuminate/Database/Eloquent/Builder->getModels(Array)
#10 C:/Users/User/Downloads/wihsata final/wihsata-combined/wihsata-api/vendor/laravel/framework/src/Illuminate/Database/Concerns/BuildsQueries.php(343): Illuminate/Database/Eloquent/Builder->get(Array)
#11 C:/Users/User/Downloads/wihsata final/wihsata-combined/wihsata-api/app/Http/Controllers/Auth/LoginController.php(31): Illuminate/Database/Eloquent/Builder->first()
#12 C:/Users/User/Downloads/wihsata final/wihsata-combined/wihsata-api/vendor/laravel/framework/src/Illuminate/Routing/ControllerDispatcher.php(47): App/Http/Controllers/Auth/LoginController->__invoke(Object(App/Http/Requests/Auth/LoginRequest))
#13 C:/Users/User/Downloads/wihsata final/wihsata-combined/wihsata-api/vendor/laravel/framework/src/Illuminate/Routing/Route.php(266): Illuminate/Routing/ControllerDispatcher->dispatch(Object(Illuminate/Routing/Route), Object(App/Http/Controllers/Auth/LoginController), '__invoke')
#14 C:/Users/User/Downloads/wihsata final/wihsata-combined/wihsata-api/vendor/laravel/framework/src/Illuminate/Routing/Route.php(212): Illuminate/Routing/Route->runController()
#15 C:/Users/User/Downloads/wihsata final/wihsata-combined/wihsata-api/vendor/laravel/framework/src/Illuminate/Routing/Router.php(808): Illuminate/Routing/Route->run()
#16 C:/Users/User/Downloads/wihsata final/wihsata-combined/wihsata-api/vendor/laravel/framework/src/Illuminate/Pipeline/Pipeline.php(170): Illuminate/Routing/Router->Illuminate/Routing/{closure}(Object(Illuminate/Http/Request))
#17 C:/Users/User/Downloads/wihsata final/wihsata-combined/wihsata-api/vendor/laravel/framework/src/Illuminate/Routing/Middleware/SubstituteBindings.php(51): Illuminate/Pipeline/Pipeline->Illuminate/Pipeline/{closure}(Object(Illuminate/Http/Request))
#18 C:/Users/User/Downloads/wihsata final/wihsata-combined/wihsata-api/vendor/laravel/framework/src/Illuminate/Pipeline/Pipeline.php(209): Illuminate/Routing/Middleware/SubstituteBindings->handle(Object(Illuminate/Http/Request), Object(Closure))
#19 C:/Users/User/Downloads/wihsata final/wihsata-combined/wihsata-api/vendor/laravel/framework/src/Illuminate/Http/Middleware/HandleCors.php(62): Illuminate/Pipeline/Pipeline->Illuminate/Pipeline/{closure}(Object(Illuminate/Http/Request))
#20 C:/Users/User/Downloads/wihsata final/wihsata-combined/wihsata-api/vendor/laravel/framework/src/Illuminate/Pipeline/Pipeline.php(209): Illuminate/Http/Middleware/HandleCors->handle(Object(Illuminate/Http/Request), Object(Closure))
#21 C:/Users/User/Downloads/wihsata final/wihsata-combined/wihsata-api/vendor/laravel/framework/src/Illuminate/Pipeline/Pipeline.php(127): Illuminate/Pipeline/Pipeline->Illuminate/Pipeline/{closure}(Object(Illuminate/Http/Request))
#22 C:/Users/User/Downloads/wihsata final/wihsata-combined/wihsata-api/vendor/laravel/framework/src/Illuminate/Routing/Router.php(807): Illuminate/Pipeline/Pipeline->then(Object(Closure))
#23 C:/Users/User/Downloads/wihsata final/wihsata-combined/wihsata-api/vendor/laravel/framework/src/Illuminate/Routing/Router.php(786): Illuminate/Routing/Router->runRouteWithinStack(Object(Illuminate/Routing/Route), Object(Illuminate/Http/Request))
#24 C:/Users/User/Downloads/wihsata final/wihsata-combined/wihsata-api/vendor/laravel/framework/src/Illuminate/Routing/Router.php(750): Illuminate/Routing/Router->runRoute(Object(Illuminate/Http/Request), Object(Illuminate/Routing/Route))
#25 C:/Users/User/Downloads/wihsata final/wihsata-combined/wihsata-api/vendor/laravel/framework/src/Illuminate/Routing/Router.php(739): Illuminate/Routing/Router->dispatchToRoute(Object(Illuminate/Http/Request))
#26 C:/Users/User/Downloads/wihsata final/wihsata-combined/wihsata-api/vendor/laravel/framework/src/Illuminate/Foundation/Http/Kernel.php(201): Illuminate/Routing/Router->dispatch(Object(Illuminate/Http/Request))
#27 C:/Users/User/Downloads/wihsata final/wihsata-combined/wihsata-api/vendor/laravel/framework/src/Illuminate/Pipeline/Pipeline.php(170): Illuminate/Foundation/Http/Kernel->Illuminate/Foundation/Http/{closure}(Object(Illuminate/Http/Request))
#28 C:/Users/User/Downloads/wihsata final/wihsata-combined/wihsata-api/vendor/laravel/framework/src/Illuminate/Foundation/Http/Middleware/TransformsRequest.php(21): Illuminate/Pipeline/Pipeline->Illuminate/Pipeline/{closure}(Object(Illuminate/Http/Request))
#29 C:/Users/User/Downloads/wihsata final/wihsata-combined/wihsata-api/vendor/laravel/framework/src/Illuminate/Foundation/Http/Middleware/ConvertEmptyStringsToNull.php(31): Illuminate/Foundation/Http/Middleware/TransformsRequest->handle(Object(Illuminate/Http/Request), Object(Closure))
#30 C:/Users/User/Downloads/wihsata final/wihsata-combined/wihsata-api/vendor/laravel/framework/src/Illuminate/Pipeline/Pipeline.php(209): Illuminate/Foundation/Http/Middleware/ConvertEmptyStringsToNull->handle(Object(Illuminate/Http/Request), Object(Closure))
#31 C:/Users/User/Downloads/wihsata final/wihsata-combined/wihsata-api/vendor/laravel/framework/src/Illuminate/Foundation/Http/Middleware/TransformsRequest.php(21): Illuminate/Pipeline/Pipeline->Illuminate/Pipeline/{closure}(Object(Illuminate/Http/Request))
#32 C:/Users/User/Downloads/wihsata final/wihsata-combined/wihsata-api/vendor/laravel/framework/src/Illuminate/Foundation/Http/Middleware/TrimStrings.php(51): Illuminate/Foundation/Http/Middleware/TransformsRequest->handle(Object(Illuminate/Http/Request), Object(Closure))
#33 C:/Users/User/Downloads/wihsata final/wihsata-combined/wihsata-api/vendor/laravel/framework/src/Illuminate/Pipeline/Pipeline.php(209): Illuminate/Foundation/Http/Middleware/TrimStrings->handle(Object(Illuminate/Http/Request), Object(Closure))
#34 C:/Users/User/Downloads/wihsata final/wihsata-combined/wihsata-api/vendor/laravel/framework/src/Illuminate/Http/Middleware/ValidatePostSize.php(27): Illuminate/Pipeline/Pipeline->Illuminate/Pipeline/{closure}(Object(Illuminate/Http/Request))
#35 C:/Users/User/Downloads/wihsata final/wihsata-combined/wihsata-api/vendor/laravel/framework/src/Illuminate/Pipeline/Pipeline.php(209): Illuminate/Http/Middleware/ValidatePostSize->handle(Object(Illuminate/Http/Request), Object(Closure))
#36 C:/Users/User/Downloads/wihsata final/wihsata-combined/wihsata-api/vendor/laravel/framework/src/Illuminate/Foundation/Http/Middleware/PreventRequestsDuringMaintenance.php(110): Illuminate/Pipeline/Pipeline->Illuminate/Pipeline/{closure}(Object(Illuminate/Http/Request))
#37 C:/Users/User/Downloads/wihsata final/wihsata-combined/wihsata-api/vendor/laravel/framework/src/Illuminate/Pipeline/Pipeline.php(209): Illuminate/Foundation/Http/Middleware/PreventRequestsDuringMaintenance->handle(Object(Illuminate/Http/Request), Object(Closure))
#38 C:/Users/User/Downloads/wihsata final/wihsata-combined/wihsata-api/vendor/laravel/framework/src/Illuminate/Http/Middleware/HandleCors.php(62): Illuminate/Pipeline/Pipeline->Illuminate/Pipeline/{closure}(Object(Illuminate/Http/Request))
#39 C:/Users/User/Downloads/wihsata final/wihsata-combined/wihsata-api/vendor/laravel/framework/src/Illuminate/Pipeline/Pipeline.php(209): Illuminate/Http/Middleware/HandleCors->handle(Object(Illuminate/Http/Request), Object(Closure))
#40 C:/Users/User/Downloads/wihsata final/wihsata-combined/wihsata-api/vendor/laravel/framework/src/Illuminate/Http/Middleware/TrustProxies.php(58): Illuminate/Pipeline/Pipeline->Illuminate/Pipeline/{closure}(Object(Illuminate/Http/Request))
#41 C:/Users/User/Downloads/wihsata final/wihsata-combined/wihsata-api/vendor/laravel/framework/src/Illuminate/Pipeline/Pipeline.php(209): Illuminate/Http/Middleware/TrustProxies->handle(Object(Illuminate/Http/Request), Object(Closure))
#42 C:/Users/User/Downloads/wihsata final/wihsata-combined/wihsata-api/vendor/laravel/framework/src/Illuminate/Foundation/Http/Middleware/InvokeDeferredCallbacks.php(22): Illuminate/Pipeline/Pipeline->Illuminate/Pipeline/{closure}(Object(Illuminate/Http/Request))
#43 C:/Users/User/Downloads/wihsata final/wihsata-combined/wihsata-api/vendor/laravel/framework/src/Illuminate/Pipeline/Pipeline.php(209): Illuminate/Foundation/Http/Middleware/InvokeDeferredCallbacks->handle(Object(Illuminate/Http/Request), Object(Closure))
#44 C:/Users/User/Downloads/wihsata final/wihsata-combined/wihsata-api/vendor/laravel/framework/src/Illuminate/Pipeline/Pipeline.php(127): Illuminate/Pipeline/Pipeline->Illuminate/Pipeline/{closure}(Object(Illuminate/Http/Request))
#45 C:/Users/User/Downloads/wihsata final/wihsata-combined/wihsata-api/vendor/laravel/framework/src/Illuminate/Foundation/Http/Kernel.php(176): Illuminate/Pipeline/Pipeline->then(Object(Closure))
#46 C:/Users/User/Downloads/wihsata final/wihsata-combined/wihsata-api/vendor/laravel/framework/src/Illuminate/Foundation/Http/Kernel.php(145): Illuminate/Foundation/Http/Kernel->sendRequestThroughRouter(Object(Illuminate/Http/Request))
#47 C:/Users/User/Downloads/wihsata final/wihsata-combined/wihsata-api/vendor/laravel/framework/src/Illuminate/Foundation/Application.php(1220): Illuminate/Foundation/Http/Kernel->handle(Object(Illuminate/Http/Request))
#48 C:/Users/User/Downloads/wihsata final/wihsata-combined/wihsata-api/public/index.php(17): Illuminate/Foundation/Application->handleRequest(Object(Illuminate/Http/Request))
#49 C:/Users/User/Downloads/wihsata final/wihsata-combined/wihsata-api/vendor/laravel/framework/src/Illuminate/Foundation/resources/server.php(23): require_once('C://Users//User//D...')
#50 {main}
"} 
[2026-08-19 04:23:21] local.ERROR: SQLSTATE[42P01]: Undefined table: 7 ERROR:  relation "personal_access_tokens" does not exist
LINE 1: select * from "personal_access_tokens" where "personal_acces...
                      ^ (Connection: pgsql, SQL: select * from "personal_access_tokens" where "personal_access_tokens"."id" = 6 limit 1) {"exception":"[object] (Illuminate\\Database\\QueryException(code: 42P01): SQLSTATE[42P01]: Undefined table: 7 ERROR:  relation \"personal_access_tokens\" does not exist
LINE 1: select * from \"personal_access_tokens\" where \"personal_acces...
                      ^ (Connection: pgsql, SQL: select * from \"personal_access_tokens\" where \"personal_access_tokens\".\"id\" = 6 limit 1) at C:/Users/User/Downloads/wihsata final/wihsata-combined/wihsata-api/vendor/laravel/framework/src/Illuminate/Database/Connection.php:825)
[stacktrace]
#0 C:/Users/User/Downloads/wihsata final/wihsata-combined/wihsata-api/vendor/laravel/framework/src/Illuminate/Database/Connection.php(779): Illuminate/Database/Connection->runQueryCallback('select * from \"...', Array, Object(Closure))
#1 C:/Users/User/Downloads/wihsata final/wihsata-combined/wihsata-api/vendor/laravel/framework/src/Illuminate/Database/Connection.php(398): Illuminate/Database/Connection->run('select * from \"...', Array, Object(Closure))
#2 C:/Users/User/Downloads/wihsata final/wihsata-combined/wihsata-api/vendor/laravel/framework/src/Illuminate/Database/Query/Builder.php(3106): Illuminate/Database/Connection->select('select * from \"...', Array, true)
#3 C:/Users/User/Downloads/wihsata final/wihsata-combined/wihsata-api/vendor/laravel/framework/src/Illuminate/Database/Query/Builder.php(3091): Illuminate/Database/Query/Builder->runSelect()
#4 C:/Users/User/Downloads/wihsata final/wihsata-combined/wihsata-api/vendor/laravel/framework/src/Illuminate/Database/Query/Builder.php(3676): Illuminate/Database/Query/Builder->Illuminate/Database/Query/{closure}()
#5 C:/Users/User/Downloads/wihsata final/wihsata-combined/wihsata-api/vendor/laravel/framework/src/Illuminate/Database/Query/Builder.php(3090): Illuminate/Database/Query/Builder->onceWithColumns(Array, Object(Closure))
#6 C:/Users/User/Downloads/wihsata final/wihsata-combined/wihsata-api/vendor/laravel/framework/src/Illuminate/Database/Eloquent/Builder.php(811): Illuminate/Database/Query/Builder->get(Array)
#7 C:/Users/User/Downloads/wihsata final/wihsata-combined/wihsata-api/vendor/laravel/framework/src/Illuminate/Database/Eloquent/Builder.php(793): Illuminate/Database/Eloquent/Builder->getModels(Array)
#8 C:/Users/User/Downloads/wihsata final/wihsata-combined/wihsata-api/vendor/laravel/framework/src/Illuminate/Database/Concerns/BuildsQueries.php(343): Illuminate/Database/Eloquent/Builder->get(Array)
#9 C:/Users/User/Downloads/wihsata final/wihsata-combined/wihsata-api/vendor/laravel/framework/src/Illuminate/Database/Eloquent/Builder.php(477): Illuminate/Database/Eloquent/Builder->first(Array)
#10 C:/Users/User/Downloads/wihsata final/wihsata-combined/wihsata-api/vendor/laravel/framework/src/Illuminate/Support/Traits/ForwardsCalls.php(23): Illuminate/Database/Eloquent/Builder->find('6')
#11 C:/Users/User/Downloads/wihsata final/wihsata-combined/wihsata-api/vendor/laravel/framework/src/Illuminate/Database/Eloquent/Model.php(2372): Illuminate/Database/Eloquent/Model->forwardCallTo(Object(Illuminate/Database/Eloquent/Builder), 'find', Array)
#12 C:/Users/User/Downloads/wihsata final/wihsata-combined/wihsata-api/vendor/laravel/framework/src/Illuminate/Database/Eloquent/Model.php(2384): Illuminate/Database/Eloquent/Model->__call('find', Array)
#13 C:/Users/User/Downloads/wihsata final/wihsata-combined/wihsata-api/vendor/laravel/sanctum/src/PersonalAccessToken.php(66): Illuminate/Database/Eloquent/Model::__callStatic('find', Array)
#14 C:/Users/User/Downloads/wihsata final/wihsata-combined/wihsata-api/vendor/laravel/sanctum/src/Guard.php(43): Laravel/Sanctum/PersonalAccessToken::findToken('nlhIafNlpkVQoUf...')
#15 [internal function]: Laravel/Sanctum/Guard->__invoke(Object(Illuminate/Http/Request), Object(Illuminate/Auth/EloquentUserProvider))
#16 C:/Users/User/Downloads/wihsata final/wihsata-combined/wihsata-api/vendor/laravel/framework/src/Illuminate/Auth/RequestGuard.php(57): call_user_func(Object(Laravel/Sanctum/Guard), Object(Illuminate/Http/Request), Object(Illuminate/Auth/EloquentUserProvider))
#17 C:/Users/User/Downloads/wihsata final/wihsata-combined/wihsata-api/vendor/laravel/framework/src/Illuminate/Auth/GuardHelpers.php(56): Illuminate/Auth/RequestGuard->user()
#18 C:/Users/User/Downloads/wihsata final/wihsata-combined/wihsata-api/vendor/laravel/framework/src/Illuminate/Auth/Middleware/Authenticate.php(83): Illuminate/Auth/RequestGuard->check()
#19 C:/Users/User/Downloads/wihsata final/wihsata-combined/wihsata-api/vendor/laravel/framework/src/Illuminate/Auth/Middleware/Authenticate.php(62): Illuminate/Auth/Middleware/Authenticate->authenticate(Object(Illuminate/Http/Request), Array)
#20 C:/Users/User/Downloads/wihsata final/wihsata-combined/wihsata-api/vendor/laravel/framework/src/Illuminate/Pipeline/Pipeline.php(209): Illuminate/Auth/Middleware/Authenticate->handle(Object(Illuminate/Http/Request), Object(Closure), 'sanctum')
#21 C:/Users/User/Downloads/wihsata final/wihsata-combined/wihsata-api/vendor/laravel/framework/src/Illuminate/Http/Middleware/HandleCors.php(62): Illuminate/Pipeline/Pipeline->Illuminate/Pipeline/{closure}(Object(Illuminate/Http/Request))
#22 C:/Users/User/Downloads/wihsata final/wihsata-combined/wihsata-api/vendor/laravel/framework/src/Illuminate/Pipeline/Pipeline.php(209): Illuminate/Http/Middleware/HandleCors->handle(Object(Illuminate/Http/Request), Object(Closure))
#23 C:/Users/User/Downloads/wihsata final/wihsata-combined/wihsata-api/vendor/laravel/framework/src/Illuminate/Pipeline/Pipeline.php(127): Illuminate/Pipeline/Pipeline->Illuminate/Pipeline/{closure}(Object(Illuminate/Http/Request))
#24 C:/Users/User/Downloads/wihsata final/wihsata-combined/wihsata-api/vendor/laravel/framework/src/Illuminate/Routing/Router.php(807): Illuminate/Pipeline/Pipeline->then(Object(Closure))
#25 C:/Users/User/Downloads/wihsata final/wihsata-combined/wihsata-api/vendor/laravel/framework/src/Illuminate/Routing/Router.php(786): Illuminate/Routing/Router->runRouteWithinStack(Object(Illuminate/Routing/Route), Object(Illuminate/Http/Request))
#26 C:/Users/User/Downloads/wihsata final/wihsata-combined/wihsata-api/vendor/laravel/framework/src/Illuminate/Routing/Router.php(750): Illuminate/Routing/Router->runRoute(Object(Illuminate/Http/Request), Object(Illuminate/Routing/Route))
#27 C:/Users/User/Downloads/wihsata final/wihsata-combined/wihsata-api/vendor/laravel/framework/src/Illuminate/Routing/Router.php(739): Illuminate/Routing/Router->dispatchToRoute(Object(Illuminate/Http/Request))
#28 C:/Users/User/Downloads/wihsata final/wihsata-combined/wihsata-api/vendor/laravel/framework/src/Illuminate/Foundation/Http/Kernel.php(201): Illuminate/Routing/Router->dispatch(Object(Illuminate/Http/Request))
#29 C:/Users/User/Downloads/wihsata final/wihsata-combined/wihsata-api/vendor/laravel/framework/src/Illuminate/Pipeline/Pipeline.php(170): Illuminate/Foundation/Http/Kernel->Illuminate/Foundation/Http/{closure}(Object(Illuminate/Http/Request))
#30 C:/Users/User/Downloads/wihsata final/wihsata-combined/wihsata-api/vendor/laravel/framework/src/Illuminate/Foundation/Http/Middleware/TransformsRequest.php(21): Illuminate/Pipeline/Pipeline->Illuminate/Pipeline/{closure}(Object(Illuminate/Http/Request))
#31 C:/Users/User/Downloads/wihsata final/wihsata-combined/wihsata-api/vendor/laravel/framework/src/Illuminate/Foundation/Http/Middleware/ConvertEmptyStringsToNull.php(31): Illuminate/Foundation/Http/Middleware/TransformsRequest->handle(Object(Illuminate/Http/Request), Object(Closure))
#32 C:/Users/User/Downloads/wihsata final/wihsata-combined/wihsata-api/vendor/laravel/framework/src/Illuminate/Pipeline/Pipeline.php(209): Illuminate/Foundation/Http/Middleware/ConvertEmptyStringsToNull->handle(Object(Illuminate/Http/Request), Object(Closure))
#33 C:/Users/User/Downloads/wihsata final/wihsata-combined/wihsata-api/vendor/laravel/framework/src/Illuminate/Foundation/Http/Middleware/TransformsRequest.php(21): Illuminate/Pipeline/Pipeline->Illuminate/Pipeline/{closure}(Object(Illuminate/Http/Request))
#34 C:/Users/User/Downloads/wihsata final/wihsata-combined/wihsata-api/vendor/laravel/framework/src/Illuminate/Foundation/Http/Middleware/TrimStrings.php(51): Illuminate/Foundation/Http/Middleware/TransformsRequest->handle(Object(Illuminate/Http/Request), Object(Closure))
#35 C:/Users/User/Downloads/wihsata final/wihsata-combined/wihsata-api/vendor/laravel/framework/src/Illuminate/Pipeline/Pipeline.php(209): Illuminate/Foundation/Http/Middleware/TrimStrings->handle(Object(Illuminate/Http/Request), Object(Closure))
#36 C:/Users/User/Downloads/wihsata final/wihsata-combined/wihsata-api/vendor/laravel/framework/src/Illuminate/Http/Middleware/ValidatePostSize.php(27): Illuminate/Pipeline/Pipeline->Illuminate/Pipeline/{closure}(Object(Illuminate/Http/Request))
#37 C:/Users/User/Downloads/wihsata final/wihsata-combined/wihsata-api/vendor/laravel/framework/src/Illuminate/Pipeline/Pipeline.php(209): Illuminate/Http/Middleware/ValidatePostSize->handle(Object(Illuminate/Http/Request), Object(Closure))
#38 C:/Users/User/Downloads/wihsata final/wihsata-combined/wihsata-api/vendor/laravel/framework/src/Illuminate/Foundation/Http/Middleware/PreventRequestsDuringMaintenance.php(110): Illuminate/Pipeline/Pipeline->Illuminate/Pipeline/{closure}(Object(Illuminate/Http/Request))
#39 C:/Users/User/Downloads/wihsata final/wihsata-combined/wihsata-api/vendor/laravel/framework/src/Illuminate/Pipeline/Pipeline.php(209): Illuminate/Foundation/Http/Middleware/PreventRequestsDuringMaintenance->handle(Object(Illuminate/Http/Request), Object(Closure))
#40 C:/Users/User/Downloads/wihsata final/wihsata-combined/wihsata-api/vendor/laravel/framework/src/Illuminate/Http/Middleware/HandleCors.php(62): Illuminate/Pipeline/Pipeline->Illuminate/Pipeline/{closure}(Object(Illuminate/Http/Request))
#41 C:/Users/User/Downloads/wihsata final/wihsata-combined/wihsata-api/vendor/laravel/framework/src/Illuminate/Pipeline/Pipeline.php(209): Illuminate/Http/Middleware/HandleCors->handle(Object(Illuminate/Http/Request), Object(Closure))
#42 C:/Users/User/Downloads/wihsata final/wihsata-combined/wihsata-api/vendor/laravel/framework/src/Illuminate/Http/Middleware/TrustProxies.php(58): Illuminate/Pipeline/Pipeline->Illuminate/Pipeline/{closure}(Object(Illuminate/Http/Request))
#43 C:/Users/User/Downloads/wihsata final/wihsata-combined/wihsata-api/vendor/laravel/framework/src/Illuminate/Pipeline/Pipeline.php(209): Illuminate/Http/Middleware/TrustProxies->handle(Object(Illuminate/Http/Request), Object(Closure))
#44 C:/Users/User/Downloads/wihsata final/wihsata-combined/wihsata-api/vendor/laravel/framework/src/Illuminate/Foundation/Http/Middleware/InvokeDeferredCallbacks.php(22): Illuminate/Pipeline/Pipeline->Illuminate/Pipeline/{closure}(Object(Illuminate/Http/Request))
#45 C:/Users/User/Downloads/wihsata final/wihsata-combined/wihsata-api/vendor/laravel/framework/src/Illuminate/Pipeline/Pipeline.php(209): Illuminate/Foundation/Http/Middleware/InvokeDeferredCallbacks->handle(Object(Illuminate/Http/Request), Object(Closure))
#46 C:/Users/User/Downloads/wihsata final/wihsata-combined/wihsata-api/vendor/laravel/framework/src/Illuminate/Pipeline/Pipeline.php(127): Illuminate/Pipeline/Pipeline->Illuminate/Pipeline/{closure}(Object(Illuminate/Http/Request))
#47 C:/Users/User/Downloads/wihsata final/wihsata-combined/wihsata-api/vendor/laravel/framework/src/Illuminate/Foundation/Http/Kernel.php(176): Illuminate/Pipeline/Pipeline->then(Object(Closure))
#48 C:/Users/User/Downloads/wihsata final/wihsata-combined/wihsata-api/vendor/laravel/framework/src/Illuminate/Foundation/Http/Kernel.php(145): Illuminate/Foundation/Http/Kernel->sendRequestThroughRouter(Object(Illuminate/Http/Request))
#49 C:/Users/User/Downloads/wihsata final/wihsata-combined/wihsata-api/vendor/laravel/framework/src/Illuminate/Foundation/Application.php(1220): Illuminate/Foundation/Http/Kernel->handle(Object(Illuminate/Http/Request))
#50 C:/Users/User/Downloads/wihsata final/wihsata-combined/wihsata-api/public/index.php(17): Illuminate/Foundation/Application->handleRequest(Object(Illuminate/Http/Request))
#51 C:/Users/User/Downloads/wihsata final/wihsata-combined/wihsata-api/vendor/laravel/framework/src/Illuminate/Foundation/resources/server.php(23): require_once('C://Users//User//D...')
#52 {main}

[previous exception] [object] (PDOException(code: 42P01): SQLSTATE[42P01]: Undefined table: 7 ERROR:  relation \"personal_access_tokens\" does not exist
LINE 1: select * from \"personal_access_tokens\" where \"personal_acces...
                      ^ at C:/Users/User/Downloads/wihsata final/wihsata-combined/wihsata-api/vendor/laravel/framework/src/Illuminate/Database/Connection.php:412)
[stacktrace]
#0 C:/Users/User/Downloads/wihsata final/wihsata-combined/wihsata-api/vendor/laravel/framework/src/Illuminate/Database/Connection.php(412): PDOStatement->execute()
#1 C:/Users/User/Downloads/wihsata final/wihsata-combined/wihsata-api/vendor/laravel/framework/src/Illuminate/Database/Connection.php(812): Illuminate/Database/Connection->Illuminate/Database/{closure}('select * from \"...', Array)
#2 C:/Users/User/Downloads/wihsata final/wihsata-combined/wihsata-api/vendor/laravel/framework/src/Illuminate/Database/Connection.php(779): Illuminate/Database/Connection->runQueryCallback('select * from \"...', Array, Object(Closure))
#3 C:/Users/User/Downloads/wihsata final/wihsata-combined/wihsata-api/vendor/laravel/framework/src/Illuminate/Database/Connection.php(398): Illuminate/Database/Connection->run('select * from \"...', Array, Object(Closure))
#4 C:/Users/User/Downloads/wihsata final/wihsata-combined/wihsata-api/vendor/laravel/framework/src/Illuminate/Database/Query/Builder.php(3106): Illuminate/Database/Connection->select('select * from \"...', Array, true)
#5 C:/Users/User/Downloads/wihsata final/wihsata-combined/wihsata-api/vendor/laravel/framework/src/Illuminate/Database/Query/Builder.php(3091): Illuminate/Database/Query/Builder->runSelect()
#6 C:/Users/User/Downloads/wihsata final/wihsata-combined/wihsata-api/vendor/laravel/framework/src/Illuminate/Database/Query/Builder.php(3676): Illuminate/Database/Query/Builder->Illuminate/Database/Query/{closure}()
#7 C:/Users/User/Downloads/wihsata final/wihsata-combined/wihsata-api/vendor/laravel/framework/src/Illuminate/Database/Query/Builder.php(3090): Illuminate/Database/Query/Builder->onceWithColumns(Array, Object(Closure))
#8 C:/Users/User/Downloads/wihsata final/wihsata-combined/wihsata-api/vendor/laravel/framework/src/Illuminate/Database/Eloquent/Builder.php(811): Illuminate/Database/Query/Builder->get(Array)
#9 C:/Users/User/Downloads/wihsata final/wihsata-combined/wihsata-api/vendor/laravel/framework/src/Illuminate/Database/Eloquent/Builder.php(793): Illuminate/Database/Eloquent/Builder->getModels(Array)
#10 C:/Users/User/Downloads/wihsata final/wihsata-combined/wihsata-api/vendor/laravel/framework/src/Illuminate/Database/Concerns/BuildsQueries.php(343): Illuminate/Database/Eloquent/Builder->get(Array)
#11 C:/Users/User/Downloads/wihsata final/wihsata-combined/wihsata-api/vendor/laravel/framework/src/Illuminate/Database/Eloquent/Builder.php(477): Illuminate/Database/Eloquent/Builder->first(Array)
#12 C:/Users/User/Downloads/wihsata final/wihsata-combined/wihsata-api/vendor/laravel/framework/src/Illuminate/Support/Traits/ForwardsCalls.php(23): Illuminate/Database/Eloquent/Builder->find('6')
#13 C:/Users/User/Downloads/wihsata final/wihsata-combined/wihsata-api/vendor/laravel/framework/src/Illuminate/Database/Eloquent/Model.php(2372): Illuminate/Database/Eloquent/Model->forwardCallTo(Object(Illuminate/Database/Eloquent/Builder), 'find', Array)
#14 C:/Users/User/Downloads/wihsata final/wihsata-combined/wihsata-api/vendor/laravel/framework/src/Illuminate/Database/Eloquent/Model.php(2384): Illuminate/Database/Eloquent/Model->__call('find', Array)
#15 C:/Users/User/Downloads/wihsata final/wihsata-combined/wihsata-api/vendor/laravel/sanctum/src/PersonalAccessToken.php(66): Illuminate/Database/Eloquent/Model::__callStatic('find', Array)
#16 C:/Users/User/Downloads/wihsata final/wihsata-combined/wihsata-api/vendor/laravel/sanctum/src/Guard.php(43): Laravel/Sanctum/PersonalAccessToken::findToken('nlhIafNlpkVQoUf...')
#17 [internal function]: Laravel/Sanctum/Guard->__invoke(Object(Illuminate/Http/Request), Object(Illuminate/Auth/EloquentUserProvider))
#18 C:/Users/User/Downloads/wihsata final/wihsata-combined/wihsata-api/vendor/laravel/framework/src/Illuminate/Auth/RequestGuard.php(57): call_user_func(Object(Laravel/Sanctum/Guard), Object(Illuminate/Http/Request), Object(Illuminate/Auth/EloquentUserProvider))
#19 C:/Users/User/Downloads/wihsata final/wihsata-combined/wihsata-api/vendor/laravel/framework/src/Illuminate/Auth/GuardHelpers.php(56): Illuminate/Auth/RequestGuard->user()
#20 C:/Users/User/Downloads/wihsata final/wihsata-combined/wihsata-api/vendor/laravel/framework/src/Illuminate/Auth/Middleware/Authenticate.php(83): Illuminate/Auth/RequestGuard->check()
#21 C:/Users/User/Downloads/wihsata final/wihsata-combined/wihsata-api/vendor/laravel/framework/src/Illuminate/Auth/Middleware/Authenticate.php(62): Illuminate/Auth/Middleware/Authenticate->authenticate(Object(Illuminate/Http/Request), Array)
#22 C:/Users/User/Downloads/wihsata final/wihsata-combined/wihsata-api/vendor/laravel/framework/src/Illuminate/Pipeline/Pipeline.php(209): Illuminate/Auth/Middleware/Authenticate->handle(Object(Illuminate/Http/Request), Object(Closure), 'sanctum')
#23 C:/Users/User/Downloads/wihsata final/wihsata-combined/wihsata-api/vendor/laravel/framework/src/Illuminate/Http/Middleware/HandleCors.php(62): Illuminate/Pipeline/Pipeline->Illuminate/Pipeline/{closure}(Object(Illuminate/Http/Request))
#24 C:/Users/User/Downloads/wihsata final/wihsata-combined/wihsata-api/vendor/laravel/framework/src/Illuminate/Pipeline/Pipeline.php(209): Illuminate/Http/Middleware/HandleCors->handle(Object(Illuminate/Http/Request), Object(Closure))
#25 C:/Users/User/Downloads/wihsata final/wihsata-combined/wihsata-api/vendor/laravel/framework/src/Illuminate/Pipeline/Pipeline.php(127): Illuminate/Pipeline/Pipeline->Illuminate/Pipeline/{closure}(Object(Illuminate/Http/Request))
#26 C:/Users/User/Downloads/wihsata final/wihsata-combined/wihsata-api/vendor/laravel/framework/src/Illuminate/Routing/Router.php(807): Illuminate/Pipeline/Pipeline->then(Object(Closure))
#27 C:/Users/User/Downloads/wihsata final/wihsata-combined/wihsata-api/vendor/laravel/framework/src/Illuminate/Routing/Router.php(786): Illuminate/Routing/Router->runRouteWithinStack(Object(Illuminate/Routing/Route), Object(Illuminate/Http/Request))
#28 C:/Users/User/Downloads/wihsata final/wihsata-combined/wihsata-api/vendor/laravel/framework/src/Illuminate/Routing/Router.php(750): Illuminate/Routing/Router->runRoute(Object(Illuminate/Http/Request), Object(Illuminate/Routing/Route))
#29 C:/Users/User/Downloads/wihsata final/wihsata-combined/wihsata-api/vendor/laravel/framework/src/Illuminate/Routing/Router.php(739): Illuminate/Routing/Router->dispatchToRoute(Object(Illuminate/Http/Request))
#30 C:/Users/User/Downloads/wihsata final/wihsata-combined/wihsata-api/vendor/laravel/framework/src/Illuminate/Foundation/Http/Kernel.php(201): Illuminate/Routing/Router->dispatch(Object(Illuminate/Http/Request))
#31 C:/Users/User/Downloads/wihsata final/wihsata-combined/wihsata-api/vendor/laravel/framework/src/Illuminate/Pipeline/Pipeline.php(170): Illuminate/Foundation/Http/Kernel->Illuminate/Foundation/Http/{closure}(Object(Illuminate/Http/Request))
#32 C:/Users/User/Downloads/wihsata final/wihsata-combined/wihsata-api/vendor/laravel/framework/src/Illuminate/Foundation/Http/Middleware/TransformsRequest.php(21): Illuminate/Pipeline/Pipeline->Illuminate/Pipeline/{closure}(Object(Illuminate/Http/Request))
#33 C:/Users/User/Downloads/wihsata final/wihsata-combined/wihsata-api/vendor/laravel/framework/src/Illuminate/Foundation/Http/Middleware/ConvertEmptyStringsToNull.php(31): Illuminate/Foundation/Http/Middleware/TransformsRequest->handle(Object(Illuminate/Http/Request), Object(Closure))
#34 C:/Users/User/Downloads/wihsata final/wihsata-combined/wihsata-api/vendor/laravel/framework/src/Illuminate/Pipeline/Pipeline.php(209): Illuminate/Foundation/Http/Middleware/ConvertEmptyStringsToNull->handle(Object(Illuminate/Http/Request), Object(Closure))
#35 C:/Users/User/Downloads/wihsata final/wihsata-combined/wihsata-api/vendor/laravel/framework/src/Illuminate/Foundation/Http/Middleware/TransformsRequest.php(21): Illuminate/Pipeline/Pipeline->Illuminate/Pipeline/{closure}(Object(Illuminate/Http/Request))
#36 C:/Users/User/Downloads/wihsata final/wihsata-combined/wihsata-api/vendor/laravel/framework/src/Illuminate/Foundation/Http/Middleware/TrimStrings.php(51): Illuminate/Foundation/Http/Middleware/TransformsRequest->handle(Object(Illuminate/Http/Request), Object(Closure))
#37 C:/Users/User/Downloads/wihsata final/wihsata-combined/wihsata-api/vendor/laravel/framework/src/Illuminate/Pipeline/Pipeline.php(209): Illuminate/Foundation/Http/Middleware/TrimStrings->handle(Object(Illuminate/Http/Request), Object(Closure))
#38 C:/Users/User/Downloads/wihsata final/wihsata-combined/wihsata-api/vendor/laravel/framework/src/Illuminate/Http/Middleware/ValidatePostSize.php(27): Illuminate/Pipeline/Pipeline->Illuminate/Pipeline/{closure}(Object(Illuminate/Http/Request))
#39 C:/Users/User/Downloads/wihsata final/wihsata-combined/wihsata-api/vendor/laravel/framework/src/Illuminate/Pipeline/Pipeline.php(209): Illuminate/Http/Middleware/ValidatePostSize->handle(Object(Illuminate/Http/Request), Object(Closure))
#40 C:/Users/User/Downloads/wihsata final/wihsata-combined/wihsata-api/vendor/laravel/framework/src/Illuminate/Foundation/Http/Middleware/PreventRequestsDuringMaintenance.php(110): Illuminate/Pipeline/Pipeline->Illuminate/Pipeline/{closure}(Object(Illuminate/Http/Request))
#41 C:/Users/User/Downloads/wihsata final/wihsata-combined/wihsata-api/vendor/laravel/framework/src/Illuminate/Pipeline/Pipeline.php(209): Illuminate/Foundation/Http/Middleware/PreventRequestsDuringMaintenance->handle(Object(Illuminate/Http/Request), Object(Closure))
#42 C:/Users/User/Downloads/wihsata final/wihsata-combined/wihsata-api/vendor/laravel/framework/src/Illuminate/Http/Middleware/HandleCors.php(62): Illuminate/Pipeline/Pipeline->Illuminate/Pipeline/{closure}(Object(Illuminate/Http/Request))
#43 C:/Users/User/Downloads/wihsata final/wihsata-combined/wihsata-api/vendor/laravel/framework/src/Illuminate/Pipeline/Pipeline.php(209): Illuminate/Http/Middleware/HandleCors->handle(Object(Illuminate/Http/Request), Object(Closure))
#44 C:/Users/User/Downloads/wihsata final/wihsata-combined/wihsata-api/vendor/laravel/framework/src/Illuminate/Http/Middleware/TrustProxies.php(58): Illuminate/Pipeline/Pipeline->Illuminate/Pipeline/{closure}(Object(Illuminate/Http/Request))
#45 C:/Users/User/Downloads/wihsata final/wihsata-combined/wihsata-api/vendor/laravel/framework/src/Illuminate/Pipeline/Pipeline.php(209): Illuminate/Http/Middleware/TrustProxies->handle(Object(Illuminate/Http/Request), Object(Closure))
#46 C:/Users/User/Downloads/wihsata final/wihsata-combined/wihsata-api/vendor/laravel/framework/src/Illuminate/Foundation/Http/Middleware/InvokeDeferredCallbacks.php(22): Illuminate/Pipeline/Pipeline->Illuminate/Pipeline/{closure}(Object(Illuminate/Http/Request))
#47 C:/Users/User/Downloads/wihsata final/wihsata-combined/wihsata-api/vendor/laravel/framework/src/Illuminate/Pipeline/Pipeline.php(209): Illuminate/Foundation/Http/Middleware/InvokeDeferredCallbacks->handle(Object(Illuminate/Http/Request), Object(Closure))
#48 C:/Users/User/Downloads/wihsata final/wihsata-combined/wihsata-api/vendor/laravel/framework/src/Illuminate/Pipeline/Pipeline.php(127): Illuminate/Pipeline/Pipeline->Illuminate/Pipeline/{closure}(Object(Illuminate/Http/Request))
#49 C:/Users/User/Downloads/wihsata final/wihsata-combined/wihsata-api/vendor/laravel/framework/src/Illuminate/Foundation/Http/Kernel.php(176): Illuminate/Pipeline/Pipeline->then(Object(Closure))
#50 C:/Users/User/Downloads/wihsata final/wihsata-combined/wihsata-api/vendor/laravel/framework/src/Illuminate/Foundation/Http/Kernel.php(145): Illuminate/Foundation/Http/Kernel->sendRequestThroughRouter(Object(Illuminate/Http/Request))
#51 C:/Users/User/Downloads/wihsata final/wihsata-combined/wihsata-api/vendor/laravel/framework/src/Illuminate/Foundation/Application.php(1220): Illuminate/Foundation/Http/Kernel->handle(Object(Illuminate/Http/Request))
#52 C:/Users/User/Downloads/wihsata final/wihsata-combined/wihsata-api/public/index.php(17): Illuminate/Foundation/Application->handleRequest(Object(Illuminate/Http/Request))
#53 C:/Users/User/Downloads/wihsata final/wihsata-combined/wihsata-api/vendor/laravel/framework/src/Illuminate/Foundation/resources/server.php(23): require_once('C://Users//User//D...')
#54 {main}
"} 
[2026-08-19 04:23:22] local.ERROR: SQLSTATE[42P01]: Undefined table: 7 ERROR:  relation "personal_access_tokens" does not exist
LINE 1: select * from "personal_access_tokens" where "personal_acces...
                      ^ (Connection: pgsql, SQL: select * from "personal_access_tokens" where "personal_access_tokens"."id" = 6 limit 1) {"exception":"[object] (Illuminate\\Database\\QueryException(code: 42P01): SQLSTATE[42P01]: Undefined table: 7 ERROR:  relation \"personal_access_tokens\" does not exist
LINE 1: select * from \"personal_access_tokens\" where \"personal_acces...
                      ^ (Connection: pgsql, SQL: select * from \"personal_access_tokens\" where \"personal_access_tokens\".\"id\" = 6 limit 1) at C:/Users/User/Downloads/wihsata final/wihsata-combined/wihsata-api/vendor/laravel/framework/src/Illuminate/Database/Connection.php:825)
[stacktrace]
#0 C:/Users/User/Downloads/wihsata final/wihsata-combined/wihsata-api/vendor/laravel/framework/src/Illuminate/Database/Connection.php(779): Illuminate/Database/Connection->runQueryCallback('select * from \"...', Array, Object(Closure))
#1 C:/Users/User/Downloads/wihsata final/wihsata-combined/wihsata-api/vendor/laravel/framework/src/Illuminate/Database/Connection.php(398): Illuminate/Database/Connection->run('select * from \"...', Array, Object(Closure))
#2 C:/Users/User/Downloads/wihsata final/wihsata-combined/wihsata-api/vendor/laravel/framework/src/Illuminate/Database/Query/Builder.php(3106): Illuminate/Database/Connection->select('select * from \"...', Array, true)
#3 C:/Users/User/Downloads/wihsata final/wihsata-combined/wihsata-api/vendor/laravel/framework/src/Illuminate/Database/Query/Builder.php(3091): Illuminate/Database/Query/Builder->runSelect()
#4 C:/Users/User/Downloads/wihsata final/wihsata-combined/wihsata-api/vendor/laravel/framework/src/Illuminate/Database/Query/Builder.php(3676): Illuminate/Database/Query/Builder->Illuminate/Database/Query/{closure}()
#5 C:/Users/User/Downloads/wihsata final/wihsata-combined/wihsata-api/vendor/laravel/framework/src/Illuminate/Database/Query/Builder.php(3090): Illuminate/Database/Query/Builder->onceWithColumns(Array, Object(Closure))
#6 C:/Users/User/Downloads/wihsata final/wihsata-combined/wihsata-api/vendor/laravel/framework/src/Illuminate/Database/Eloquent/Builder.php(811): Illuminate/Database/Query/Builder->get(Array)
#7 C:/Users/User/Downloads/wihsata final/wihsata-combined/wihsata-api/vendor/laravel/framework/src/Illuminate/Database/Eloquent/Builder.php(793): Illuminate/Database/Eloquent/Builder->getModels(Array)
#8 C:/Users/User/Downloads/wihsata final/wihsata-combined/wihsata-api/vendor/laravel/framework/src/Illuminate/Database/Concerns/BuildsQueries.php(343): Illuminate/Database/Eloquent/Builder->get(Array)
#9 C:/Users/User/Downloads/wihsata final/wihsata-combined/wihsata-api/vendor/laravel/framework/src/Illuminate/Database/Eloquent/Builder.php(477): Illuminate/Database/Eloquent/Builder->first(Array)
#10 C:/Users/User/Downloads/wihsata final/wihsata-combined/wihsata-api/vendor/laravel/framework/src/Illuminate/Support/Traits/ForwardsCalls.php(23): Illuminate/Database/Eloquent/Builder->find('6')
#11 C:/Users/User/Downloads/wihsata final/wihsata-combined/wihsata-api/vendor/laravel/framework/src/Illuminate/Database/Eloquent/Model.php(2372): Illuminate/Database/Eloquent/Model->forwardCallTo(Object(Illuminate/Database/Eloquent/Builder), 'find', Array)
#12 C:/Users/User/Downloads/wihsata final/wihsata-combined/wihsata-api/vendor/laravel/framework/src/Illuminate/Database/Eloquent/Model.php(2384): Illuminate/Database/Eloquent/Model->__call('find', Array)
#13 C:/Users/User/Downloads/wihsata final/wihsata-combined/wihsata-api/vendor/laravel/sanctum/src/PersonalAccessToken.php(66): Illuminate/Database/Eloquent/Model::__callStatic('find', Array)
#14 C:/Users/User/Downloads/wihsata final/wihsata-combined/wihsata-api/vendor/laravel/sanctum/src/Guard.php(43): Laravel/Sanctum/PersonalAccessToken::findToken('nlhIafNlpkVQoUf...')
#15 [internal function]: Laravel/Sanctum/Guard->__invoke(Object(Illuminate/Http/Request), Object(Illuminate/Auth/EloquentUserProvider))
#16 C:/Users/User/Downloads/wihsata final/wihsata-combined/wihsata-api/vendor/laravel/framework/src/Illuminate/Auth/RequestGuard.php(57): call_user_func(Object(Laravel/Sanctum/Guard), Object(Illuminate/Http/Request), Object(Illuminate/Auth/EloquentUserProvider))
#17 C:/Users/User/Downloads/wihsata final/wihsata-combined/wihsata-api/vendor/laravel/framework/src/Illuminate/Auth/GuardHelpers.php(56): Illuminate/Auth/RequestGuard->user()
#18 C:/Users/User/Downloads/wihsata final/wihsata-combined/wihsata-api/vendor/laravel/framework/src/Illuminate/Auth/Middleware/Authenticate.php(83): Illuminate/Auth/RequestGuard->check()
#19 C:/Users/User/Downloads/wihsata final/wihsata-combined/wihsata-api/vendor/laravel/framework/src/Illuminate/Auth/Middleware/Authenticate.php(62): Illuminate/Auth/Middleware/Authenticate->authenticate(Object(Illuminate/Http/Request), Array)
#20 C:/Users/User/Downloads/wihsata final/wihsata-combined/wihsata-api/vendor/laravel/framework/src/Illuminate/Pipeline/Pipeline.php(209): Illuminate/Auth/Middleware/Authenticate->handle(Object(Illuminate/Http/Request), Object(Closure), 'sanctum')
#21 C:/Users/User/Downloads/wihsata final/wihsata-combined/wihsata-api/vendor/laravel/framework/src/Illuminate/Http/Middleware/HandleCors.php(62): Illuminate/Pipeline/Pipeline->Illuminate/Pipeline/{closure}(Object(Illuminate/Http/Request))
#22 C:/Users/User/Downloads/wihsata final/wihsata-combined/wihsata-api/vendor/laravel/framework/src/Illuminate/Pipeline/Pipeline.php(209): Illuminate/Http/Middleware/HandleCors->handle(Object(Illuminate/Http/Request), Object(Closure))
#23 C:/Users/User/Downloads/wihsata final/wihsata-combined/wihsata-api/vendor/laravel/framework/src/Illuminate/Pipeline/Pipeline.php(127): Illuminate/Pipeline/Pipeline->Illuminate/Pipeline/{closure}(Object(Illuminate/Http/Request))
#24 C:/Users/User/Downloads/wihsata final/wihsata-combined/wihsata-api/vendor/laravel/framework/src/Illuminate/Routing/Router.php(807): Illuminate/Pipeline/Pipeline->then(Object(Closure))
#25 C:/Users/User/Downloads/wihsata final/wihsata-combined/wihsata-api/vendor/laravel/framework/src/Illuminate/Routing/Router.php(786): Illuminate/Routing/Router->runRouteWithinStack(Object(Illuminate/Routing/Route), Object(Illuminate/Http/Request))
#26 C:/Users/User/Downloads/wihsata final/wihsata-combined/wihsata-api/vendor/laravel/framework/src/Illuminate/Routing/Router.php(750): Illuminate/Routing/Router->runRoute(Object(Illuminate/Http/Request), Object(Illuminate/Routing/Route))
#27 C:/Users/User/Downloads/wihsata final/wihsata-combined/wihsata-api/vendor/laravel/framework/src/Illuminate/Routing/Router.php(739): Illuminate/Routing/Router->dispatchToRoute(Object(Illuminate/Http/Request))
#28 C:/Users/User/Downloads/wihsata final/wihsata-combined/wihsata-api/vendor/laravel/framework/src/Illuminate/Foundation/Http/Kernel.php(201): Illuminate/Routing/Router->dispatch(Object(Illuminate/Http/Request))
#29 C:/Users/User/Downloads/wihsata final/wihsata-combined/wihsata-api/vendor/laravel/framework/src/Illuminate/Pipeline/Pipeline.php(170): Illuminate/Foundation/Http/Kernel->Illuminate/Foundation/Http/{closure}(Object(Illuminate/Http/Request))
#30 C:/Users/User/Downloads/wihsata final/wihsata-combined/wihsata-api/vendor/laravel/framework/src/Illuminate/Foundation/Http/Middleware/TransformsRequest.php(21): Illuminate/Pipeline/Pipeline->Illuminate/Pipeline/{closure}(Object(Illuminate/Http/Request))
#31 C:/Users/User/Downloads/wihsata final/wihsata-combined/wihsata-api/vendor/laravel/framework/src/Illuminate/Foundation/Http/Middleware/ConvertEmptyStringsToNull.php(31): Illuminate/Foundation/Http/Middleware/TransformsRequest->handle(Object(Illuminate/Http/Request), Object(Closure))
#32 C:/Users/User/Downloads/wihsata final/wihsata-combined/wihsata-api/vendor/laravel/framework/src/Illuminate/Pipeline/Pipeline.php(209): Illuminate/Foundation/Http/Middleware/ConvertEmptyStringsToNull->handle(Object(Illuminate/Http/Request), Object(Closure))
#33 C:/Users/User/Downloads/wihsata final/wihsata-combined/wihsata-api/vendor/laravel/framework/src/Illuminate/Foundation/Http/Middleware/TransformsRequest.php(21): Illuminate/Pipeline/Pipeline->Illuminate/Pipeline/{closure}(Object(Illuminate/Http/Request))
#34 C:/Users/User/Downloads/wihsata final/wihsata-combined/wihsata-api/vendor/laravel/framework/src/Illuminate/Foundation/Http/Middleware/TrimStrings.php(51): Illuminate/Foundation/Http/Middleware/TransformsRequest->handle(Object(Illuminate/Http/Request), Object(Closure))
#35 C:/Users/User/Downloads/wihsata final/wihsata-combined/wihsata-api/vendor/laravel/framework/src/Illuminate/Pipeline/Pipeline.php(209): Illuminate/Foundation/Http/Middleware/TrimStrings->handle(Object(Illuminate/Http/Request), Object(Closure))
#36 C:/Users/User/Downloads/wihsata final/wihsata-combined/wihsata-api/vendor/laravel/framework/src/Illuminate/Http/Middleware/ValidatePostSize.php(27): Illuminate/Pipeline/Pipeline->Illuminate/Pipeline/{closure}(Object(Illuminate/Http/Request))
#37 C:/Users/User/Downloads/wihsata final/wihsata-combined/wihsata-api/vendor/laravel/framework/src/Illuminate/Pipeline/Pipeline.php(209): Illuminate/Http/Middleware/ValidatePostSize->handle(Object(Illuminate/Http/Request), Object(Closure))
#38 C:/Users/User/Downloads/wihsata final/wihsata-combined/wihsata-api/vendor/laravel/framework/src/Illuminate/Foundation/Http/Middleware/PreventRequestsDuringMaintenance.php(110): Illuminate/Pipeline/Pipeline->Illuminate/Pipeline/{closure}(Object(Illuminate/Http/Request))
#39 C:/Users/User/Downloads/wihsata final/wihsata-combined/wihsata-api/vendor/laravel/framework/src/Illuminate/Pipeline/Pipeline.php(209): Illuminate/Foundation/Http/Middleware/PreventRequestsDuringMaintenance->handle(Object(Illuminate/Http/Request), Object(Closure))
#40 C:/Users/User/Downloads/wihsata final/wihsata-combined/wihsata-api/vendor/laravel/framework/src/Illuminate/Http/Middleware/HandleCors.php(62): Illuminate/Pipeline/Pipeline->Illuminate/Pipeline/{closure}(Object(Illuminate/Http/Request))
#41 C:/Users/User/Downloads/wihsata final/wihsata-combined/wihsata-api/vendor/laravel/framework/src/Illuminate/Pipeline/Pipeline.php(209): Illuminate/Http/Middleware/HandleCors->handle(Object(Illuminate/Http/Request), Object(Closure))
#42 C:/Users/User/Downloads/wihsata final/wihsata-combined/wihsata-api/vendor/laravel/framework/src/Illuminate/Http/Middleware/TrustProxies.php(58): Illuminate/Pipeline/Pipeline->Illuminate/Pipeline/{closure}(Object(Illuminate/Http/Request))
#43 C:/Users/User/Downloads/wihsata final/wihsata-combined/wihsata-api/vendor/laravel/framework/src/Illuminate/Pipeline/Pipeline.php(209): Illuminate/Http/Middleware/TrustProxies->handle(Object(Illuminate/Http/Request), Object(Closure))
#44 C:/Users/User/Downloads/wihsata final/wihsata-combined/wihsata-api/vendor/laravel/framework/src/Illuminate/Foundation/Http/Middleware/InvokeDeferredCallbacks.php(22): Illuminate/Pipeline/Pipeline->Illuminate/Pipeline/{closure}(Object(Illuminate/Http/Request))
#45 C:/Users/User/Downloads/wihsata final/wihsata-combined/wihsata-api/vendor/laravel/framework/src/Illuminate/Pipeline/Pipeline.php(209): Illuminate/Foundation/Http/Middleware/InvokeDeferredCallbacks->handle(Object(Illuminate/Http/Request), Object(Closure))
#46 C:/Users/User/Downloads/wihsata final/wihsata-combined/wihsata-api/vendor/laravel/framework/src/Illuminate/Pipeline/Pipeline.php(127): Illuminate/Pipeline/Pipeline->Illuminate/Pipeline/{closure}(Object(Illuminate/Http/Request))
#47 C:/Users/User/Downloads/wihsata final/wihsata-combined/wihsata-api/vendor/laravel/framework/src/Illuminate/Foundation/Http/Kernel.php(176): Illuminate/Pipeline/Pipeline->then(Object(Closure))
#48 C:/Users/User/Downloads/wihsata final/wihsata-combined/wihsata-api/vendor/laravel/framework/src/Illuminate/Foundation/Http/Kernel.php(145): Illuminate/Foundation/Http/Kernel->sendRequestThroughRouter(Object(Illuminate/Http/Request))
#49 C:/Users/User/Downloads/wihsata final/wihsata-combined/wihsata-api/vendor/laravel/framework/src/Illuminate/Foundation/Application.php(1220): Illuminate/Foundation/Http/Kernel->handle(Object(Illuminate/Http/Request))
#50 C:/Users/User/Downloads/wihsata final/wihsata-combined/wihsata-api/public/index.php(17): Illuminate/Foundation/Application->handleRequest(Object(Illuminate/Http/Request))
#51 C:/Users/User/Downloads/wihsata final/wihsata-combined/wihsata-api/vendor/laravel/framework/src/Illuminate/Foundation/resources/server.php(23): require_once('C://Users//User//D...')
#52 {main}

[previous exception] [object] (PDOException(code: 42P01): SQLSTATE[42P01]: Undefined table: 7 ERROR:  relation \"personal_access_tokens\" does not exist
LINE 1: select * from \"personal_access_tokens\" where \"personal_acces...
                      ^ at C:/Users/User/Downloads/wihsata final/wihsata-combined/wihsata-api/vendor/laravel/framework/src/Illuminate/Database/Connection.php:412)
[stacktrace]
#0 C:/Users/User/Downloads/wihsata final/wihsata-combined/wihsata-api/vendor/laravel/framework/src/Illuminate/Database/Connection.php(412): PDOStatement->execute()
#1 C:/Users/User/Downloads/wihsata final/wihsata-combined/wihsata-api/vendor/laravel/framework/src/Illuminate/Database/Connection.php(812): Illuminate/Database/Connection->Illuminate/Database/{closure}('select * from \"...', Array)
#2 C:/Users/User/Downloads/wihsata final/wihsata-combined/wihsata-api/vendor/laravel/framework/src/Illuminate/Database/Connection.php(779): Illuminate/Database/Connection->runQueryCallback('select * from \"...', Array, Object(Closure))
#3 C:/Users/User/Downloads/wihsata final/wihsata-combined/wihsata-api/vendor/laravel/framework/src/Illuminate/Database/Connection.php(398): Illuminate/Database/Connection->run('select * from \"...', Array, Object(Closure))
#4 C:/Users/User/Downloads/wihsata final/wihsata-combined/wihsata-api/vendor/laravel/framework/src/Illuminate/Database/Query/Builder.php(3106): Illuminate/Database/Connection->select('select * from \"...', Array, true)
#5 C:/Users/User/Downloads/wihsata final/wihsata-combined/wihsata-api/vendor/laravel/framework/src/Illuminate/Database/Query/Builder.php(3091): Illuminate/Database/Query/Builder->runSelect()
#6 C:/Users/User/Downloads/wihsata final/wihsata-combined/wihsata-api/vendor/laravel/framework/src/Illuminate/Database/Query/Builder.php(3676): Illuminate/Database/Query/Builder->Illuminate/Database/Query/{closure}()
#7 C:/Users/User/Downloads/wihsata final/wihsata-combined/wihsata-api/vendor/laravel/framework/src/Illuminate/Database/Query/Builder.php(3090): Illuminate/Database/Query/Builder->onceWithColumns(Array, Object(Closure))
#8 C:/Users/User/Downloads/wihsata final/wihsata-combined/wihsata-api/vendor/laravel/framework/src/Illuminate/Database/Eloquent/Builder.php(811): Illuminate/Database/Query/Builder->get(Array)
#9 C:/Users/User/Downloads/wihsata final/wihsata-combined/wihsata-api/vendor/laravel/framework/src/Illuminate/Database/Eloquent/Builder.php(793): Illuminate/Database/Eloquent/Builder->getModels(Array)
#10 C:/Users/User/Downloads/wihsata final/wihsata-combined/wihsata-api/vendor/laravel/framework/src/Illuminate/Database/Concerns/BuildsQueries.php(343): Illuminate/Database/Eloquent/Builder->get(Array)
#11 C:/Users/User/Downloads/wihsata final/wihsata-combined/wihsata-api/vendor/laravel/framework/src/Illuminate/Database/Eloquent/Builder.php(477): Illuminate/Database/Eloquent/Builder->first(Array)
#12 C:/Users/User/Downloads/wihsata final/wihsata-combined/wihsata-api/vendor/laravel/framework/src/Illuminate/Support/Traits/ForwardsCalls.php(23): Illuminate/Database/Eloquent/Builder->find('6')
#13 C:/Users/User/Downloads/wihsata final/wihsata-combined/wihsata-api/vendor/laravel/framework/src/Illuminate/Database/Eloquent/Model.php(2372): Illuminate/Database/Eloquent/Model->forwardCallTo(Object(Illuminate/Database/Eloquent/Builder), 'find', Array)
#14 C:/Users/User/Downloads/wihsata final/wihsata-combined/wihsata-api/vendor/laravel/framework/src/Illuminate/Database/Eloquent/Model.php(2384): Illuminate/Database/Eloquent/Model->__call('find', Array)
#15 C:/Users/User/Downloads/wihsata final/wihsata-combined/wihsata-api/vendor/laravel/sanctum/src/PersonalAccessToken.php(66): Illuminate/Database/Eloquent/Model::__callStatic('find', Array)
#16 C:/Users/User/Downloads/wihsata final/wihsata-combined/wihsata-api/vendor/laravel/sanctum/src/Guard.php(43): Laravel/Sanctum/PersonalAccessToken::findToken('nlhIafNlpkVQoUf...')
#17 [internal function]: Laravel/Sanctum/Guard->__invoke(Object(Illuminate/Http/Request), Object(Illuminate/Auth/EloquentUserProvider))
#18 C:/Users/User/Downloads/wihsata final/wihsata-combined/wihsata-api/vendor/laravel/framework/src/Illuminate/Auth/RequestGuard.php(57): call_user_func(Object(Laravel/Sanctum/Guard), Object(Illuminate/Http/Request), Object(Illuminate/Auth/EloquentUserProvider))
#19 C:/Users/User/Downloads/wihsata final/wihsata-combined/wihsata-api/vendor/laravel/framework/src/Illuminate/Auth/GuardHelpers.php(56): Illuminate/Auth/RequestGuard->user()
#20 C:/Users/User/Downloads/wihsata final/wihsata-combined/wihsata-api/vendor/laravel/framework/src/Illuminate/Auth/Middleware/Authenticate.php(83): Illuminate/Auth/RequestGuard->check()
#21 C:/Users/User/Downloads/wihsata final/wihsata-combined/wihsata-api/vendor/laravel/framework/src/Illuminate/Auth/Middleware/Authenticate.php(62): Illuminate/Auth/Middleware/Authenticate->authenticate(Object(Illuminate/Http/Request), Array)
#22 C:/Users/User/Downloads/wihsata final/wihsata-combined/wihsata-api/vendor/laravel/framework/src/Illuminate/Pipeline/Pipeline.php(209): Illuminate/Auth/Middleware/Authenticate->handle(Object(Illuminate/Http/Request), Object(Closure), 'sanctum')
#23 C:/Users/User/Downloads/wihsata final/wihsata-combined/wihsata-api/vendor/laravel/framework/src/Illuminate/Http/Middleware/HandleCors.php(62): Illuminate/Pipeline/Pipeline->Illuminate/Pipeline/{closure}(Object(Illuminate/Http/Request))
#24 C:/Users/User/Downloads/wihsata final/wihsata-combined/wihsata-api/vendor/laravel/framework/src/Illuminate/Pipeline/Pipeline.php(209): Illuminate/Http/Middleware/HandleCors->handle(Object(Illuminate/Http/Request), Object(Closure))
#25 C:/Users/User/Downloads/wihsata final/wihsata-combined/wihsata-api/vendor/laravel/framework/src/Illuminate/Pipeline/Pipeline.php(127): Illuminate/Pipeline/Pipeline->Illuminate/Pipeline/{closure}(Object(Illuminate/Http/Request))
#26 C:/Users/User/Downloads/wihsata final/wihsata-combined/wihsata-api/vendor/laravel/framework/src/Illuminate/Routing/Router.php(807): Illuminate/Pipeline/Pipeline->then(Object(Closure))
#27 C:/Users/User/Downloads/wihsata final/wihsata-combined/wihsata-api/vendor/laravel/framework/src/Illuminate/Routing/Router.php(786): Illuminate/Routing/Router->runRouteWithinStack(Object(Illuminate/Routing/Route), Object(Illuminate/Http/Request))
#28 C:/Users/User/Downloads/wihsata final/wihsata-combined/wihsata-api/vendor/laravel/framework/src/Illuminate/Routing/Router.php(750): Illuminate/Routing/Router->runRoute(Object(Illuminate/Http/Request), Object(Illuminate/Routing/Route))
#29 C:/Users/User/Downloads/wihsata final/wihsata-combined/wihsata-api/vendor/laravel/framework/src/Illuminate/Routing/Router.php(739): Illuminate/Routing/Router->dispatchToRoute(Object(Illuminate/Http/Request))
#30 C:/Users/User/Downloads/wihsata final/wihsata-combined/wihsata-api/vendor/laravel/framework/src/Illuminate/Foundation/Http/Kernel.php(201): Illuminate/Routing/Router->dispatch(Object(Illuminate/Http/Request))
#31 C:/Users/User/Downloads/wihsata final/wihsata-combined/wihsata-api/vendor/laravel/framework/src/Illuminate/Pipeline/Pipeline.php(170): Illuminate/Foundation/Http/Kernel->Illuminate/Foundation/Http/{closure}(Object(Illuminate/Http/Request))
#32 C:/Users/User/Downloads/wihsata final/wihsata-combined/wihsata-api/vendor/laravel/framework/src/Illuminate/Foundation/Http/Middleware/TransformsRequest.php(21): Illuminate/Pipeline/Pipeline->Illuminate/Pipeline/{closure}(Object(Illuminate/Http/Request))
#33 C:/Users/User/Downloads/wihsata final/wihsata-combined/wihsata-api/vendor/laravel/framework/src/Illuminate/Foundation/Http/Middleware/ConvertEmptyStringsToNull.php(31): Illuminate/Foundation/Http/Middleware/TransformsRequest->handle(Object(Illuminate/Http/Request), Object(Closure))
#34 C:/Users/User/Downloads/wihsata final/wihsata-combined/wihsata-api/vendor/laravel/framework/src/Illuminate/Pipeline/Pipeline.php(209): Illuminate/Foundation/Http/Middleware/ConvertEmptyStringsToNull->handle(Object(Illuminate/Http/Request), Object(Closure))
#35 C:/Users/User/Downloads/wihsata final/wihsata-combined/wihsata-api/vendor/laravel/framework/src/Illuminate/Foundation/Http/Middleware/TransformsRequest.php(21): Illuminate/Pipeline/Pipeline->Illuminate/Pipeline/{closure}(Object(Illuminate/Http/Request))
#36 C:/Users/User/Downloads/wihsata final/wihsata-combined/wihsata-api/vendor/laravel/framework/src/Illuminate/Foundation/Http/Middleware/TrimStrings.php(51): Illuminate/Foundation/Http/Middleware/TransformsRequest->handle(Object(Illuminate/Http/Request), Object(Closure))
#37 C:/Users/User/Downloads/wihsata final/wihsata-combined/wihsata-api/vendor/laravel/framework/src/Illuminate/Pipeline/Pipeline.php(209): Illuminate/Foundation/Http/Middleware/TrimStrings->handle(Object(Illuminate/Http/Request), Object(Closure))
#38 C:/Users/User/Downloads/wihsata final/wihsata-combined/wihsata-api/vendor/laravel/framework/src/Illuminate/Http/Middleware/ValidatePostSize.php(27): Illuminate/Pipeline/Pipeline->Illuminate/Pipeline/{closure}(Object(Illuminate/Http/Request))
#39 C:/Users/User/Downloads/wihsata final/wihsata-combined/wihsata-api/vendor/laravel/framework/src/Illuminate/Pipeline/Pipeline.php(209): Illuminate/Http/Middleware/ValidatePostSize->handle(Object(Illuminate/Http/Request), Object(Closure))
#40 C:/Users/User/Downloads/wihsata final/wihsata-combined/wihsata-api/vendor/laravel/framework/src/Illuminate/Foundation/Http/Middleware/PreventRequestsDuringMaintenance.php(110): Illuminate/Pipeline/Pipeline->Illuminate/Pipeline/{closure}(Object(Illuminate/Http/Request))
#41 C:/Users/User/Downloads/wihsata final/wihsata-combined/wihsata-api/vendor/laravel/framework/src/Illuminate/Pipeline/Pipeline.php(209): Illuminate/Foundation/Http/Middleware/PreventRequestsDuringMaintenance->handle(Object(Illuminate/Http/Request), Object(Closure))
#42 C:/Users/User/Downloads/wihsata final/wihsata-combined/wihsata-api/vendor/laravel/framework/src/Illuminate/Http/Middleware/HandleCors.php(62): Illuminate/Pipeline/Pipeline->Illuminate/Pipeline/{closure}(Object(Illuminate/Http/Request))
#43 C:/Users/User/Downloads/wihsata final/wihsata-combined/wihsata-api/vendor/laravel/framework/src/Illuminate/Pipeline/Pipeline.php(209): Illuminate/Http/Middleware/HandleCors->handle(Object(Illuminate/Http/Request), Object(Closure))
#44 C:/Users/User/Downloads/wihsata final/wihsata-combined/wihsata-api/vendor/laravel/framework/src/Illuminate/Http/Middleware/TrustProxies.php(58): Illuminate/Pipeline/Pipeline->Illuminate/Pipeline/{closure}(Object(Illuminate/Http/Request))
#45 C:/Users/User/Downloads/wihsata final/wihsata-combined/wihsata-api/vendor/laravel/framework/src/Illuminate/Pipeline/Pipeline.php(209): Illuminate/Http/Middleware/TrustProxies->handle(Object(Illuminate/Http/Request), Object(Closure))
#46 C:/Users/User/Downloads/wihsata final/wihsata-combined/wihsata-api/vendor/laravel/framework/src/Illuminate/Foundation/Http/Middleware/InvokeDeferredCallbacks.php(22): Illuminate/Pipeline/Pipeline->Illuminate/Pipeline/{closure}(Object(Illuminate/Http/Request))
#47 C:/Users/User/Downloads/wihsata final/wihsata-combined/wihsata-api/vendor/laravel/framework/src/Illuminate/Pipeline/Pipeline.php(209): Illuminate/Foundation/Http/Middleware/InvokeDeferredCallbacks->handle(Object(Illuminate/Http/Request), Object(Closure))
#48 C:/Users/User/Downloads/wihsata final/wihsata-combined/wihsata-api/vendor/laravel/framework/src/Illuminate/Pipeline/Pipeline.php(127): Illuminate/Pipeline/Pipeline->Illuminate/Pipeline/{closure}(Object(Illuminate/Http/Request))
#49 C:/Users/User/Downloads/wihsata final/wihsata-combined/wihsata-api/vendor/laravel/framework/src/Illuminate/Foundation/Http/Kernel.php(176): Illuminate/Pipeline/Pipeline->then(Object(Closure))
#50 C:/Users/User/Downloads/wihsata final/wihsata-combined/wihsata-api/vendor/laravel/framework/src/Illuminate/Foundation/Http/Kernel.php(145): Illuminate/Foundation/Http/Kernel->sendRequestThroughRouter(Object(Illuminate/Http/Request))
#51 C:/Users/User/Downloads/wihsata final/wihsata-combined/wihsata-api/vendor/laravel/framework/src/Illuminate/Foundation/Application.php(1220): Illuminate/Foundation/Http/Kernel->handle(Object(Illuminate/Http/Request))
#52 C:/Users/User/Downloads/wihsata final/wihsata-combined/wihsata-api/public/index.php(17): Illuminate/Foundation/Application->handleRequest(Object(Illuminate/Http/Request))
#53 C:/Users/User/Downloads/wihsata final/wihsata-combined/wihsata-api/vendor/laravel/framework/src/Illuminate/Foundation/resources/server.php(23): require_once('C://Users//User//D...')
#54 {main}
"} 
[2026-08-19 04:23:36] local.ERROR: SQLSTATE[42P01]: Undefined table: 7 ERROR:  relation "users" does not exist
LINE 1: select * from "users" where "email" = $1 limit 1
                      ^ (Connection: pgsql, SQL: select * from "users" where "email" = nucaaeon@gmail.com limit 1) {"exception":"[object] (Illuminate\\Database\\QueryException(code: 42P01): SQLSTATE[42P01]: Undefined table: 7 ERROR:  relation \"users\" does not exist
LINE 1: select * from \"users\" where \"email\" = $1 limit 1
                      ^ (Connection: pgsql, SQL: select * from \"users\" where \"email\" = nucaaeon@gmail.com limit 1) at C:/Users/User/Downloads/wihsata final/wihsata-combined/wihsata-api/vendor/laravel/framework/src/Illuminate/Database/Connection.php:825)
[stacktrace]
#0 C:/Users/User/Downloads/wihsata final/wihsata-combined/wihsata-api/vendor/laravel/framework/src/Illuminate/Database/Connection.php(779): Illuminate/Database/Connection->runQueryCallback('select * from \"...', Array, Object(Closure))
#1 C:/Users/User/Downloads/wihsata final/wihsata-combined/wihsata-api/vendor/laravel/framework/src/Illuminate/Database/Connection.php(398): Illuminate/Database/Connection->run('select * from \"...', Array, Object(Closure))
#2 C:/Users/User/Downloads/wihsata final/wihsata-combined/wihsata-api/vendor/laravel/framework/src/Illuminate/Database/Query/Builder.php(3106): Illuminate/Database/Connection->select('select * from \"...', Array, true)
#3 C:/Users/User/Downloads/wihsata final/wihsata-combined/wihsata-api/vendor/laravel/framework/src/Illuminate/Database/Query/Builder.php(3091): Illuminate/Database/Query/Builder->runSelect()
#4 C:/Users/User/Downloads/wihsata final/wihsata-combined/wihsata-api/vendor/laravel/framework/src/Illuminate/Database/Query/Builder.php(3676): Illuminate/Database/Query/Builder->Illuminate/Database/Query/{closure}()
#5 C:/Users/User/Downloads/wihsata final/wihsata-combined/wihsata-api/vendor/laravel/framework/src/Illuminate/Database/Query/Builder.php(3090): Illuminate/Database/Query/Builder->onceWithColumns(Array, Object(Closure))
#6 C:/Users/User/Downloads/wihsata final/wihsata-combined/wihsata-api/vendor/laravel/framework/src/Illuminate/Database/Eloquent/Builder.php(811): Illuminate/Database/Query/Builder->get(Array)
#7 C:/Users/User/Downloads/wihsata final/wihsata-combined/wihsata-api/vendor/laravel/framework/src/Illuminate/Database/Eloquent/Builder.php(793): Illuminate/Database/Eloquent/Builder->getModels(Array)
#8 C:/Users/User/Downloads/wihsata final/wihsata-combined/wihsata-api/vendor/laravel/framework/src/Illuminate/Database/Concerns/BuildsQueries.php(343): Illuminate/Database/Eloquent/Builder->get(Array)
#9 C:/Users/User/Downloads/wihsata final/wihsata-combined/wihsata-api/app/Http/Controllers/Auth/LoginController.php(31): Illuminate/Database/Eloquent/Builder->first()
#10 C:/Users/User/Downloads/wihsata final/wihsata-combined/wihsata-api/vendor/laravel/framework/src/Illuminate/Routing/ControllerDispatcher.php(47): App/Http/Controllers/Auth/LoginController->__invoke(Object(App/Http/Requests/Auth/LoginRequest))
#11 C:/Users/User/Downloads/wihsata final/wihsata-combined/wihsata-api/vendor/laravel/framework/src/Illuminate/Routing/Route.php(266): Illuminate/Routing/ControllerDispatcher->dispatch(Object(Illuminate/Routing/Route), Object(App/Http/Controllers/Auth/LoginController), '__invoke')
#12 C:/Users/User/Downloads/wihsata final/wihsata-combined/wihsata-api/vendor/laravel/framework/src/Illuminate/Routing/Route.php(212): Illuminate/Routing/Route->runController()
#13 C:/Users/User/Downloads/wihsata final/wihsata-combined/wihsata-api/vendor/laravel/framework/src/Illuminate/Routing/Router.php(808): Illuminate/Routing/Route->run()
#14 C:/Users/User/Downloads/wihsata final/wihsata-combined/wihsata-api/vendor/laravel/framework/src/Illuminate/Pipeline/Pipeline.php(170): Illuminate/Routing/Router->Illuminate/Routing/{closure}(Object(Illuminate/Http/Request))
#15 C:/Users/User/Downloads/wihsata final/wihsata-combined/wihsata-api/vendor/laravel/framework/src/Illuminate/Routing/Middleware/SubstituteBindings.php(51): Illuminate/Pipeline/Pipeline->Illuminate/Pipeline/{closure}(Object(Illuminate/Http/Request))
#16 C:/Users/User/Downloads/wihsata final/wihsata-combined/wihsata-api/vendor/laravel/framework/src/Illuminate/Pipeline/Pipeline.php(209): Illuminate/Routing/Middleware/SubstituteBindings->handle(Object(Illuminate/Http/Request), Object(Closure))
#17 C:/Users/User/Downloads/wihsata final/wihsata-combined/wihsata-api/vendor/laravel/framework/src/Illuminate/Http/Middleware/HandleCors.php(62): Illuminate/Pipeline/Pipeline->Illuminate/Pipeline/{closure}(Object(Illuminate/Http/Request))
#18 C:/Users/User/Downloads/wihsata final/wihsata-combined/wihsata-api/vendor/laravel/framework/src/Illuminate/Pipeline/Pipeline.php(209): Illuminate/Http/Middleware/HandleCors->handle(Object(Illuminate/Http/Request), Object(Closure))
#19 C:/Users/User/Downloads/wihsata final/wihsata-combined/wihsata-api/vendor/laravel/framework/src/Illuminate/Pipeline/Pipeline.php(127): Illuminate/Pipeline/Pipeline->Illuminate/Pipeline/{closure}(Object(Illuminate/Http/Request))
#20 C:/Users/User/Downloads/wihsata final/wihsata-combined/wihsata-api/vendor/laravel/framework/src/Illuminate/Routing/Router.php(807): Illuminate/Pipeline/Pipeline->then(Object(Closure))
#21 C:/Users/User/Downloads/wihsata final/wihsata-combined/wihsata-api/vendor/laravel/framework/src/Illuminate/Routing/Router.php(786): Illuminate/Routing/Router->runRouteWithinStack(Object(Illuminate/Routing/Route), Object(Illuminate/Http/Request))
#22 C:/Users/User/Downloads/wihsata final/wihsata-combined/wihsata-api/vendor/laravel/framework/src/Illuminate/Routing/Router.php(750): Illuminate/Routing/Router->runRoute(Object(Illuminate/Http/Request), Object(Illuminate/Routing/Route))
#23 C:/Users/User/Downloads/wihsata final/wihsata-combined/wihsata-api/vendor/laravel/framework/src/Illuminate/Routing/Router.php(739): Illuminate/Routing/Router->dispatchToRoute(Object(Illuminate/Http/Request))
#24 C:/Users/User/Downloads/wihsata final/wihsata-combined/wihsata-api/vendor/laravel/framework/src/Illuminate/Foundation/Http/Kernel.php(201): Illuminate/Routing/Router->dispatch(Object(Illuminate/Http/Request))
#25 C:/Users/User/Downloads/wihsata final/wihsata-combined/wihsata-api/vendor/laravel/framework/src/Illuminate/Pipeline/Pipeline.php(170): Illuminate/Foundation/Http/Kernel->Illuminate/Foundation/Http/{closure}(Object(Illuminate/Http/Request))
#26 C:/Users/User/Downloads/wihsata final/wihsata-combined/wihsata-api/vendor/laravel/framework/src/Illuminate/Foundation/Http/Middleware/TransformsRequest.php(21): Illuminate/Pipeline/Pipeline->Illuminate/Pipeline/{closure}(Object(Illuminate/Http/Request))
#27 C:/Users/User/Downloads/wihsata final/wihsata-combined/wihsata-api/vendor/laravel/framework/src/Illuminate/Foundation/Http/Middleware/ConvertEmptyStringsToNull.php(31): Illuminate/Foundation/Http/Middleware/TransformsRequest->handle(Object(Illuminate/Http/Request), Object(Closure))
#28 C:/Users/User/Downloads/wihsata final/wihsata-combined/wihsata-api/vendor/laravel/framework/src/Illuminate/Pipeline/Pipeline.php(209): Illuminate/Foundation/Http/Middleware/ConvertEmptyStringsToNull->handle(Object(Illuminate/Http/Request), Object(Closure))
#29 C:/Users/User/Downloads/wihsata final/wihsata-combined/wihsata-api/vendor/laravel/framework/src/Illuminate/Foundation/Http/Middleware/TransformsRequest.php(21): Illuminate/Pipeline/Pipeline->Illuminate/Pipeline/{closure}(Object(Illuminate/Http/Request))
#30 C:/Users/User/Downloads/wihsata final/wihsata-combined/wihsata-api/vendor/laravel/framework/src/Illuminate/Foundation/Http/Middleware/TrimStrings.php(51): Illuminate/Foundation/Http/Middleware/TransformsRequest->handle(Object(Illuminate/Http/Request), Object(Closure))
#31 C:/Users/User/Downloads/wihsata final/wihsata-combined/wihsata-api/vendor/laravel/framework/src/Illuminate/Pipeline/Pipeline.php(209): Illuminate/Foundation/Http/Middleware/TrimStrings->handle(Object(Illuminate/Http/Request), Object(Closure))
#32 C:/Users/User/Downloads/wihsata final/wihsata-combined/wihsata-api/vendor/laravel/framework/src/Illuminate/Http/Middleware/ValidatePostSize.php(27): Illuminate/Pipeline/Pipeline->Illuminate/Pipeline/{closure}(Object(Illuminate/Http/Request))
#33 C:/Users/User/Downloads/wihsata final/wihsata-combined/wihsata-api/vendor/laravel/framework/src/Illuminate/Pipeline/Pipeline.php(209): Illuminate/Http/Middleware/ValidatePostSize->handle(Object(Illuminate/Http/Request), Object(Closure))
#34 C:/Users/User/Downloads/wihsata final/wihsata-combined/wihsata-api/vendor/laravel/framework/src/Illuminate/Foundation/Http/Middleware/PreventRequestsDuringMaintenance.php(110): Illuminate/Pipeline/Pipeline->Illuminate/Pipeline/{closure}(Object(Illuminate/Http/Request))
#35 C:/Users/User/Downloads/wihsata final/wihsata-combined/wihsata-api/vendor/laravel/framework/src/Illuminate/Pipeline/Pipeline.php(209): Illuminate/Foundation/Http/Middleware/PreventRequestsDuringMaintenance->handle(Object(Illuminate/Http/Request), Object(Closure))
#36 C:/Users/User/Downloads/wihsata final/wihsata-combined/wihsata-api/vendor/laravel/framework/src/Illuminate/Http/Middleware/HandleCors.php(62): Illuminate/Pipeline/Pipeline->Illuminate/Pipeline/{closure}(Object(Illuminate/Http/Request))
#37 C:/Users/User/Downloads/wihsata final/wihsata-combined/wihsata-api/vendor/laravel/framework/src/Illuminate/Pipeline/Pipeline.php(209): Illuminate/Http/Middleware/HandleCors->handle(Object(Illuminate/Http/Request), Object(Closure))
#38 C:/Users/User/Downloads/wihsata final/wihsata-combined/wihsata-api/vendor/laravel/framework/src/Illuminate/Http/Middleware/TrustProxies.php(58): Illuminate/Pipeline/Pipeline->Illuminate/Pipeline/{closure}(Object(Illuminate/Http/Request))
#39 C:/Users/User/Downloads/wihsata final/wihsata-combined/wihsata-api/vendor/laravel/framework/src/Illuminate/Pipeline/Pipeline.php(209): Illuminate/Http/Middleware/TrustProxies->handle(Object(Illuminate/Http/Request), Object(Closure))
#40 C:/Users/User/Downloads/wihsata final/wihsata-combined/wihsata-api/vendor/laravel/framework/src/Illuminate/Foundation/Http/Middleware/InvokeDeferredCallbacks.php(22): Illuminate/Pipeline/Pipeline->Illuminate/Pipeline/{closure}(Object(Illuminate/Http/Request))
#41 C:/Users/User/Downloads/wihsata final/wihsata-combined/wihsata-api/vendor/laravel/framework/src/Illuminate/Pipeline/Pipeline.php(209): Illuminate/Foundation/Http/Middleware/InvokeDeferredCallbacks->handle(Object(Illuminate/Http/Request), Object(Closure))
#42 C:/Users/User/Downloads/wihsata final/wihsata-combined/wihsata-api/vendor/laravel/framework/src/Illuminate/Pipeline/Pipeline.php(127): Illuminate/Pipeline/Pipeline->Illuminate/Pipeline/{closure}(Object(Illuminate/Http/Request))
#43 C:/Users/User/Downloads/wihsata final/wihsata-combined/wihsata-api/vendor/laravel/framework/src/Illuminate/Foundation/Http/Kernel.php(176): Illuminate/Pipeline/Pipeline->then(Object(Closure))
#44 C:/Users/User/Downloads/wihsata final/wihsata-combined/wihsata-api/vendor/laravel/framework/src/Illuminate/Foundation/Http/Kernel.php(145): Illuminate/Foundation/Http/Kernel->sendRequestThroughRouter(Object(Illuminate/Http/Request))
#45 C:/Users/User/Downloads/wihsata final/wihsata-combined/wihsata-api/vendor/laravel/framework/src/Illuminate/Foundation/Application.php(1220): Illuminate/Foundation/Http/Kernel->handle(Object(Illuminate/Http/Request))
#46 C:/Users/User/Downloads/wihsata final/wihsata-combined/wihsata-api/public/index.php(17): Illuminate/Foundation/Application->handleRequest(Object(Illuminate/Http/Request))
#47 C:/Users/User/Downloads/wihsata final/wihsata-combined/wihsata-api/vendor/laravel/framework/src/Illuminate/Foundation/resources/server.php(23): require_once('C://Users//User//D...')
#48 {main}

[previous exception] [object] (PDOException(code: 42P01): SQLSTATE[42P01]: Undefined table: 7 ERROR:  relation \"users\" does not exist
LINE 1: select * from \"users\" where \"email\" = $1 limit 1
                      ^ at C:/Users/User/Downloads/wihsata final/wihsata-combined/wihsata-api/vendor/laravel/framework/src/Illuminate/Database/Connection.php:412)
[stacktrace]
#0 C:/Users/User/Downloads/wihsata final/wihsata-combined/wihsata-api/vendor/laravel/framework/src/Illuminate/Database/Connection.php(412): PDOStatement->execute()
#1 C:/Users/User/Downloads/wihsata final/wihsata-combined/wihsata-api/vendor/laravel/framework/src/Illuminate/Database/Connection.php(812): Illuminate/Database/Connection->Illuminate/Database/{closure}('select * from \"...', Array)
#2 C:/Users/User/Downloads/wihsata final/wihsata-combined/wihsata-api/vendor/laravel/framework/src/Illuminate/Database/Connection.php(779): Illuminate/Database/Connection->runQueryCallback('select * from \"...', Array, Object(Closure))
#3 C:/Users/User/Downloads/wihsata final/wihsata-combined/wihsata-api/vendor/laravel/framework/src/Illuminate/Database/Connection.php(398): Illuminate/Database/Connection->run('select * from \"...', Array, Object(Closure))
#4 C:/Users/User/Downloads/wihsata final/wihsata-combined/wihsata-api/vendor/laravel/framework/src/Illuminate/Database/Query/Builder.php(3106): Illuminate/Database/Connection->select('select * from \"...', Array, true)
#5 C:/Users/User/Downloads/wihsata final/wihsata-combined/wihsata-api/vendor/laravel/framework/src/Illuminate/Database/Query/Builder.php(3091): Illuminate/Database/Query/Builder->runSelect()
#6 C:/Users/User/Downloads/wihsata final/wihsata-combined/wihsata-api/vendor/laravel/framework/src/Illuminate/Database/Query/Builder.php(3676): Illuminate/Database/Query/Builder->Illuminate/Database/Query/{closure}()
#7 C:/Users/User/Downloads/wihsata final/wihsata-combined/wihsata-api/vendor/laravel/framework/src/Illuminate/Database/Query/Builder.php(3090): Illuminate/Database/Query/Builder->onceWithColumns(Array, Object(Closure))
#8 C:/Users/User/Downloads/wihsata final/wihsata-combined/wihsata-api/vendor/laravel/framework/src/Illuminate/Database/Eloquent/Builder.php(811): Illuminate/Database/Query/Builder->get(Array)
#9 C:/Users/User/Downloads/wihsata final/wihsata-combined/wihsata-api/vendor/laravel/framework/src/Illuminate/Database/Eloquent/Builder.php(793): Illuminate/Database/Eloquent/Builder->getModels(Array)
#10 C:/Users/User/Downloads/wihsata final/wihsata-combined/wihsata-api/vendor/laravel/framework/src/Illuminate/Database/Concerns/BuildsQueries.php(343): Illuminate/Database/Eloquent/Builder->get(Array)
#11 C:/Users/User/Downloads/wihsata final/wihsata-combined/wihsata-api/app/Http/Controllers/Auth/LoginController.php(31): Illuminate/Database/Eloquent/Builder->first()
#12 C:/Users/User/Downloads/wihsata final/wihsata-combined/wihsata-api/vendor/laravel/framework/src/Illuminate/Routing/ControllerDispatcher.php(47): App/Http/Controllers/Auth/LoginController->__invoke(Object(App/Http/Requests/Auth/LoginRequest))
#13 C:/Users/User/Downloads/wihsata final/wihsata-combined/wihsata-api/vendor/laravel/framework/src/Illuminate/Routing/Route.php(266): Illuminate/Routing/ControllerDispatcher->dispatch(Object(Illuminate/Routing/Route), Object(App/Http/Controllers/Auth/LoginController), '__invoke')
#14 C:/Users/User/Downloads/wihsata final/wihsata-combined/wihsata-api/vendor/laravel/framework/src/Illuminate/Routing/Route.php(212): Illuminate/Routing/Route->runController()
#15 C:/Users/User/Downloads/wihsata final/wihsata-combined/wihsata-api/vendor/laravel/framework/src/Illuminate/Routing/Router.php(808): Illuminate/Routing/Route->run()
#16 C:/Users/User/Downloads/wihsata final/wihsata-combined/wihsata-api/vendor/laravel/framework/src/Illuminate/Pipeline/Pipeline.php(170): Illuminate/Routing/Router->Illuminate/Routing/{closure}(Object(Illuminate/Http/Request))
#17 C:/Users/User/Downloads/wihsata final/wihsata-combined/wihsata-api/vendor/laravel/framework/src/Illuminate/Routing/Middleware/SubstituteBindings.php(51): Illuminate/Pipeline/Pipeline->Illuminate/Pipeline/{closure}(Object(Illuminate/Http/Request))
#18 C:/Users/User/Downloads/wihsata final/wihsata-combined/wihsata-api/vendor/laravel/framework/src/Illuminate/Pipeline/Pipeline.php(209): Illuminate/Routing/Middleware/SubstituteBindings->handle(Object(Illuminate/Http/Request), Object(Closure))
#19 C:/Users/User/Downloads/wihsata final/wihsata-combined/wihsata-api/vendor/laravel/framework/src/Illuminate/Http/Middleware/HandleCors.php(62): Illuminate/Pipeline/Pipeline->Illuminate/Pipeline/{closure}(Object(Illuminate/Http/Request))
#20 C:/Users/User/Downloads/wihsata final/wihsata-combined/wihsata-api/vendor/laravel/framework/src/Illuminate/Pipeline/Pipeline.php(209): Illuminate/Http/Middleware/HandleCors->handle(Object(Illuminate/Http/Request), Object(Closure))
#21 C:/Users/User/Downloads/wihsata final/wihsata-combined/wihsata-api/vendor/laravel/framework/src/Illuminate/Pipeline/Pipeline.php(127): Illuminate/Pipeline/Pipeline->Illuminate/Pipeline/{closure}(Object(Illuminate/Http/Request))
#22 C:/Users/User/Downloads/wihsata final/wihsata-combined/wihsata-api/vendor/laravel/framework/src/Illuminate/Routing/Router.php(807): Illuminate/Pipeline/Pipeline->then(Object(Closure))
#23 C:/Users/User/Downloads/wihsata final/wihsata-combined/wihsata-api/vendor/laravel/framework/src/Illuminate/Routing/Router.php(786): Illuminate/Routing/Router->runRouteWithinStack(Object(Illuminate/Routing/Route), Object(Illuminate/Http/Request))
#24 C:/Users/User/Downloads/wihsata final/wihsata-combined/wihsata-api/vendor/laravel/framework/src/Illuminate/Routing/Router.php(750): Illuminate/Routing/Router->runRoute(Object(Illuminate/Http/Request), Object(Illuminate/Routing/Route))
#25 C:/Users/User/Downloads/wihsata final/wihsata-combined/wihsata-api/vendor/laravel/framework/src/Illuminate/Routing/Router.php(739): Illuminate/Routing/Router->dispatchToRoute(Object(Illuminate/Http/Request))
#26 C:/Users/User/Downloads/wihsata final/wihsata-combined/wihsata-api/vendor/laravel/framework/src/Illuminate/Foundation/Http/Kernel.php(201): Illuminate/Routing/Router->dispatch(Object(Illuminate/Http/Request))
#27 C:/Users/User/Downloads/wihsata final/wihsata-combined/wihsata-api/vendor/laravel/framework/src/Illuminate/Pipeline/Pipeline.php(170): Illuminate/Foundation/Http/Kernel->Illuminate/Foundation/Http/{closure}(Object(Illuminate/Http/Request))
#28 C:/Users/User/Downloads/wihsata final/wihsata-combined/wihsata-api/vendor/laravel/framework/src/Illuminate/Foundation/Http/Middleware/TransformsRequest.php(21): Illuminate/Pipeline/Pipeline->Illuminate/Pipeline/{closure}(Object(Illuminate/Http/Request))
#29 C:/Users/User/Downloads/wihsata final/wihsata-combined/wihsata-api/vendor/laravel/framework/src/Illuminate/Foundation/Http/Middleware/ConvertEmptyStringsToNull.php(31): Illuminate/Foundation/Http/Middleware/TransformsRequest->handle(Object(Illuminate/Http/Request), Object(Closure))
#30 C:/Users/User/Downloads/wihsata final/wihsata-combined/wihsata-api/vendor/laravel/framework/src/Illuminate/Pipeline/Pipeline.php(209): Illuminate/Foundation/Http/Middleware/ConvertEmptyStringsToNull->handle(Object(Illuminate/Http/Request), Object(Closure))
#31 C:/Users/User/Downloads/wihsata final/wihsata-combined/wihsata-api/vendor/laravel/framework/src/Illuminate/Foundation/Http/Middleware/TransformsRequest.php(21): Illuminate/Pipeline/Pipeline->Illuminate/Pipeline/{closure}(Object(Illuminate/Http/Request))
#32 C:/Users/User/Downloads/wihsata final/wihsata-combined/wihsata-api/vendor/laravel/framework/src/Illuminate/Foundation/Http/Middleware/TrimStrings.php(51): Illuminate/Foundation/Http/Middleware/TransformsRequest->handle(Object(Illuminate/Http/Request), Object(Closure))
#33 C:/Users/User/Downloads/wihsata final/wihsata-combined/wihsata-api/vendor/laravel/framework/src/Illuminate/Pipeline/Pipeline.php(209): Illuminate/Foundation/Http/Middleware/TrimStrings->handle(Object(Illuminate/Http/Request), Object(Closure))
#34 C:/Users/User/Downloads/wihsata final/wihsata-combined/wihsata-api/vendor/laravel/framework/src/Illuminate/Http/Middleware/ValidatePostSize.php(27): Illuminate/Pipeline/Pipeline->Illuminate/Pipeline/{closure}(Object(Illuminate/Http/Request))
#35 C:/Users/User/Downloads/wihsata final/wihsata-combined/wihsata-api/vendor/laravel/framework/src/Illuminate/Pipeline/Pipeline.php(209): Illuminate/Http/Middleware/ValidatePostSize->handle(Object(Illuminate/Http/Request), Object(Closure))
#36 C:/Users/User/Downloads/wihsata final/wihsata-combined/wihsata-api/vendor/laravel/framework/src/Illuminate/Foundation/Http/Middleware/PreventRequestsDuringMaintenance.php(110): Illuminate/Pipeline/Pipeline->Illuminate/Pipeline/{closure}(Object(Illuminate/Http/Request))
#37 C:/Users/User/Downloads/wihsata final/wihsata-combined/wihsata-api/vendor/laravel/framework/src/Illuminate/Pipeline/Pipeline.php(209): Illuminate/Foundation/Http/Middleware/PreventRequestsDuringMaintenance->handle(Object(Illuminate/Http/Request), Object(Closure))
#38 C:/Users/User/Downloads/wihsata final/wihsata-combined/wihsata-api/vendor/laravel/framework/src/Illuminate/Http/Middleware/HandleCors.php(62): Illuminate/Pipeline/Pipeline->Illuminate/Pipeline/{closure}(Object(Illuminate/Http/Request))
#39 C:/Users/User/Downloads/wihsata final/wihsata-combined/wihsata-api/vendor/laravel/framework/src/Illuminate/Pipeline/Pipeline.php(209): Illuminate/Http/Middleware/HandleCors->handle(Object(Illuminate/Http/Request), Object(Closure))
#40 C:/Users/User/Downloads/wihsata final/wihsata-combined/wihsata-api/vendor/laravel/framework/src/Illuminate/Http/Middleware/TrustProxies.php(58): Illuminate/Pipeline/Pipeline->Illuminate/Pipeline/{closure}(Object(Illuminate/Http/Request))
#41 C:/Users/User/Downloads/wihsata final/wihsata-combined/wihsata-api/vendor/laravel/framework/src/Illuminate/Pipeline/Pipeline.php(209): Illuminate/Http/Middleware/TrustProxies->handle(Object(Illuminate/Http/Request), Object(Closure))
#42 C:/Users/User/Downloads/wihsata final/wihsata-combined/wihsata-api/vendor/laravel/framework/src/Illuminate/Foundation/Http/Middleware/InvokeDeferredCallbacks.php(22): Illuminate/Pipeline/Pipeline->Illuminate/Pipeline/{closure}(Object(Illuminate/Http/Request))
#43 C:/Users/User/Downloads/wihsata final/wihsata-combined/wihsata-api/vendor/laravel/framework/src/Illuminate/Pipeline/Pipeline.php(209): Illuminate/Foundation/Http/Middleware/InvokeDeferredCallbacks->handle(Object(Illuminate/Http/Request), Object(Closure))
#44 C:/Users/User/Downloads/wihsata final/wihsata-combined/wihsata-api/vendor/laravel/framework/src/Illuminate/Pipeline/Pipeline.php(127): Illuminate/Pipeline/Pipeline->Illuminate/Pipeline/{closure}(Object(Illuminate/Http/Request))
#45 C:/Users/User/Downloads/wihsata final/wihsata-combined/wihsata-api/vendor/laravel/framework/src/Illuminate/Foundation/Http/Kernel.php(176): Illuminate/Pipeline/Pipeline->then(Object(Closure))
#46 C:/Users/User/Downloads/wihsata final/wihsata-combined/wihsata-api/vendor/laravel/framework/src/Illuminate/Foundation/Http/Kernel.php(145): Illuminate/Foundation/Http/Kernel->sendRequestThroughRouter(Object(Illuminate/Http/Request))
#47 C:/Users/User/Downloads/wihsata final/wihsata-combined/wihsata-api/vendor/laravel/framework/src/Illuminate/Foundation/Application.php(1220): Illuminate/Foundation/Http/Kernel->handle(Object(Illuminate/Http/Request))
#48 C:/Users/User/Downloads/wihsata final/wihsata-combined/wihsata-api/public/index.php(17): Illuminate/Foundation/Application->handleRequest(Object(Illuminate/Http/Request))
#49 C:/Users/User/Downloads/wihsata final/wihsata-combined/wihsata-api/vendor/laravel/framework/src/Illuminate/Foundation/resources/server.php(23): require_once('C://Users//User//D...')
#50 {main}
"} 
[2026-08-19 04:25:20] local.ERROR: SQLSTATE[42P01]: Undefined table: 7 ERROR:  relation "users" does not exist
LINE 1: select * from "users" where "email" = $1 limit 1
                      ^ (Connection: pgsql, SQL: select * from "users" where "email" = nucaaeon@gmail.com limit 1) {"exception":"[object] (Illuminate\\Database\\QueryException(code: 42P01): SQLSTATE[42P01]: Undefined table: 7 ERROR:  relation \"users\" does not exist
LINE 1: select * from \"users\" where \"email\" = $1 limit 1
                      ^ (Connection: pgsql, SQL: select * from \"users\" where \"email\" = nucaaeon@gmail.com limit 1) at C:/Users/User/Downloads/wihsata final/wihsata-combined/wihsata-api/vendor/laravel/framework/src/Illuminate/Database/Connection.php:825)
[stacktrace]
#0 C:/Users/User/Downloads/wihsata final/wihsata-combined/wihsata-api/vendor/laravel/framework/src/Illuminate/Database/Connection.php(779): Illuminate/Database/Connection->runQueryCallback('select * from \"...', Array, Object(Closure))
#1 C:/Users/User/Downloads/wihsata final/wihsata-combined/wihsata-api/vendor/laravel/framework/src/Illuminate/Database/Connection.php(398): Illuminate/Database/Connection->run('select * from \"...', Array, Object(Closure))
#2 C:/Users/User/Downloads/wihsata final/wihsata-combined/wihsata-api/vendor/laravel/framework/src/Illuminate/Database/Query/Builder.php(3106): Illuminate/Database/Connection->select('select * from \"...', Array, true)
#3 C:/Users/User/Downloads/wihsata final/wihsata-combined/wihsata-api/vendor/laravel/framework/src/Illuminate/Database/Query/Builder.php(3091): Illuminate/Database/Query/Builder->runSelect()
#4 C:/Users/User/Downloads/wihsata final/wihsata-combined/wihsata-api/vendor/laravel/framework/src/Illuminate/Database/Query/Builder.php(3676): Illuminate/Database/Query/Builder->Illuminate/Database/Query/{closure}()
#5 C:/Users/User/Downloads/wihsata final/wihsata-combined/wihsata-api/vendor/laravel/framework/src/Illuminate/Database/Query/Builder.php(3090): Illuminate/Database/Query/Builder->onceWithColumns(Array, Object(Closure))
#6 C:/Users/User/Downloads/wihsata final/wihsata-combined/wihsata-api/vendor/laravel/framework/src/Illuminate/Database/Eloquent/Builder.php(811): Illuminate/Database/Query/Builder->get(Array)
#7 C:/Users/User/Downloads/wihsata final/wihsata-combined/wihsata-api/vendor/laravel/framework/src/Illuminate/Database/Eloquent/Builder.php(793): Illuminate/Database/Eloquent/Builder->getModels(Array)
#8 C:/Users/User/Downloads/wihsata final/wihsata-combined/wihsata-api/vendor/laravel/framework/src/Illuminate/Database/Concerns/BuildsQueries.php(343): Illuminate/Database/Eloquent/Builder->get(Array)
#9 C:/Users/User/Downloads/wihsata final/wihsata-combined/wihsata-api/app/Http/Controllers/Auth/LoginController.php(31): Illuminate/Database/Eloquent/Builder->first()
#10 C:/Users/User/Downloads/wihsata final/wihsata-combined/wihsata-api/vendor/laravel/framework/src/Illuminate/Routing/ControllerDispatcher.php(47): App/Http/Controllers/Auth/LoginController->__invoke(Object(App/Http/Requests/Auth/LoginRequest))
#11 C:/Users/User/Downloads/wihsata final/wihsata-combined/wihsata-api/vendor/laravel/framework/src/Illuminate/Routing/Route.php(266): Illuminate/Routing/ControllerDispatcher->dispatch(Object(Illuminate/Routing/Route), Object(App/Http/Controllers/Auth/LoginController), '__invoke')
#12 C:/Users/User/Downloads/wihsata final/wihsata-combined/wihsata-api/vendor/laravel/framework/src/Illuminate/Routing/Route.php(212): Illuminate/Routing/Route->runController()
#13 C:/Users/User/Downloads/wihsata final/wihsata-combined/wihsata-api/vendor/laravel/framework/src/Illuminate/Routing/Router.php(808): Illuminate/Routing/Route->run()
#14 C:/Users/User/Downloads/wihsata final/wihsata-combined/wihsata-api/vendor/laravel/framework/src/Illuminate/Pipeline/Pipeline.php(170): Illuminate/Routing/Router->Illuminate/Routing/{closure}(Object(Illuminate/Http/Request))
#15 C:/Users/User/Downloads/wihsata final/wihsata-combined/wihsata-api/vendor/laravel/framework/src/Illuminate/Routing/Middleware/SubstituteBindings.php(51): Illuminate/Pipeline/Pipeline->Illuminate/Pipeline/{closure}(Object(Illuminate/Http/Request))
#16 C:/Users/User/Downloads/wihsata final/wihsata-combined/wihsata-api/vendor/laravel/framework/src/Illuminate/Pipeline/Pipeline.php(209): Illuminate/Routing/Middleware/SubstituteBindings->handle(Object(Illuminate/Http/Request), Object(Closure))
#17 C:/Users/User/Downloads/wihsata final/wihsata-combined/wihsata-api/vendor/laravel/framework/src/Illuminate/Http/Middleware/HandleCors.php(62): Illuminate/Pipeline/Pipeline->Illuminate/Pipeline/{closure}(Object(Illuminate/Http/Request))
#18 C:/Users/User/Downloads/wihsata final/wihsata-combined/wihsata-api/vendor/laravel/framework/src/Illuminate/Pipeline/Pipeline.php(209): Illuminate/Http/Middleware/HandleCors->handle(Object(Illuminate/Http/Request), Object(Closure))
#19 C:/Users/User/Downloads/wihsata final/wihsata-combined/wihsata-api/vendor/laravel/framework/src/Illuminate/Pipeline/Pipeline.php(127): Illuminate/Pipeline/Pipeline->Illuminate/Pipeline/{closure}(Object(Illuminate/Http/Request))
#20 C:/Users/User/Downloads/wihsata final/wihsata-combined/wihsata-api/vendor/laravel/framework/src/Illuminate/Routing/Router.php(807): Illuminate/Pipeline/Pipeline->then(Object(Closure))
#21 C:/Users/User/Downloads/wihsata final/wihsata-combined/wihsata-api/vendor/laravel/framework/src/Illuminate/Routing/Router.php(786): Illuminate/Routing/Router->runRouteWithinStack(Object(Illuminate/Routing/Route), Object(Illuminate/Http/Request))
#22 C:/Users/User/Downloads/wihsata final/wihsata-combined/wihsata-api/vendor/laravel/framework/src/Illuminate/Routing/Router.php(750): Illuminate/Routing/Router->runRoute(Object(Illuminate/Http/Request), Object(Illuminate/Routing/Route))
#23 C:/Users/User/Downloads/wihsata final/wihsata-combined/wihsata-api/vendor/laravel/framework/src/Illuminate/Routing/Router.php(739): Illuminate/Routing/Router->dispatchToRoute(Object(Illuminate/Http/Request))
#24 C:/Users/User/Downloads/wihsata final/wihsata-combined/wihsata-api/vendor/laravel/framework/src/Illuminate/Foundation/Http/Kernel.php(201): Illuminate/Routing/Router->dispatch(Object(Illuminate/Http/Request))
#25 C:/Users/User/Downloads/wihsata final/wihsata-combined/wihsata-api/vendor/laravel/framework/src/Illuminate/Pipeline/Pipeline.php(170): Illuminate/Foundation/Http/Kernel->Illuminate/Foundation/Http/{closure}(Object(Illuminate/Http/Request))
#26 C:/Users/User/Downloads/wihsata final/wihsata-combined/wihsata-api/vendor/laravel/framework/src/Illuminate/Foundation/Http/Middleware/TransformsRequest.php(21): Illuminate/Pipeline/Pipeline->Illuminate/Pipeline/{closure}(Object(Illuminate/Http/Request))
#27 C:/Users/User/Downloads/wihsata final/wihsata-combined/wihsata-api/vendor/laravel/framework/src/Illuminate/Foundation/Http/Middleware/ConvertEmptyStringsToNull.php(31): Illuminate/Foundation/Http/Middleware/TransformsRequest->handle(Object(Illuminate/Http/Request), Object(Closure))
#28 C:/Users/User/Downloads/wihsata final/wihsata-combined/wihsata-api/vendor/laravel/framework/src/Illuminate/Pipeline/Pipeline.php(209): Illuminate/Foundation/Http/Middleware/ConvertEmptyStringsToNull->handle(Object(Illuminate/Http/Request), Object(Closure))
#29 C:/Users/User/Downloads/wihsata final/wihsata-combined/wihsata-api/vendor/laravel/framework/src/Illuminate/Foundation/Http/Middleware/TransformsRequest.php(21): Illuminate/Pipeline/Pipeline->Illuminate/Pipeline/{closure}(Object(Illuminate/Http/Request))
#30 C:/Users/User/Downloads/wihsata final/wihsata-combined/wihsata-api/vendor/laravel/framework/src/Illuminate/Foundation/Http/Middleware/TrimStrings.php(51): Illuminate/Foundation/Http/Middleware/TransformsRequest->handle(Object(Illuminate/Http/Request), Object(Closure))
#31 C:/Users/User/Downloads/wihsata final/wihsata-combined/wihsata-api/vendor/laravel/framework/src/Illuminate/Pipeline/Pipeline.php(209): Illuminate/Foundation/Http/Middleware/TrimStrings->handle(Object(Illuminate/Http/Request), Object(Closure))
#32 C:/Users/User/Downloads/wihsata final/wihsata-combined/wihsata-api/vendor/laravel/framework/src/Illuminate/Http/Middleware/ValidatePostSize.php(27): Illuminate/Pipeline/Pipeline->Illuminate/Pipeline/{closure}(Object(Illuminate/Http/Request))
#33 C:/Users/User/Downloads/wihsata final/wihsata-combined/wihsata-api/vendor/laravel/framework/src/Illuminate/Pipeline/Pipeline.php(209): Illuminate/Http/Middleware/ValidatePostSize->handle(Object(Illuminate/Http/Request), Object(Closure))
#34 C:/Users/User/Downloads/wihsata final/wihsata-combined/wihsata-api/vendor/laravel/framework/src/Illuminate/Foundation/Http/Middleware/PreventRequestsDuringMaintenance.php(110): Illuminate/Pipeline/Pipeline->Illuminate/Pipeline/{closure}(Object(Illuminate/Http/Request))
#35 C:/Users/User/Downloads/wihsata final/wihsata-combined/wihsata-api/vendor/laravel/framework/src/Illuminate/Pipeline/Pipeline.php(209): Illuminate/Foundation/Http/Middleware/PreventRequestsDuringMaintenance->handle(Object(Illuminate/Http/Request), Object(Closure))
#36 C:/Users/User/Downloads/wihsata final/wihsata-combined/wihsata-api/vendor/laravel/framework/src/Illuminate/Http/Middleware/HandleCors.php(62): Illuminate/Pipeline/Pipeline->Illuminate/Pipeline/{closure}(Object(Illuminate/Http/Request))
#37 C:/Users/User/Downloads/wihsata final/wihsata-combined/wihsata-api/vendor/laravel/framework/src/Illuminate/Pipeline/Pipeline.php(209): Illuminate/Http/Middleware/HandleCors->handle(Object(Illuminate/Http/Request), Object(Closure))
#38 C:/Users/User/Downloads/wihsata final/wihsata-combined/wihsata-api/vendor/laravel/framework/src/Illuminate/Http/Middleware/TrustProxies.php(58): Illuminate/Pipeline/Pipeline->Illuminate/Pipeline/{closure}(Object(Illuminate/Http/Request))
#39 C:/Users/User/Downloads/wihsata final/wihsata-combined/wihsata-api/vendor/laravel/framework/src/Illuminate/Pipeline/Pipeline.php(209): Illuminate/Http/Middleware/TrustProxies->handle(Object(Illuminate/Http/Request), Object(Closure))
#40 C:/Users/User/Downloads/wihsata final/wihsata-combined/wihsata-api/vendor/laravel/framework/src/Illuminate/Foundation/Http/Middleware/InvokeDeferredCallbacks.php(22): Illuminate/Pipeline/Pipeline->Illuminate/Pipeline/{closure}(Object(Illuminate/Http/Request))
#41 C:/Users/User/Downloads/wihsata final/wihsata-combined/wihsata-api/vendor/laravel/framework/src/Illuminate/Pipeline/Pipeline.php(209): Illuminate/Foundation/Http/Middleware/InvokeDeferredCallbacks->handle(Object(Illuminate/Http/Request), Object(Closure))
#42 C:/Users/User/Downloads/wihsata final/wihsata-combined/wihsata-api/vendor/laravel/framework/src/Illuminate/Pipeline/Pipeline.php(127): Illuminate/Pipeline/Pipeline->Illuminate/Pipeline/{closure}(Object(Illuminate/Http/Request))
#43 C:/Users/User/Downloads/wihsata final/wihsata-combined/wihsata-api/vendor/laravel/framework/src/Illuminate/Foundation/Http/Kernel.php(176): Illuminate/Pipeline/Pipeline->then(Object(Closure))
#44 C:/Users/User/Downloads/wihsata final/wihsata-combined/wihsata-api/vendor/laravel/framework/src/Illuminate/Foundation/Http/Kernel.php(145): Illuminate/Foundation/Http/Kernel->sendRequestThroughRouter(Object(Illuminate/Http/Request))
#45 C:/Users/User/Downloads/wihsata final/wihsata-combined/wihsata-api/vendor/laravel/framework/src/Illuminate/Foundation/Application.php(1220): Illuminate/Foundation/Http/Kernel->handle(Object(Illuminate/Http/Request))
#46 C:/Users/User/Downloads/wihsata final/wihsata-combined/wihsata-api/public/index.php(17): Illuminate/Foundation/Application->handleRequest(Object(Illuminate/Http/Request))
#47 C:/Users/User/Downloads/wihsata final/wihsata-combined/wihsata-api/vendor/laravel/framework/src/Illuminate/Foundation/resources/server.php(23): require_once('C://Users//User//D...')
#48 {main}

[previous exception] [object] (PDOException(code: 42P01): SQLSTATE[42P01]: Undefined table: 7 ERROR:  relation \"users\" does not exist
LINE 1: select * from \"users\" where \"email\" = $1 limit 1
                      ^ at C:/Users/User/Downloads/wihsata final/wihsata-combined/wihsata-api/vendor/laravel/framework/src/Illuminate/Database/Connection.php:412)
[stacktrace]
#0 C:/Users/User/Downloads/wihsata final/wihsata-combined/wihsata-api/vendor/laravel/framework/src/Illuminate/Database/Connection.php(412): PDOStatement->execute()
#1 C:/Users/User/Downloads/wihsata final/wihsata-combined/wihsata-api/vendor/laravel/framework/src/Illuminate/Database/Connection.php(812): Illuminate/Database/Connection->Illuminate/Database/{closure}('select * from \"...', Array)
#2 C:/Users/User/Downloads/wihsata final/wihsata-combined/wihsata-api/vendor/laravel/framework/src/Illuminate/Database/Connection.php(779): Illuminate/Database/Connection->runQueryCallback('select * from \"...', Array, Object(Closure))
#3 C:/Users/User/Downloads/wihsata final/wihsata-combined/wihsata-api/vendor/laravel/framework/src/Illuminate/Database/Connection.php(398): Illuminate/Database/Connection->run('select * from \"...', Array, Object(Closure))
#4 C:/Users/User/Downloads/wihsata final/wihsata-combined/wihsata-api/vendor/laravel/framework/src/Illuminate/Database/Query/Builder.php(3106): Illuminate/Database/Connection->select('select * from \"...', Array, true)
#5 C:/Users/User/Downloads/wihsata final/wihsata-combined/wihsata-api/vendor/laravel/framework/src/Illuminate/Database/Query/Builder.php(3091): Illuminate/Database/Query/Builder->runSelect()
#6 C:/Users/User/Downloads/wihsata final/wihsata-combined/wihsata-api/vendor/laravel/framework/src/Illuminate/Database/Query/Builder.php(3676): Illuminate/Database/Query/Builder->Illuminate/Database/Query/{closure}()
#7 C:/Users/User/Downloads/wihsata final/wihsata-combined/wihsata-api/vendor/laravel/framework/src/Illuminate/Database/Query/Builder.php(3090): Illuminate/Database/Query/Builder->onceWithColumns(Array, Object(Closure))
#8 C:/Users/User/Downloads/wihsata final/wihsata-combined/wihsata-api/vendor/laravel/framework/src/Illuminate/Database/Eloquent/Builder.php(811): Illuminate/Database/Query/Builder->get(Array)
#9 C:/Users/User/Downloads/wihsata final/wihsata-combined/wihsata-api/vendor/laravel/framework/src/Illuminate/Database/Eloquent/Builder.php(793): Illuminate/Database/Eloquent/Builder->getModels(Array)
#10 C:/Users/User/Downloads/wihsata final/wihsata-combined/wihsata-api/vendor/laravel/framework/src/Illuminate/Database/Concerns/BuildsQueries.php(343): Illuminate/Database/Eloquent/Builder->get(Array)
#11 C:/Users/User/Downloads/wihsata final/wihsata-combined/wihsata-api/app/Http/Controllers/Auth/LoginController.php(31): Illuminate/Database/Eloquent/Builder->first()
#12 C:/Users/User/Downloads/wihsata final/wihsata-combined/wihsata-api/vendor/laravel/framework/src/Illuminate/Routing/ControllerDispatcher.php(47): App/Http/Controllers/Auth/LoginController->__invoke(Object(App/Http/Requests/Auth/LoginRequest))
#13 C:/Users/User/Downloads/wihsata final/wihsata-combined/wihsata-api/vendor/laravel/framework/src/Illuminate/Routing/Route.php(266): Illuminate/Routing/ControllerDispatcher->dispatch(Object(Illuminate/Routing/Route), Object(App/Http/Controllers/Auth/LoginController), '__invoke')
#14 C:/Users/User/Downloads/wihsata final/wihsata-combined/wihsata-api/vendor/laravel/framework/src/Illuminate/Routing/Route.php(212): Illuminate/Routing/Route->runController()
#15 C:/Users/User/Downloads/wihsata final/wihsata-combined/wihsata-api/vendor/laravel/framework/src/Illuminate/Routing/Router.php(808): Illuminate/Routing/Route->run()
#16 C:/Users/User/Downloads/wihsata final/wihsata-combined/wihsata-api/vendor/laravel/framework/src/Illuminate/Pipeline/Pipeline.php(170): Illuminate/Routing/Router->Illuminate/Routing/{closure}(Object(Illuminate/Http/Request))
#17 C:/Users/User/Downloads/wihsata final/wihsata-combined/wihsata-api/vendor/laravel/framework/src/Illuminate/Routing/Middleware/SubstituteBindings.php(51): Illuminate/Pipeline/Pipeline->Illuminate/Pipeline/{closure}(Object(Illuminate/Http/Request))
#18 C:/Users/User/Downloads/wihsata final/wihsata-combined/wihsata-api/vendor/laravel/framework/src/Illuminate/Pipeline/Pipeline.php(209): Illuminate/Routing/Middleware/SubstituteBindings->handle(Object(Illuminate/Http/Request), Object(Closure))
#19 C:/Users/User/Downloads/wihsata final/wihsata-combined/wihsata-api/vendor/laravel/framework/src/Illuminate/Http/Middleware/HandleCors.php(62): Illuminate/Pipeline/Pipeline->Illuminate/Pipeline/{closure}(Object(Illuminate/Http/Request))
#20 C:/Users/User/Downloads/wihsata final/wihsata-combined/wihsata-api/vendor/laravel/framework/src/Illuminate/Pipeline/Pipeline.php(209): Illuminate/Http/Middleware/HandleCors->handle(Object(Illuminate/Http/Request), Object(Closure))
#21 C:/Users/User/Downloads/wihsata final/wihsata-combined/wihsata-api/vendor/laravel/framework/src/Illuminate/Pipeline/Pipeline.php(127): Illuminate/Pipeline/Pipeline->Illuminate/Pipeline/{closure}(Object(Illuminate/Http/Request))
#22 C:/Users/User/Downloads/wihsata final/wihsata-combined/wihsata-api/vendor/laravel/framework/src/Illuminate/Routing/Router.php(807): Illuminate/Pipeline/Pipeline->then(Object(Closure))
#23 C:/Users/User/Downloads/wihsata final/wihsata-combined/wihsata-api/vendor/laravel/framework/src/Illuminate/Routing/Router.php(786): Illuminate/Routing/Router->runRouteWithinStack(Object(Illuminate/Routing/Route), Object(Illuminate/Http/Request))
#24 C:/Users/User/Downloads/wihsata final/wihsata-combined/wihsata-api/vendor/laravel/framework/src/Illuminate/Routing/Router.php(750): Illuminate/Routing/Router->runRoute(Object(Illuminate/Http/Request), Object(Illuminate/Routing/Route))
#25 C:/Users/User/Downloads/wihsata final/wihsata-combined/wihsata-api/vendor/laravel/framework/src/Illuminate/Routing/Router.php(739): Illuminate/Routing/Router->dispatchToRoute(Object(Illuminate/Http/Request))
#26 C:/Users/User/Downloads/wihsata final/wihsata-combined/wihsata-api/vendor/laravel/framework/src/Illuminate/Foundation/Http/Kernel.php(201): Illuminate/Routing/Router->dispatch(Object(Illuminate/Http/Request))
#27 C:/Users/User/Downloads/wihsata final/wihsata-combined/wihsata-api/vendor/laravel/framework/src/Illuminate/Pipeline/Pipeline.php(170): Illuminate/Foundation/Http/Kernel->Illuminate/Foundation/Http/{closure}(Object(Illuminate/Http/Request))
#28 C:/Users/User/Downloads/wihsata final/wihsata-combined/wihsata-api/vendor/laravel/framework/src/Illuminate/Foundation/Http/Middleware/TransformsRequest.php(21): Illuminate/Pipeline/Pipeline->Illuminate/Pipeline/{closure}(Object(Illuminate/Http/Request))
#29 C:/Users/User/Downloads/wihsata final/wihsata-combined/wihsata-api/vendor/laravel/framework/src/Illuminate/Foundation/Http/Middleware/ConvertEmptyStringsToNull.php(31): Illuminate/Foundation/Http/Middleware/TransformsRequest->handle(Object(Illuminate/Http/Request), Object(Closure))
#30 C:/Users/User/Downloads/wihsata final/wihsata-combined/wihsata-api/vendor/laravel/framework/src/Illuminate/Pipeline/Pipeline.php(209): Illuminate/Foundation/Http/Middleware/ConvertEmptyStringsToNull->handle(Object(Illuminate/Http/Request), Object(Closure))
#31 C:/Users/User/Downloads/wihsata final/wihsata-combined/wihsata-api/vendor/laravel/framework/src/Illuminate/Foundation/Http/Middleware/TransformsRequest.php(21): Illuminate/Pipeline/Pipeline->Illuminate/Pipeline/{closure}(Object(Illuminate/Http/Request))
#32 C:/Users/User/Downloads/wihsata final/wihsata-combined/wihsata-api/vendor/laravel/framework/src/Illuminate/Foundation/Http/Middleware/TrimStrings.php(51): Illuminate/Foundation/Http/Middleware/TransformsRequest->handle(Object(Illuminate/Http/Request), Object(Closure))
#33 C:/Users/User/Downloads/wihsata final/wihsata-combined/wihsata-api/vendor/laravel/framework/src/Illuminate/Pipeline/Pipeline.php(209): Illuminate/Foundation/Http/Middleware/TrimStrings->handle(Object(Illuminate/Http/Request), Object(Closure))
#34 C:/Users/User/Downloads/wihsata final/wihsata-combined/wihsata-api/vendor/laravel/framework/src/Illuminate/Http/Middleware/ValidatePostSize.php(27): Illuminate/Pipeline/Pipeline->Illuminate/Pipeline/{closure}(Object(Illuminate/Http/Request))
#35 C:/Users/User/Downloads/wihsata final/wihsata-combined/wihsata-api/vendor/laravel/framework/src/Illuminate/Pipeline/Pipeline.php(209): Illuminate/Http/Middleware/ValidatePostSize->handle(Object(Illuminate/Http/Request), Object(Closure))
#36 C:/Users/User/Downloads/wihsata final/wihsata-combined/wihsata-api/vendor/laravel/framework/src/Illuminate/Foundation/Http/Middleware/PreventRequestsDuringMaintenance.php(110): Illuminate/Pipeline/Pipeline->Illuminate/Pipeline/{closure}(Object(Illuminate/Http/Request))
#37 C:/Users/User/Downloads/wihsata final/wihsata-combined/wihsata-api/vendor/laravel/framework/src/Illuminate/Pipeline/Pipeline.php(209): Illuminate/Foundation/Http/Middleware/PreventRequestsDuringMaintenance->handle(Object(Illuminate/Http/Request), Object(Closure))
#38 C:/Users/User/Downloads/wihsata final/wihsata-combined/wihsata-api/vendor/laravel/framework/src/Illuminate/Http/Middleware/HandleCors.php(62): Illuminate/Pipeline/Pipeline->Illuminate/Pipeline/{closure}(Object(Illuminate/Http/Request))
#39 C:/Users/User/Downloads/wihsata final/wihsata-combined/wihsata-api/vendor/laravel/framework/src/Illuminate/Pipeline/Pipeline.php(209): Illuminate/Http/Middleware/HandleCors->handle(Object(Illuminate/Http/Request), Object(Closure))
#40 C:/Users/User/Downloads/wihsata final/wihsata-combined/wihsata-api/vendor/laravel/framework/src/Illuminate/Http/Middleware/TrustProxies.php(58): Illuminate/Pipeline/Pipeline->Illuminate/Pipeline/{closure}(Object(Illuminate/Http/Request))
#41 C:/Users/User/Downloads/wihsata final/wihsata-combined/wihsata-api/vendor/laravel/framework/src/Illuminate/Pipeline/Pipeline.php(209): Illuminate/Http/Middleware/TrustProxies->handle(Object(Illuminate/Http/Request), Object(Closure))
#42 C:/Users/User/Downloads/wihsata final/wihsata-combined/wihsata-api/vendor/laravel/framework/src/Illuminate/Foundation/Http/Middleware/InvokeDeferredCallbacks.php(22): Illuminate/Pipeline/Pipeline->Illuminate/Pipeline/{closure}(Object(Illuminate/Http/Request))
#43 C:/Users/User/Downloads/wihsata final/wihsata-combined/wihsata-api/vendor/laravel/framework/src/Illuminate/Pipeline/Pipeline.php(209): Illuminate/Foundation/Http/Middleware/InvokeDeferredCallbacks->handle(Object(Illuminate/Http/Request), Object(Closure))
#44 C:/Users/User/Downloads/wihsata final/wihsata-combined/wihsata-api/vendor/laravel/framework/src/Illuminate/Pipeline/Pipeline.php(127): Illuminate/Pipeline/Pipeline->Illuminate/Pipeline/{closure}(Object(Illuminate/Http/Request))
#45 C:/Users/User/Downloads/wihsata final/wihsata-combined/wihsata-api/vendor/laravel/framework/src/Illuminate/Foundation/Http/Kernel.php(176): Illuminate/Pipeline/Pipeline->then(Object(Closure))
#46 C:/Users/User/Downloads/wihsata final/wihsata-combined/wihsata-api/vendor/laravel/framework/src/Illuminate/Foundation/Http/Kernel.php(145): Illuminate/Foundation/Http/Kernel->sendRequestThroughRouter(Object(Illuminate/Http/Request))
#47 C:/Users/User/Downloads/wihsata final/wihsata-combined/wihsata-api/vendor/laravel/framework/src/Illuminate/Foundation/Application.php(1220): Illuminate/Foundation/Http/Kernel->handle(Object(Illuminate/Http/Request))
#48 C:/Users/User/Downloads/wihsata final/wihsata-combined/wihsata-api/public/index.php(17): Illuminate/Foundation/Application->handleRequest(Object(Illuminate/Http/Request))
#49 C:/Users/User/Downloads/wihsata final/wihsata-combined/wihsata-api/vendor/laravel/framework/src/Illuminate/Foundation/resources/server.php(23): require_once('C://Users//User//D...')
#50 {main}
"} 
[2026-08-19 15:47:00] local.INFO: [AiPlanner] Geocode {"area":"Bontang","coords":{"latitude":0.1236548,"longitude":117.471708}} 
[2026-08-19 15:47:00] local.INFO: [AiPlanner] Kandidat ditemukan {"count":6} 
[2026-08-19 15:47:06] local.INFO: [AiPlanner] Cluster dipakai {"names":["Pelabuhan Bontang Kuala","Pulau Segajah","Pulau Beras Basah"]} 
[2026-08-19 20:50:28] local.ERROR: Out of memory (allocated 20971520 bytes) (tried to allocate 32768 bytes) {"exception":"[object] (Symfony\\Component\\ErrorHandler\\Error\\FatalError(code: 0): Out of memory (allocated 20971520 bytes) (tried to allocate 32768 bytes) at C:/Users/User/Downloads/wihsata final/wihsata-combined/wihsata-api/vendor/laravel/framework/src/Illuminate/View/Factory.php:1)
[stacktrace]
#0 {main}
"} 
[2026-08-19 20:51:50] local.ERROR: Out of memory (allocated 20971520 bytes) (tried to allocate 65536 bytes) {"exception":"[object] (Symfony\\Component\\ErrorHandler\\Error\\FatalError(code: 0): Out of memory (allocated 20971520 bytes) (tried to allocate 65536 bytes) at C:/Users/User/Downloads/wihsata final/wihsata-combined/wihsata-api/vendor/laravel/sanctum/src/HasApiTokens.php:60)
[stacktrace]
#0 {main}
"} 
